"source_id","parent_segment_id","decision","segment_id"
"694E40B2-099E-4108-9AE6-86D9109D1778","17d9199387bc8e424b13ecd291549f004faf1fabfa3bf9539833cce212b81f25","excluded","fa9aa32c71258c5782fa5dd0833a35d09fcf39522177eabb60ca0d8abc53aa3c"
"694E40B2-099E-4108-9AE6-86D9109D1778","17d9199387bc8e424b13ecd291549f004faf1fabfa3bf9539833cce212b81f25","retained","1d9dddb6b6898d725ce70a63a4fb4b8c37a967deb2c3a4650fbc83fbd9ccf67c"
"C7AB1B1B-F625-404C-8A4A-165C58AB269F","8538e79a84b17abe0ff52eb07a352a1cdea79b1fb27496195da0676fc42a2858","excluded","2bc6d9796e5f529b3c4af51386a4edb6a4c6aa14d075a531038819515f705422"
"C7AB1B1B-F625-404C-8A4A-165C58AB269F","8538e79a84b17abe0ff52eb07a352a1cdea79b1fb27496195da0676fc42a2858","retained","628f7db0bf47159a47ad0a3d16589818211d4b6a312b921b2797bbd0ba1a6cc1"
"04C96E0F-12FD-457D-9BF3-1D072E3C64A1","a760d5667c0e3b0199584961e9afa6229e3cfcc58375172d44bde4f2ae3072fd","excluded","01919bdc3584151b6fa8317d35fde6ad147939ea2d8edf44e9553b350099eb61"
"04C96E0F-12FD-457D-9BF3-1D072E3C64A1","a760d5667c0e3b0199584961e9afa6229e3cfcc58375172d44bde4f2ae3072fd","retained","a9f33102078f1fe0250ca428534f456b1c9c0607e13db0aee03f8e2f4db75fc6"
"786B6ABF-7A8E-4C37-AB48-6D84B6D23B85","bb500a825ea86f1a21840c9ad1f95f4fc7f18ca193b19a50202197e0a8c8aac8","retained","315352deea131ba4f1c8ea8cb2bc14277906b89adc86e36529b4f471b1897477"
"253772AD-CEF9-46D5-87E9-63885B9E3AF3","53940cf55c8eb0bbf7907d07f61554e993b87216203bbdf69cf43ca105ca2fd8","excluded","d3bc392a68f1ca7ae9ba256711736d46be4e69bb41e79ebec9e9c70bb40a9465"
"253772AD-CEF9-46D5-87E9-63885B9E3AF3","53940cf55c8eb0bbf7907d07f61554e993b87216203bbdf69cf43ca105ca2fd8","retained","e13845b0b4b7dceb5f211ef7cd3f8710ee6b582af80cfaf8c3b50011c1e1b9d3"
"86D652BE-5276-48A6-8ADC-4790D6CF04D7","e6d0391df982ffade23ab5f9f370c89bfd9eb708e7290f8d087db558646b3666","excluded","e620997e498a20c95f0cb24a7a1ad5b081aa5efa9a62b9d9cc67794073c1d6c7"
"86D652BE-5276-48A6-8ADC-4790D6CF04D7","e6d0391df982ffade23ab5f9f370c89bfd9eb708e7290f8d087db558646b3666","retained","43b5ac0e4b3d7d3a736d5ddf54f9e16bc3f5003d03b6b90ae39f79fabc2e51dd"
"E8DBD2CD-6496-4F13-BB3B-B95CDA8750E6","9db245d9d6afb694d5e2c11a2e578371e5f9047b507c0bd9bb2ef2e18dc450ce","excluded","dc3517a1f0ad25c3d2aa6e9c5add263f744a841ed0d036afb29f2d4c30ea0ff2"
"4D5D8706-4319-4345-858B-500A7DB77368","c443cca383547f8078e7d06af5cfe2f3d5ca642ef192fa89512b8ade73dbe01f","retained","91c806c8a47159ca8d9cec459c6f5d1f990d753d8b6723d4e4f644e3e8458a69"
"4D5D8706-4319-4345-858B-500A7DB77368","bae889de8947ae7642ae15ac05dda66890fd49d847296734ccddee7f877464e9","retained","901cb0f13d490e27591e9ab34e92f425716c6f2796df7d2a506bec4e2efdd296"
"4D5D8706-4319-4345-858B-500A7DB77368","bae889de8947ae7642ae15ac05dda66890fd49d847296734ccddee7f877464e9","excluded","86c2d3b488b689bbc5bf9161ecad3a88b19b4c702901f9901c24e1f10b4a338f"
"C3250BB8-CE97-4FD5-B8AA-186437D744D7","3f81e5b8f596f7305a9080a01fbe99f9dfc7a56e76aab158eba54aef7584c2db","retained","e359f74eeb1e288653305481b773531801ba863dcb1e56c88377b69df54b82d9"
"49B79C4E-30D9-49C9-8A5F-761C586D67BD","3812535b7528c00a270701aff791c489caebe09406fb081ca5624dc992740c10","retained","408ac1da2db05bb25aabf4ee3431979a82f1c1ec7ce22343c6a3128a92dfd67b"
"49B79C4E-30D9-49C9-8A5F-761C586D67BD","86812a303711c2584079883050545fb3dbb4f31f3059f321b13d6ee52fb2bd14","retained","183c31f5619a144bea14aa9170013bca6942d141892fb0da046a7127bd5c2bdf"
"AEC4744A-6185-4348-8197-A03CB7C2D3CC","9cbc4653ad4bd73f24c8f4eeab4026f0a4b8509366f5eabac7eb3ed625940e19","retained","80b3b4eafb3b776980d6ae54062eab2123dae2482d3e57fc6c2f487fc98f85fa"
"BD69F43C-6AA9-4B07-954B-5E8B0CAD56C4","1ba2e3bc9fca1606d6d7ece669ae97d233039850320ed0874a9e6fa8b1d600f7","excluded","e1a5fd9fbe66b4fa3c59463c2643f8219722ed7ff1c7fc51d74e1609204c734e"
"C593D6F8-005D-4CE3-93A1-81238B639A5D","10625afabbbd965380dc21f2e3fd25cf04ee941f7a88048ebf80b7dedb574a4f","excluded","d3998e204c9581a5ac13051380dc86c7aefec7721dd894d4c7f408daa1735ef7"
"949E188B-8C8D-45A7-A21C-6E04324F85B3","8f03f62d90455e2b2044c2069cafe73dfd6a74789c31586beed28c5e9020b5b6","excluded","166b45c01e0b04bd3307e070ec4245e4ea3393ab7aa22690ff3d0a07e5ba12b1"
"CEE7CC16-DA31-495D-8EC7-8307AF9200F2","09441e2ea227d9a97b7a99927a2eddf1b36e4f4290171765fcb1fbba0da022e2","excluded","d69fdd128526b16d9a4a3a3c4bb2836807b9d7cde2141588e63f00718446163d"
"7C0B6849-A033-402F-B1C4-EA256E2F9D96","eaba0d19889c710fae72708764e75699a8c22e03e856467c459fce77adfb3e46","excluded","8a2a2a813eaf871732e2f2b9599d7b7e3e5fb959b8d2d25ad925bd56a5e6ae28"
"7C0B6849-A033-402F-B1C4-EA256E2F9D96","eaba0d19889c710fae72708764e75699a8c22e03e856467c459fce77adfb3e46","retained","cc1f5943cfb1f22213519717baecf8706a58508264325d9bc07310a1285c195d"
"6C75076C-D288-4A17-A515-5BEF6D7246A7","a61abc4d8c20aac1efc879fb57c2f2fdeb8687565c15608be8fd9d8df3bff797","excluded","3b7d39ab5f16b6545f30520471dbc42b083e131584623221a995b5aa7577760a"
"2AE849D8-0CE3-4749-B341-E5816329D96C","fb5ec93ea76fce8d4526dc1501809ad55ba1ee0d68f89ec726fc380dfa205de2","excluded","4118b4a8aefa360bac0f67794bd89da183ebdee6c7833ab737a180a604b71764"
"2AE849D8-0CE3-4749-B341-E5816329D96C","fb5ec93ea76fce8d4526dc1501809ad55ba1ee0d68f89ec726fc380dfa205de2","retained","1479f56b924260cd0eac33d54d266b0de3828f3ef7e3fbc9bf7b8670a258a73b"
"ACA9F850-F447-4F77-B494-A7B327A15B99","a549b04b6eac42c7d701fc3db449c21dc1fb988b8018779895006686b5d91151","retained","e4eec3d5b772a1c5eae00ae0ebea0ba3303e4cddffcbf16318e530b00988759c"
"ACA9F850-F447-4F77-B494-A7B327A15B99","a549b04b6eac42c7d701fc3db449c21dc1fb988b8018779895006686b5d91151","excluded","b61a187b860475b63924dcfc93b9a82143ff268f892861e230a117a736a6ecf6"
"55E5F139-7154-4C38-8D72-7D14E36D843C","3cb91ac308283f3af05d1c992d41c26fe6c456667060247dcebf4143c00c7f07","excluded","65f6174825170040bbf97a404b2fec31e2da12fb3213ccaa4dfbcf232f4fdcc2"
"55E5F139-7154-4C38-8D72-7D14E36D843C","3cb91ac308283f3af05d1c992d41c26fe6c456667060247dcebf4143c00c7f07","retained","0348b5d69ecae686b68b098fd2e3566c8097e4a3fe1e02b403bea813775ae158"
"3B5A46EB-809A-48B1-AF6B-C83F2CEDAD07","bd0194aa468a6c61e823db3c8b56dccdd71c1cf3c0ea5cdf9f20017ff1450c90","excluded","cb2111f2aeddbad3e54b8ac266d2b02c7c5d1ea0d24c8c8a7c7c75e54db680a0"
"3B5A46EB-809A-48B1-AF6B-C83F2CEDAD07","bd0194aa468a6c61e823db3c8b56dccdd71c1cf3c0ea5cdf9f20017ff1450c90","retained","760db0e2d969f4dbf990f037d7c0d0aeeb2904a9b2a9fcca47654253f4070c0c"
"EE28859B-BC24-4D78-BA92-76AB832B6DFF","b4516d9c76ed4727038dd3aa7f8c51eba4b4b4211162ff5bcccff65ba72b81a0","retained","16cfa6df3ef46ad1efe26ba3eae00cde14ab7d0ecfd4f651f0225771bea13e6a"
"EE28859B-BC24-4D78-BA92-76AB832B6DFF","b4516d9c76ed4727038dd3aa7f8c51eba4b4b4211162ff5bcccff65ba72b81a0","excluded","18660ed5d549f34f34dc1e89554f838453f0ecf08e997e79cd89f4ee6ee11e73"
"66DEE839-B3BC-4444-9254-81780AAD6FDB","062a0aae0529115a7cfc4c202283dad4f6d6ae1f2c154e18cc38398a2a0fde5c","retained","26e1411580afaeb11db4d58bb2d4541f8212357c8568d013c321f92e46fa8768"
"471BE39D-A3CF-4717-81F4-EE5BC20DAEB9","0b896f1a57f811af785fe75477d42ee8c015f772ac56f42e593627221c11a458","retained","741b8577bd649fdedbd62072e4215384e0ce3dd506364abfa9d550f773114f56"
"6A6ED61D-3235-47A9-9D56-670D51F62499","8d6d0a5ce305ef97c37540c3b4ee12ddfe8463fed31903b22cce1f8dab098595","retained","2b8a21d53c7122787508fc48a1e16906b1da904c164b9db8f363f78c4f73086d"
"95ACFDF2-BEDB-4B99-B7B8-BC50DBD5C47A","7b2135e9f11cdd24fc28a3785f7612b8c825a9956214bdf517a818f8b110d749","retained","ec9b47919c4b564ac0a0cda5829c9d1b39da6e07697242d85b0bb7ed50d0319d"
"95ACFDF2-BEDB-4B99-B7B8-BC50DBD5C47A","7b2135e9f11cdd24fc28a3785f7612b8c825a9956214bdf517a818f8b110d749","unresolved","b3851f14a2366492fc44b3cdb979eb339e6d9a948f1224977bd6a000c9ad04d6"
"95ACFDF2-BEDB-4B99-B7B8-BC50DBD5C47A","7b2135e9f11cdd24fc28a3785f7612b8c825a9956214bdf517a818f8b110d749","excluded","c48908119ad61d3a01ae8c164f9b654b1c75235611c0774c386fcd1d21a447e6"
"95ACFDF2-BEDB-4B99-B7B8-BC50DBD5C47A","7b2135e9f11cdd24fc28a3785f7612b8c825a9956214bdf517a818f8b110d749","retained","de8c29e4b6c8312c8c25b37175032e326bcc6a1bd4651a31dc8a18a93fd757a8"
"E03C0663-B7F9-4C5F-8101-CAE206B8680B","64485a7cdd75c715e65b4c8b826f3be8aebd42e2190dda6e066ea57cc4d64d41","retained","bc81add8546a35a31ef6a99ae28a1a091fb67ac00b5f6c22178537b449eaa42a"
"E03C0663-B7F9-4C5F-8101-CAE206B8680B","64485a7cdd75c715e65b4c8b826f3be8aebd42e2190dda6e066ea57cc4d64d41","excluded","19707446cc3dc33f1f04067f076c5cc8f3441391ca58257c822fe7e1309d39b7"
"79707668-0B57-47C2-B69A-B614871F66DA","0652428e054768d64fd445aba475d76d5db56003bda1ca331d4431e7c61978d1","excluded","d4113f30b188940327ed88b9736871051b5ca82b4fe435731935e8e88a237a1d"
"79707668-0B57-47C2-B69A-B614871F66DA","0652428e054768d64fd445aba475d76d5db56003bda1ca331d4431e7c61978d1","retained","39023ca8a0755cf28ff44313eba183d94e7a116346f218ab729ed59451acafe9"
"A83ECA21-F4AE-45AA-B509-12BC2DAFC82F","36c3e43d13bce93ea65bf9ee525e0682179d5d9d86f78bc53c0b4c27b6052324","retained","08365bba828e96c3785396b93fcb60268ebcb586a1700c8e96efcb24469ff9f5"
"A83ECA21-F4AE-45AA-B509-12BC2DAFC82F","36c3e43d13bce93ea65bf9ee525e0682179d5d9d86f78bc53c0b4c27b6052324","excluded","9ecccc0b028023cae06fbb6d0e2169ad305ed1192667c8af28cd210a98dfaced"
"A83ECA21-F4AE-45AA-B509-12BC2DAFC82F","36c3e43d13bce93ea65bf9ee525e0682179d5d9d86f78bc53c0b4c27b6052324","retained","342bb44200b83d340ca796cfadc5d4bab3cc0735e0c7513ef921f91d675f18a4"
"A83ECA21-F4AE-45AA-B509-12BC2DAFC82F","0a01e4ee99c1c06dd71ba1a278273e71521c4bb1fa8b1bde9a657c8d16161274","retained","a58556d924d4c813f437cedc71b3caa92a68412be4df69b7b50840a8996be604"
"A83ECA21-F4AE-45AA-B509-12BC2DAFC82F","0a01e4ee99c1c06dd71ba1a278273e71521c4bb1fa8b1bde9a657c8d16161274","excluded","1e086c13451cb194a2145063fcfdefba0fe5cc89c4ec0c632f02abf19f3f022b"
"A83ECA21-F4AE-45AA-B509-12BC2DAFC82F","0a01e4ee99c1c06dd71ba1a278273e71521c4bb1fa8b1bde9a657c8d16161274","retained","4949a384d4db41e25a13c182ea7164ece13aaabca4b733837fe7f6322011998d"
"EB90A305-5CE9-4B57-8588-F6DB059F4F66","51ee1ff4a112ede347d46f5a35f792172ef8aba3c3ff0c5cee2565fbcce77cd4","retained","137ba663a602c9c9927a40d00ece2ed7a31b0145194a3c56c2332ce63d96f6e2"
"32EBDB63-4F8C-4EAC-8025-0828468FE404","f0ccc4de93d4d33dc51ab985a72dde4789892c4111e15e206b4fcdf944d71b39","excluded","513b6308cf3f17aea26f9abe94a78481a3fa1921a6df1521a9dfc227182c5059"
"32EBDB63-4F8C-4EAC-8025-0828468FE404","f0ccc4de93d4d33dc51ab985a72dde4789892c4111e15e206b4fcdf944d71b39","retained","eb3690dd696019e94cfbda8cd770daf67f73e89c717046a1cfab6c715036273f"
"32EBDB63-4F8C-4EAC-8025-0828468FE404","f0ccc4de93d4d33dc51ab985a72dde4789892c4111e15e206b4fcdf944d71b39","excluded","ce8dbd118b4597b6461eada44ded20ef3b1e53fbaa315ab320d41d3680176fe3"
"32EBDB63-4F8C-4EAC-8025-0828468FE404","f0ccc4de93d4d33dc51ab985a72dde4789892c4111e15e206b4fcdf944d71b39","retained","68d77d6f0ad362aaf0cd1350f0f5d2d50212c131445f7769245b6170d9537419"
"BB1AE88C-3072-4227-BBC8-11A83762CC58","96316944efdabbafedd8626b3e13367a87e84d252565fbef3f0565bd76c14fda","retained","2947a0929f5e98439dcff8606e3d2228786a3e870d82d5db11a9c0994db05f8a"
"7C59B641-36F8-44E9-9D82-889316525A93","08deaf6dfecb3346d6739f137feff7dbff5825fc5125daf225044e2e6c63895f","retained","5895578d6c102d33bfe24b49c3208db23a72faed892c0bb2a5fde4e52da31529"
"7BAD5061-9FE6-4DA5-B8EB-AB6FE9B0BE21","6a7b70a4dcced775c8f38756fe4f566f1c695ca7412e4df05b415fc890e31ab2","retained","959680232d4361b28007de7970e9bf8e219a86ca88444bfb1dc73ede785f862d"
"7BAD5061-9FE6-4DA5-B8EB-AB6FE9B0BE21","6a7b70a4dcced775c8f38756fe4f566f1c695ca7412e4df05b415fc890e31ab2","excluded","cd09b1e6f3b0886149223a3a1eab7bfbc1e940fe03b11a7bf563022c05d64367"
"492D95D8-619D-4AAA-9608-461C5025099D","c8d4200fa25d4d0b53b3fd5e9650e34f5adfd71a3bad7bcb14f0c26e06e2bd1a","retained","6e87e5f19db73ef91f5df95de366a779969ca6960f3b49810c41a946af8a12df"
"492D95D8-619D-4AAA-9608-461C5025099D","c8d4200fa25d4d0b53b3fd5e9650e34f5adfd71a3bad7bcb14f0c26e06e2bd1a","excluded","5b17450ac054631044d60da93fcfe92ecca4649d7d0bbf2f7a41b0857e0c77e8"
"6ADCF347-9C1B-4900-A2F0-D83871C41BA6","6ee76bffa58249566cae6dc10427e6e9b0d050ca201ad9d1d01144db9ff7c295","retained","b7ad660bb482e2c07037191102bd6ca87730aadbcf2ed1494b2f1e8f484316e5"
"6ADCF347-9C1B-4900-A2F0-D83871C41BA6","6ee76bffa58249566cae6dc10427e6e9b0d050ca201ad9d1d01144db9ff7c295","excluded","bef1c4ca9902d49a3c750017359db218bff07da0b1a1586d2009289fffe410d5"
"63E16424-13E3-4230-9791-4FAA6CD346EC","8668764b4c413f3c08348ac60ec3bc719f2167d360811656fc34f13c52e92043","excluded","12ccf800a38aed7a395a6ddee2e4bf04b05e949e292a555878e46f07902170ab"
"63E16424-13E3-4230-9791-4FAA6CD346EC","8668764b4c413f3c08348ac60ec3bc719f2167d360811656fc34f13c52e92043","retained","d3946d96eae8bccf9731ddec78864ce6b70f2a14d5d50f0c27003cd5669ec281"
"8469D4B1-2BB2-4A78-A747-A943A0F2ECC8","db7b3b70df6a9d2a78d3b49bc2e27b07e995e7fb5e1cb091f16e4875361f7ec3","retained","cf93798eaf4a9d8a145b0c0752369cd136fd2c56ff72238326447a305242143a"
"8469D4B1-2BB2-4A78-A747-A943A0F2ECC8","db7b3b70df6a9d2a78d3b49bc2e27b07e995e7fb5e1cb091f16e4875361f7ec3","excluded","cc142f2debcb03b8e83e530d800e01ab3fdf5842934702b3441b642f7f475dbf"
"4C700FCD-C57D-4F0A-BB01-731354B6FFE3","2917dab975ea7cd7dfc43a4d189ad3693bb0d4e1babd22f714e3585a8ad61937","excluded","d489ee5e837d387667a934997b2dc531628e25efd12bdea2dfae70f9ad852be3"
"4C700FCD-C57D-4F0A-BB01-731354B6FFE3","2917dab975ea7cd7dfc43a4d189ad3693bb0d4e1babd22f714e3585a8ad61937","retained","ec88425f4593b509599e824f23ca74c290dcbd5bfbf96e21b51b77378ddff134"
"DE3AF627-2886-4AE6-A8A2-77B1EF160710","d5c83b2250aedc77075ed950cac6acb2df12bcb3bd5485ab46b7578c8b433f64","retained","92f3b3a079bd9494eccf924388a3aa7d0b3d001d54e5189666c27db18b60bfa5"
"DE3AF627-2886-4AE6-A8A2-77B1EF160710","d5c83b2250aedc77075ed950cac6acb2df12bcb3bd5485ab46b7578c8b433f64","excluded","f34c33528e85d59b34b9c5beb458c6a9f99c795d40a9ca9d6d340f9431327c4f"
"832C42CB-36D9-4A7B-94FC-26DFFD65C16E","d77926fddd0933ebcef1d51b64a9143617276e8a6e890d931d3ad2820d73395a","retained","bf47025ef4930c32fe6df5404b918e0a309cb4e43093f545b4470f9920b09849"
"832C42CB-36D9-4A7B-94FC-26DFFD65C16E","d77926fddd0933ebcef1d51b64a9143617276e8a6e890d931d3ad2820d73395a","excluded","e5aabbc8c4fb6bc7a79c94aeb8424389538eb2bd034cfb9d47fb0ba88df9371b"
"BD002219-74D7-434C-B4E9-4A5C6EA9932D","3588d3cacd9fc5895ad329c5ba50c14ca39ba4de870b6590e8177b62cfe68670","retained","16d3c5b57c57b23cfb727df59d1728a10274b6592319fb7caceb8c85d2483542"
"C986DB54-A3BC-415F-8C12-35130C0CB574","2d64defe6dbfbe3c060b39aea2400dca466ff2869169110f8d8969237499382d","excluded","488c41de1f94616f119acc028ba7a39170e1c39a8d94e82f3d24d90cbc8bbed3"
"8FD3C4AD-5C68-491E-94F1-777B249A15B8","54e1b9441a21fb6ad6d92010fe37ed3cfc92d0a57d2d0f59d3974088e456b0e0","excluded","18e25170ff5207a0443ce30417bce9a6d304a5463d059285b88c22bf5d2a6773"
"3642AB87-B3C2-4D66-A79E-70A9B6B29E4F","f38ce9540d59c06729b707a44e906d39a5a3956db5a5da2b26d1393bcbee46d0","excluded","31d56f9f8db33674e423554e639d610e2dcd1f6a825faef5c535fad78fb1dfbe"
"3CDDD48A-D8E3-43E3-AACC-99A16C07E247","bd9fa03b0cf6d9d4923051b489967e0802dfdfef115a444002ed485a42cbefac","excluded","15cf37b657892e7aa6584df65fc7694f66bd1dc4b2700089e7e9dfc79c99b4b1"
"46C3219E-88D6-4BB2-9B28-143E54B8361D","42c10c9fa4827febd8d53e322bd581e528bf8e876c9efeea08b8ee60a3e35d55","retained","cc66fe5b2ac72e84d7fd0b3d423e9b35ac284d9737eb243092ef8802ba601507"
"46C3219E-88D6-4BB2-9B28-143E54B8361D","42c10c9fa4827febd8d53e322bd581e528bf8e876c9efeea08b8ee60a3e35d55","excluded","70095a6a2146b9265ab893ae252f6c3005e9f87cba18e5765f496a99736dce41"
"A096C47F-98AF-43D3-BB86-8992A8706E08","3e5d087ca6d5e5f90ad5fd134c1184bd5e8bbdeee20c455509a85320fce2b8c2","excluded","3c7a2b84b07a994386e7142d81c6920fad4caa0ecf412bb08a388f73b4bd4c36"
"A096C47F-98AF-43D3-BB86-8992A8706E08","3e5d087ca6d5e5f90ad5fd134c1184bd5e8bbdeee20c455509a85320fce2b8c2","retained","1570702d687b1e64489a841f0f71def18067ad31f01c92b70e0e0b127f446924"
"F9957E49-384C-473C-B42A-275F7DF15B89","19ef5f6d35f636a4c9f91858f34574241e4fc8d026a604af868c0073320dcc65","retained","389db52a41e4f9d68f4104ede6c270db478c1273682853a2fbd07fbacee651ea"
"F9957E49-384C-473C-B42A-275F7DF15B89","19ef5f6d35f636a4c9f91858f34574241e4fc8d026a604af868c0073320dcc65","unresolved","d5db113d57a7218fca56cf436773541ab1da101e2c7a3eaa21f2b676b31c5dac"
"F9957E49-384C-473C-B42A-275F7DF15B89","19ef5f6d35f636a4c9f91858f34574241e4fc8d026a604af868c0073320dcc65","retained","5b3b78615c55f6674d085f3a2b5c094b0a28efe83e3a76785bbe662260b17497"
"45ACFD25-ACDF-4A7A-B58A-36D67E2E0DC6","d8a587cacf9433b56974a70848207c23ebaa9d18dee5486faefa31db1e623362","retained","71129fa010afcf4276d8d1107e1527dd18435d030c0111d5d0739dd6bea29cd0"
"45ACFD25-ACDF-4A7A-B58A-36D67E2E0DC6","234c16351fea0238ee9cc536743cd51c5208ebbf3baa61c989eec8230607788f","retained","6ed4d4548ab79280af9bdef9835f6109b3492c25d8afd64ed1667d9f5ae546f3"
"45ACFD25-ACDF-4A7A-B58A-36D67E2E0DC6","234c16351fea0238ee9cc536743cd51c5208ebbf3baa61c989eec8230607788f","excluded","1f7391d7ee63119cea754f09684ebb6686e2852d1284f46fa140e3c2febc770e"
"5EA9141F-12E3-477F-8434-13EA7F6165CA","355e874a510bfc9e0f9644373ce8a47fd9c1a4366a16b864f1adb0dea375dff2","excluded","d3fb3fdd1b96952b1929c40e98538dc5bbcccc8ee36572ba9826a5a03e969c3c"
"B15023B5-C6E4-44EC-990B-2FD78E857BF7","03358206b937a817492eb1f262237207ace82685b9580a04f49f15e6c8268e42","retained","32e6187767ea12b7270412c65b4fc4c5d0e6686a428a6a9cb3e12f91434db030"
"B15023B5-C6E4-44EC-990B-2FD78E857BF7","03358206b937a817492eb1f262237207ace82685b9580a04f49f15e6c8268e42","excluded","2468e5e6967b21f7b930db8f8c7672a8100f54ec949c046c4eecc7b0d6929468"
"D21BA44C-188F-40BD-8CD5-A43E51B2A8F7","ef01f6bcf4e0886f8b85aad89f063fc7995e5999c81db53bdf8548df3a0d3ec6","excluded","4afecba92085a40ed5c339c25d304c3d85253febd06df557886c022464792050"
"D21BA44C-188F-40BD-8CD5-A43E51B2A8F7","ef01f6bcf4e0886f8b85aad89f063fc7995e5999c81db53bdf8548df3a0d3ec6","retained","e615470413670d9f2f70568354ec1535a2fa8a8f88f5b7853cbf986aaaae3f7c"
"7E474D15-149C-4086-BE9C-360927B44883","ee24f0f7749ee97a1ee0f3108a3953669fcda62b462a9ccd14b8d5dd637a6052","retained","5a7afc75e4dbe09c41a849df13169c17f0ada40cc520cacebe71b9ef889a2182"
"7F50B9D9-A6E0-4A50-A783-36F163C63CF3","cdeabbc7e1f793aad6035499aa704cd3c9bacbcef3f6643f92a9ee0554d85e4b","excluded","7518d611424ff519ff3e84ac9951687fdfa1241a127d1de82681f351afbbcdd0"
"7F50B9D9-A6E0-4A50-A783-36F163C63CF3","11f45c695edf483a188c79385688502f40e4877f9e9c10d441519fb5cbb8ccf8","excluded","5637e3ce07b1a7d31cdb88b26a08ec8f9becb2c4b66c40c85f4ffeac9c8de8e7"
"7F50B9D9-A6E0-4A50-A783-36F163C63CF3","11f45c695edf483a188c79385688502f40e4877f9e9c10d441519fb5cbb8ccf8","retained","81190b551f42c03624e0af657bb2943f2d3da9115ec056c3dfb59d50111d0dd2"
"F4927048-5F3E-44DC-9023-3581769C5947","54e3f6acfeb27eb9ec211f132fa86ae7406d35216ec448b7294712de251871cb","excluded","2548f3256cf328aae8f071d2259834a8fb90272e74441a3d54993baa0539d602"
"F4927048-5F3E-44DC-9023-3581769C5947","54e3f6acfeb27eb9ec211f132fa86ae7406d35216ec448b7294712de251871cb","retained","5e33b33c1c773c0bb282d67a97a922a2247bf1bca93727eef2e1387e3c11fd31"
"7AE8B113-AFA5-4A91-A820-A269AF6D074A","5f325d68994b1b465a2106f78cc56392afbeed68d8393b1efccd719c8dbf7ca7","excluded","08c2e316d26153a06c1ec680e5822b45edc67105f7828c7edf900f7e1025a591"
"E3F3C56A-0302-4E43-B03E-9AE3B235B20D","e4f9c588f0ae45d1e14aaa7ebe7ad7d91ef6bf12e54402b00d3cbfb02d01cabb","excluded","fa7e29f38815a8275fc621998ed34756a385cdcd3575ccc3502c08962edf6314"
"E3F3C56A-0302-4E43-B03E-9AE3B235B20D","e4f9c588f0ae45d1e14aaa7ebe7ad7d91ef6bf12e54402b00d3cbfb02d01cabb","retained","52d955539e8fa24f6e4da6d5cd1057d89eeee06f349940d3c627ded71f746606"
"B501F546-EECA-48B7-9C6F-38C538795B08","26337ee0232574069e9625037a7da6d6fdab3806ccec6fc1d052bb511f7d4cba","retained","2460357622894d5be419939bfa05c5d6862cded555a73cc0ec8214c338a3b8d4"
"B501F546-EECA-48B7-9C6F-38C538795B08","26337ee0232574069e9625037a7da6d6fdab3806ccec6fc1d052bb511f7d4cba","excluded","826283da5eec67b2218fe527035ef443879c502d9a1726677bc52fdfdcacac0b"
"D356AE8F-70CA-42CD-AF62-32FBE56519F6","a885e67a87996bb029d2d4cb2f6e127d63d8a3ab604a531cb5733f0fa95c7b90","retained","3211dc56c17f6a6bda450b1f43aff508374aa4ff62e559220690a7719d02d6fc"
"D356AE8F-70CA-42CD-AF62-32FBE56519F6","a885e67a87996bb029d2d4cb2f6e127d63d8a3ab604a531cb5733f0fa95c7b90","excluded","cde7b0add680248079b016a59ddc127f7a85b061650b08a87dd99c772976cc7d"
"A57C954A-9B5F-45AF-BEED-118BBC7B76C9","3758c7f4f41f9c576aebb708f707f3d088b92b82624c18cf8d2735adef064c20","excluded","6e261bd0eabe6400c4957c80c243153e3670840ffd1f7e5347dad4d05d1715be"
"CABC6773-3C7C-44C9-875D-71386BAD966D","56bdcef228997de9663ee7c016dd3856f2166fa37e34a3295a9180dd657115fb","excluded","a6d86eaea33c3ba115cae06d492f4718f6feab3f5532ceacfe89915537e0e1e4"
"CABC6773-3C7C-44C9-875D-71386BAD966D","56bdcef228997de9663ee7c016dd3856f2166fa37e34a3295a9180dd657115fb","retained","d30d55eb351cefc625119ff622b28d98e3f47a525ce3b6492bd30a8ef03a9307"
"7BA9594D-1066-421C-8C66-BF36F32266C7","5ed3ba13493b25a99d79a2c748445523313e546e7881d12fa95caf098e2ab033","retained","d3fffcaa18f290cad7ada027240ccd298842ca8b1ec7d97a6ff9a65734a48127"
"28C0450B-FCD3-4150-99CF-0D9D8AEA04A9","9edb4ab8946afb14972e53eb80673f18cc33c538352e76dbc2ff220e12822484","retained","3a4eea280958f08abc22f657ec31b03763edd4a8ce5184e9b22f559cf0807e85"
"13AD07D9-B22A-4B87-9FA5-BDDCBFA4FB97","dd4596ca34d6bcfdd66691cfd78579c7dde72063ba7172a2323465d48a91b797","retained","7f089509d4f86921febbbb63f2ed847ea690c406a5278c8e4f65f3fc358fa704"
"13AD07D9-B22A-4B87-9FA5-BDDCBFA4FB97","dd4596ca34d6bcfdd66691cfd78579c7dde72063ba7172a2323465d48a91b797","excluded","c3c6d06ec7a1bcc42ceac33ad1e0ce6d4afc129787de625f3e71838fb4096a5c"
"7403F149-026C-4D21-AD8E-458FA13DB732","0d0ec422e3c3140ef80f777f420e4fd0b72d1b834b6b6b30f13dae5e46e56073","retained","c1ab30dd30186124e3a4a2a6be271408bff527074a441aba19f23e6a6a6bedae"
"7403F149-026C-4D21-AD8E-458FA13DB732","0d0ec422e3c3140ef80f777f420e4fd0b72d1b834b6b6b30f13dae5e46e56073","excluded","f6295bb536f4e027703c45838340b65ea35d4ec6f6cd0bc3d1a93420be63d1b7"
"ECD803DB-C6B0-4C7E-B11B-6EC26A23AD7B","c07fc48ab792783a748d8b47f596a999c8ccc01cf7956247818bbf67e901e0a1","excluded","c9af001fee109f765f09367ca5dc0e462640351e2d80d42245e9f41e8dfac631"
"C27A1B28-33E0-478B-9807-F1F76322C525","6e4d181fe0377328b5c00580e021ba31e8a48c7fde9270cd31e479c3f09ff9a1","excluded","188bf984220cf74a444c1cd6ea5c172e7d564e7a313353d6e84a021fb191d521"
"7DDBC1BA-9E63-4151-8E47-72828B142627","6d84774fa02641975936bccf1c5babded38ae56ec3259baccb0608fc88c61ee2","excluded","a293889cdc5b18e0f5aabbef149e1ad2595ff67c9eaa75a800e4b5bac9d24a38"
"9003A4EA-35DA-46C6-94DA-122B170F1F24","d37d390d2be20cabaf1093349b3c091de8ade4371cc2294dddaf7feb2a1d36e2","excluded","bc67ea9134ac822aa7a7d61f0ec8a9e562f559ffdaf2524fa6ce97a51d25d42b"
"7245E171-A15E-470D-9326-357A7B1496CB","b8b2bf3db3d99f78721aaa6f6722881c7283f7eee9c6f5998c287dd056bc4c44","unresolved","6491428d8d5e111af08c79e1dca7e8c46ba37255b1f67b49b10986c66e2e587d"
"7245E171-A15E-470D-9326-357A7B1496CB","b8b2bf3db3d99f78721aaa6f6722881c7283f7eee9c6f5998c287dd056bc4c44","retained","a76e4a74570724acad29995b81e06b1ac915510c6f604dbcc2ad7640b9b3e9cc"
"7245E171-A15E-470D-9326-357A7B1496CB","b815bee83b5c0a3a3b62138579765c1a1983a0471eec988d0cdbb9d903333fa0","retained","621e203ae51f3eb5eebe38fd87e7a146011f5a0e092b8121b8fae2343dbe34ff"
"7245E171-A15E-470D-9326-357A7B1496CB","b815bee83b5c0a3a3b62138579765c1a1983a0471eec988d0cdbb9d903333fa0","unresolved","eb87fdbbce52f8ad3fc41ab3930f6cfc62fc7a5f200dc5907433b358be0c4391"
"9345473A-D488-4542-8439-ABD89E2377DC","7f1334710ff2da1e748e5fa513b8c3cb0fadbc210bed1111500ff2071c91f82c","excluded","605b194434f2ad8b390447903f45ef90d4984d0f639ee24543eb6b8065481e55"
"9345473A-D488-4542-8439-ABD89E2377DC","7f1334710ff2da1e748e5fa513b8c3cb0fadbc210bed1111500ff2071c91f82c","retained","ff4b93224e8bc443ebd37bd4fe4aa3a23f13fa1904767f8d7276f2cc0405c28c"
"FDCE625B-FA01-4786-BA12-ECD24D40190E","5a387fef6270120f81fc292e418a983e23093c004621aca2dbdca9befaed237f","excluded","882ce18f56a1d6be976db05e5284288632e00bb5a6b7e1cb30f83c0e18623f2a"
"FDCE625B-FA01-4786-BA12-ECD24D40190E","5a387fef6270120f81fc292e418a983e23093c004621aca2dbdca9befaed237f","unresolved","c730cbdeb9967352595db239a39dfbe6531862d5520a809e1ac8ad76eb1b8e63"
"FDCE625B-FA01-4786-BA12-ECD24D40190E","5a387fef6270120f81fc292e418a983e23093c004621aca2dbdca9befaed237f","excluded","0e32da46bf0c336a8f44e149c99d319c152ad6c56c04c45f9b3fb8f9080cda77"
"54C27968-419B-4CC2-876F-EB03A9972F80","772a22a95c8bd0b4b73164a42d9e9d7e4e456bdaee622b33b5744b1bb74a59ef","excluded","7947896f1315e38532a1656edd2fb9e410cc2948893b16d3e87217878567a48a"
"0DA89945-F772-4161-A457-7E69BE4098AA","729c6160539f016d41fd866dfa392b8526664e398be8a85bc6991341172f98b2","excluded","d2059a583545039fde8685a46260c63ab095564e198e8db6082e97dc9b7cad1e"
"0DA89945-F772-4161-A457-7E69BE4098AA","729c6160539f016d41fd866dfa392b8526664e398be8a85bc6991341172f98b2","unresolved","b8483e1f5c72404cd0b8f198972d6a96eb0c2661ae1b336d8acabb52edf0e8eb"
"0DA89945-F772-4161-A457-7E69BE4098AA","729c6160539f016d41fd866dfa392b8526664e398be8a85bc6991341172f98b2","excluded","d28b23a781ff85184cf7088389eeada7afdad84ea774db6af8c6f5d14b034c0a"
"47B795E6-540D-4233-A5C6-3EC35475BF52","17e7d4f369760fb65c2914939fff0e2b372a32c6eedc30dec2c0936c2ceebfc3","excluded","a96bb36b9aac4f5230ea0cf84a743d8ec2360bb8a7b0c154485f4c643d07672e"
"08A5BFDE-BBE0-4F02-9487-D4295033709B","4adc2c540f835d08ad584a6e56c360c0ba8a46bd78b17f0dc26de0a2cce7dfd9","excluded","59b704c6d59f2e9a923a7f95763226b78e4e369c76525e19c16d000a0fb12ee5"
"08A5BFDE-BBE0-4F02-9487-D4295033709B","4adc2c540f835d08ad584a6e56c360c0ba8a46bd78b17f0dc26de0a2cce7dfd9","retained","e3f0c9ffe8ab2bd14956efdb5b98f1c096a496a803114490eff7e7d03a7335de"
"3A159430-A8CF-4F01-AA88-A48D6FD5C5EB","b6187e3a58b1e7f4f0b39a0469b94e244450de790ed4cef9bdcb733ca98b8890","retained","289c16fe9cf1ba667f46b53f030197ef8ab67a4b1f5d741f4ae55c6eac25f526"
"3A159430-A8CF-4F01-AA88-A48D6FD5C5EB","b6187e3a58b1e7f4f0b39a0469b94e244450de790ed4cef9bdcb733ca98b8890","excluded","535bbfb94fa10d80d43a4ed63cabb569489d89658963d16834ebbfb25b1e7948"
"E044350C-3E21-40C7-A3CE-3F7DE2C738F2","453d8dbbe155832d1fd07f0b609254243a719eb29ec5ee2b333d09be087f75f3","excluded","c7e8a3821b255a39c70d5c64e0472bbb0a0ebd252d71fdc9f976d7720d31137c"
"3D75B9A6-DA18-4EC0-99F0-CABFC502965E","7ddd5b0c476540ef23ef5702551c772d2869acef04e4ad32ecf61b444d429ed6","retained","5c455ac576c6052d59b1ddcd217ab6c7df47e8dc5f0750c5c15f6c5f2592bfaf"
"3D75B9A6-DA18-4EC0-99F0-CABFC502965E","7ddd5b0c476540ef23ef5702551c772d2869acef04e4ad32ecf61b444d429ed6","excluded","880752b5320cdfc527ff9ee0ba14af6d0c8b28be3e4f27287ecd3784caebfc01"
"778647B3-D007-4341-9B86-A6F2047D7292","4fba0050ab64b75bf4f6defcfac79b37207903ef3a57b11b54a2921b55413df9","excluded","30cf9928e774a03c2c8fac5335d95f533046b3b04d69702d27ad4ff21b5501aa"
"D929964F-ECD9-42C4-A581-5F05F8A90A56","5cfe3f6c73d5998539d052fd6737edc0a36570470e06305f1c905d79410ffcb5","retained","b783287fb33cf93d0204edb00c177cbf6711bcaa93d8be300336ff101920bd4c"
"D929964F-ECD9-42C4-A581-5F05F8A90A56","5cfe3f6c73d5998539d052fd6737edc0a36570470e06305f1c905d79410ffcb5","excluded","6468ade8932f2f67705c86212d1bb71fc88c17b6ceacabcfafefa05131088118"
"D26E417E-28BB-41F0-A8A8-536EC4AA0C0C","5a98c5eee713a567fa2aee4627cc32e0ab5a402d8b90072e8a120c26adc83d06","retained","e4e35a8a0838241cdf862da45df419b60e39300fa28a5d3b74975e300a5b6e7c"
"D26E417E-28BB-41F0-A8A8-536EC4AA0C0C","5a98c5eee713a567fa2aee4627cc32e0ab5a402d8b90072e8a120c26adc83d06","excluded","f7192014e09b0eb1ec55c1e140257832614d708ed83c60195946e665d3b6f72d"
"3A8EFF40-6FD7-401B-8988-EBA708FE90B0","606402f894e2c8945fcd176d7d8483b63162e0930b5d374dc930f559896b49fa","excluded","e31d831743bcaa87ac72693b506309e2a9b172f244d97d97341c196544cedb74"
"3A8EFF40-6FD7-401B-8988-EBA708FE90B0","9b63d8f8a440a1722d517d694f17514edaf58a89d7ee69d0b0ebf0b2d09968d3","excluded","9e43ead4194ac0bff4d33cfcb26c665bad4fd3abb8692b6b5ab0c62b28796c5c"
"A0501A75-6212-4438-877F-3B1CADB117D1","a0de0556c6c480f38d31da80cfc93253161658b054685d65e8cdc38a8be053d0","excluded","ac75e74d6ea4d2b4fd840a52b3dbdd9767b905e62730a519b76bbaff3195d501"
"A0501A75-6212-4438-877F-3B1CADB117D1","a0de0556c6c480f38d31da80cfc93253161658b054685d65e8cdc38a8be053d0","retained","eb1d47d0967c8f2a589bb471816cf8d9d0aa83cecc09d64bb3fa09ed1071f5d1"
"E2FF47BB-DF67-4543-B055-AAF1B81C8DEF","00bf277a9e9579d323e1637a573e6cf9ab3b2721b2c36bb63c08751267f30338","retained","ac75e6a39f08b4ee58c3014f67f9cf2fd649fc0f15f19d42166009a4c9f76b5d"
"E2FF47BB-DF67-4543-B055-AAF1B81C8DEF","00bf277a9e9579d323e1637a573e6cf9ab3b2721b2c36bb63c08751267f30338","excluded","627bf8fbaaab202c6d76ab78397392659fcdd31faa3b0a482cbc9e187d690632"
"8A5E97F6-5EE3-4B2C-AF29-1FDA639882B1","42d6f64bc4d3ae80177fbe4013101dd14c01b0d2bdb6a1c98c98b91ad4c5bd8d","retained","1367e0f8a12299bf935b2bdd784fd46cf4e073d912a28f9f6d824709194a0eb7"
"8A5E97F6-5EE3-4B2C-AF29-1FDA639882B1","42d6f64bc4d3ae80177fbe4013101dd14c01b0d2bdb6a1c98c98b91ad4c5bd8d","excluded","c7cae19327a6e514740784efc55ff96c46718a40ff3bacaf8b0e59e92e5f82a0"
"8A5E97F6-5EE3-4B2C-AF29-1FDA639882B1","675d676abba3a2456c7152d22e674385c11dac821bcabf0246d64a2a03cab238","excluded","dcdbd7df3338f0916314258ff76c68715b8a0f8843822fac89a9cd9fab6972fa"
"8A5E97F6-5EE3-4B2C-AF29-1FDA639882B1","675d676abba3a2456c7152d22e674385c11dac821bcabf0246d64a2a03cab238","retained","a9a8adcf37708df61e0c0cb6b3126b5de293bd60eef34608645cf79b902b5fb2"
"8A5E97F6-5EE3-4B2C-AF29-1FDA639882B1","c02f058093935ecc086340c268b20ea344cd7474d37dc7162cb2cf4dc5be672c","retained","90015bb3fa2345f01d8e2acc45cc983204575acfee32a750e2b8d38cc7c58bd2"
"8A5E97F6-5EE3-4B2C-AF29-1FDA639882B1","c02f058093935ecc086340c268b20ea344cd7474d37dc7162cb2cf4dc5be672c","excluded","ec5567d73b946bc0ab38702cfbfbbc060677047172ef2b3c07f8b92f3881f792"
"8A5E97F6-5EE3-4B2C-AF29-1FDA639882B1","ac9db193c6c4555f90a4454718f3d0e941b9c21b4854d26256bb80600e0e4a2e","excluded","064c2cead8c32131ab5e45f3527d5281a11326d49135547db677456597b177e5"
"8A5E97F6-5EE3-4B2C-AF29-1FDA639882B1","7de9b37f56ef74800aa9682baa0d1af626a515deee0c7ff8c5684f5f6d6e97f1","excluded","38209480bcdbe1e54ab6c8479922fab04c1d62a16163b73d0b78c625f13d9096"
"8A5E97F6-5EE3-4B2C-AF29-1FDA639882B1","7de9b37f56ef74800aa9682baa0d1af626a515deee0c7ff8c5684f5f6d6e97f1","retained","8489205d1694889b8ca677d88fff7be787dfea36196e037204ff610d264e4c02"
"8A5E97F6-5EE3-4B2C-AF29-1FDA639882B1","7de9b37f56ef74800aa9682baa0d1af626a515deee0c7ff8c5684f5f6d6e97f1","excluded","68c00ef6fcda21138a70b2915b5d30e97a245352e64564f73cc8f9d29f6cd3e7"
"8A5E97F6-5EE3-4B2C-AF29-1FDA639882B1","7de9b37f56ef74800aa9682baa0d1af626a515deee0c7ff8c5684f5f6d6e97f1","retained","5bfad04287cfe8dbeb7471ab7184f3cef0a4e72b960f094a520c0a485d5ccd0f"
"8A5E97F6-5EE3-4B2C-AF29-1FDA639882B1","7de9b37f56ef74800aa9682baa0d1af626a515deee0c7ff8c5684f5f6d6e97f1","excluded","5b094e575a786d23a6d9cee8085b2f6823614a679408aa2a0f665b9f73f18974"
"8A5E97F6-5EE3-4B2C-AF29-1FDA639882B1","5f13768d9e28e1d4bb18e1854e6961c14566965dcf054e5bcc50e34be3cecf25","excluded","9e2da8a81cc4f9e50744efefd46953bce2392f31e2164f7cde152ef18988d7da"
"8A5E97F6-5EE3-4B2C-AF29-1FDA639882B1","d151b0ba2d8443442ae878e38dbba4dd2a507ea5ba3ea1866caf7f3fcdbf5597","excluded","d31592a9f52ffc7fdd6caff7e1f7734a52b93cd6ac98b202f146935b781b0287"
"8A5E97F6-5EE3-4B2C-AF29-1FDA639882B1","2eab9aa93384950cc73a81ec5d74dcaa64f36a2de27f4b0b92c84fc4ae68fef7","excluded","7d8b459b4682f436d6145f5114f4e03815ba6230aabb1763d3b29938b603dac7"
"8A5E97F6-5EE3-4B2C-AF29-1FDA639882B1","a6cbd3af81510368f7fe145c586ab79fe9151eeb0bd71a1662b527861516f67b","excluded","33abc2b9a3d87d7cb45d5883e4ca5c0377e3f8da804db387912d82b1d38680ce"
"8A5E97F6-5EE3-4B2C-AF29-1FDA639882B1","ec665aba14146af43a9e0b12cadf22c18b236120da126c38dc1da3e03a27816c","excluded","f976e738828c445908fe7c1f54eb289afffd7c7de809ff9ae244e9665cd681d7"
"8A5E97F6-5EE3-4B2C-AF29-1FDA639882B1","35f48ed307c23edc8a04b6fa01a636e9c2b8a298640608d217faf22b9069fbae","excluded","59dede6760eac26e5d6fcb1c1cf857d4b3c3769b16d5a5d0d9fc52c5d8ccf7a8"
"8A5E97F6-5EE3-4B2C-AF29-1FDA639882B1","f13e4895003ed968e4385cf782ebf84b144489dfa98fb8f92515a2719129ef4a","excluded","96ef3e78ecab619fcf12d834e82e022947f4404214cab6ccb11711570d9f88e3"
"45C3BB5C-F7A8-4D98-B99D-6E9CF2FDD42A","20e550de9e45e46ee122cdd3b129a40b2a3d03504d896f777d9504eaee6c9052","excluded","380941cbbba59363fee6afe0e9a429fbcabd502b7aff5fa0fd06ed03f6f429e2"
"45C3BB5C-F7A8-4D98-B99D-6E9CF2FDD42A","c6fc0b3392f9cd5b39d0b9d2ceba1a776c417dd72460afdad109dfb72000c758","excluded","5ef7ae3932ea91dbd617201e5f647fde4361e776fd887160f1fa80c0d0e90664"
"663781E8-1202-484A-A8E8-A0095500362C","820f147d4b6d488493bfe33925ef56c9092171cab2b06064bf557c4589cae43c","excluded","2cebb906fb7bbfdcde9bd1ee639b2c0940452bc2df9f1bef21055945691d0444"
"B2E35F18-A351-4A22-AC71-DA6C1F585AC3","90a1812fd5ca05bc1362c1194008d05ee20d1683489851ca81958287c33e9cc3","retained","5469949e097f0b1cee08df23f681898d91588dbfd9e447cd085c77576fe45acf"
"B2E35F18-A351-4A22-AC71-DA6C1F585AC3","90a1812fd5ca05bc1362c1194008d05ee20d1683489851ca81958287c33e9cc3","excluded","d8939cff9fbe0abd6741aa8b111286e8433609edadaff0bfd5e3a52a53a858ec"
"8567D753-7F8B-488F-B274-4221FDCF392B","708f0ad9bcb2b3a44f4d4fa497483096f24e1a0015aaef6431216cc4f44e15a4","excluded","7b7d86885e69067f1f2fb0e735a7d0f59bc54bbc2116911e1a96f17c51dffd92"
"76C567EF-0850-4896-8DEC-A2A188E36F85","fcd417b82dccf553282f46694ed4890a7e4ab0a193f87af43e8ee6e7d550d201","retained","2790cc0486a27ec1426de7868e75a058a26fbfff769e929c669eac2d44dc81e1"
"76C567EF-0850-4896-8DEC-A2A188E36F85","fcd417b82dccf553282f46694ed4890a7e4ab0a193f87af43e8ee6e7d550d201","excluded","cee6cc73ce20cc1169db2b4cb20c0f2679ae91258b1d07a44ef948dafc8e564d"
"23A7FF64-094E-4E28-9276-1D727E4C5E00","a23fb9e476c1b71ca04e1b44af0c57210b52ae2a74796247c5c18689dd64be73","excluded","fc9a475281806e73bf0eb6ffc5c466f393040ce481958e0745dc3ef0998c9d35"
"23A7FF64-094E-4E28-9276-1D727E4C5E00","a23fb9e476c1b71ca04e1b44af0c57210b52ae2a74796247c5c18689dd64be73","unresolved","2fd6799b1de47c760eb93939d7ae23899bbd9cb9021cf77f88039f70e011ef35"
"9E3CEAF7-C58E-40EF-B47F-BAE10BECF4C7","9d112f294bc4515bcbaf428e068e7fc77759762c63462a9863d84e73fd369419","excluded","2585610edbd8602318f3860bac0475da252930cb308a98251abcbf3a598cf3de"
"9E3CEAF7-C58E-40EF-B47F-BAE10BECF4C7","9d112f294bc4515bcbaf428e068e7fc77759762c63462a9863d84e73fd369419","unresolved","69eb19becb253cd9c7c293a49354a56b42f1426bf0c87c2366bcd1661b3cfb97"
"9EAECB73-906E-43DB-922D-6DDA10DE0D6C","05e5e3b4af4697dda082627713a07eb42e8243d5431b8a4ece36d02d30d1bca6","retained","1e066913eb685fc4120b2d2b04de9fe63e34234d70cb537f8778ac645031bba2"
"DBE2DB8F-6685-4297-8BEA-4913BBCBBB1F","71b327c9abc443cbb2127614221e5a0b884c20d39591e8e07930c24f03f7d3c7","retained","56e4cfb9ea0eeaa441e1ced8e7f717cbb5ef1a46b4de555e7c51d9afd64c63ac"
"DBE2DB8F-6685-4297-8BEA-4913BBCBBB1F","71b327c9abc443cbb2127614221e5a0b884c20d39591e8e07930c24f03f7d3c7","excluded","b94082087b4058e098d78f542f7a3a79c20396eac8b363147677eb93944c0aff"
"F81E7F45-EB9A-48DB-A6B0-DD138926E442","42df10e01bb208d2312342f8d2cac4a321f5bd1b6cb50025edd6b286f1a3bf86","excluded","fe07dfd3b2e7368a100ca01fd4d0ec5b0c25a93c49bb22f163069166dcaf3a0a"
"2037C6A5-62CE-4794-B8E1-764888435138","2bca2906754a1ad4a0db92dec13ddd0bc5a20a7f8d50b70e600868c5435e7e2a","excluded","f86b91b64bd9e25b6d89fa2312ff63f23227cace88df99cbee11a9b50d899791"
"2037C6A5-62CE-4794-B8E1-764888435138","2bca2906754a1ad4a0db92dec13ddd0bc5a20a7f8d50b70e600868c5435e7e2a","retained","49f169d311273948c88923610d76b1bffa7958bc727c501bdbff5febbfdc80f6"
"825821D4-59CC-4553-AE24-FC84686E47F4","ce98c094fce69f0f44877cd4553d9da3d5a840873dc725131ff20ea6a052447c","retained","84d5f865ad7c97a2db062f5163e7394d1292f3071c18906acab09b2e63cbe365"
"825821D4-59CC-4553-AE24-FC84686E47F4","ce98c094fce69f0f44877cd4553d9da3d5a840873dc725131ff20ea6a052447c","excluded","7a6120cf920d8b5317fcb4f3835f4972bca4323f40890d56d04a6d7f36349e31"
"825821D4-59CC-4553-AE24-FC84686E47F4","f60b553afff6af76e72528126d5eab788d0d22f7d1ce1264f7cb98e4bc65b659","excluded","e2f1d64128b74829dd147e1e2069dcb25998f3fd1c2d36156348620de1d1ba17"
"C692DBFF-82E6-4F05-B26C-1D8825AC048A","72699b34ebb30afb0ac1d366dab54e96c65e39d63ae7915dc865ab7936234be9","excluded","cc7e2d43ad25802870dfe04dbeb1cb2980d72bf2fab71392007abaf3fae562d1"
"C692DBFF-82E6-4F05-B26C-1D8825AC048A","72699b34ebb30afb0ac1d366dab54e96c65e39d63ae7915dc865ab7936234be9","retained","9a768140acd3f944a0fd79651a6be0ff13e32bcbdc452e8fc38265a62c0a1409"
"C692DBFF-82E6-4F05-B26C-1D8825AC048A","cae882fd5fcba2d0213057a88abac19153b9483df2ce7758dd6c8496ac0d5698","retained","c859cb47fb9ace0b7bac65b60e602f97e1b6d5b074175bd19542c777453ced95"
"C692DBFF-82E6-4F05-B26C-1D8825AC048A","cae882fd5fcba2d0213057a88abac19153b9483df2ce7758dd6c8496ac0d5698","excluded","98d81bddd3df2bd35dac312d30c73c965d027c4766d25a9eaba0ccb01a4cf69b"
"C692DBFF-82E6-4F05-B26C-1D8825AC048A","cae882fd5fcba2d0213057a88abac19153b9483df2ce7758dd6c8496ac0d5698","retained","f3b87ec91c2a966df9f8b4548b6a44d2329860eddc1ac5c5d50c832984b68d39"
"C692DBFF-82E6-4F05-B26C-1D8825AC048A","cae882fd5fcba2d0213057a88abac19153b9483df2ce7758dd6c8496ac0d5698","excluded","ccd95969f3a48cb9ba57c8783be9e7f209aa7bf71889f28b6e51c53b2ab9d09d"
"C692DBFF-82E6-4F05-B26C-1D8825AC048A","dbcad869e74bfd18bb5eb7785f790c38f66503bac5caddd05c975192f5760642","excluded","361659498daecd183f56372dd70bd8c4789fe29ab6d691b8e68536da42f68927"
"C692DBFF-82E6-4F05-B26C-1D8825AC048A","7f4153d32562012d200a7ecd7c730d964c1544cbe772b0e4c3284c226ee982c5","excluded","cf87d43a42f5ede79b0ce1f20d7de5b979a2016e1576c51519ee9a5a1a7a6e68"
"359DCBA0-5261-4824-82EB-2F7D798C2D37","008a1ee935389f6ab6ddc1f24d8d3287d6648213d6df168fda167d56a5943c81","excluded","7eaaa4ed55436db6281f7890bd36b31eb0a814b1c647d262b6827b2bf8f9d790"
"359DCBA0-5261-4824-82EB-2F7D798C2D37","008a1ee935389f6ab6ddc1f24d8d3287d6648213d6df168fda167d56a5943c81","retained","79f293a9c41d677e45a5ff3d1e16eda6a11f5599fba40c4413893df4b1ac5173"
"3CA463E3-EC65-46EB-9AFD-5F903F019297","ef81e34a04a088b62ec3b0350f4007893346c710447d656ce88278ffd1175a2a","retained","dd37b64b04b4a6f932f85bc45c94391e5fd012ae10a498a1eb636b0149953120"
"3CA463E3-EC65-46EB-9AFD-5F903F019297","ef81e34a04a088b62ec3b0350f4007893346c710447d656ce88278ffd1175a2a","excluded","637d2de8cc881a811546663256ffab91f39ba1ccf0ac406f59510cf7f04951ac"
"DB90ED7A-4448-401D-830F-13081E19C5CD","153f6198fc31bd3b3416eea73968e56f0fd13105536649bbcc4cb63fb0c547ef","retained","a5f8ad76644df0f8603709bc55ccb7d83570a6f0dc0becd2e348cfc9ddcf0640"
"DB90ED7A-4448-401D-830F-13081E19C5CD","153f6198fc31bd3b3416eea73968e56f0fd13105536649bbcc4cb63fb0c547ef","excluded","0be9e6b76d5d1cac519d09de5e9ec3120b8ad9d8d53a0722e1f3b6aa5e54ae30"
"DB90ED7A-4448-401D-830F-13081E19C5CD","153f6198fc31bd3b3416eea73968e56f0fd13105536649bbcc4cb63fb0c547ef","retained","165071a0a198f10d26d3f80a76188b76ef186f100dac33c5df95f9e92aa7f265"
"DB90ED7A-4448-401D-830F-13081E19C5CD","153f6198fc31bd3b3416eea73968e56f0fd13105536649bbcc4cb63fb0c547ef","excluded","fe9912eb63ea855ea1c518dcf8a1e4881b59343cc52bf82709aee0ba99c24dfd"
"DB90ED7A-4448-401D-830F-13081E19C5CD","89d9ce7d04111e411ff2db793ed8ed78bb7b41667e3e117d6fd22648f1c3d1c9","excluded","fdb440d9f211d49015d5b62990f15751e55dd7ce1acfbd5cfae82a0aac4d6369"
"D07233B6-8E11-421B-AB4A-5B42EC36F169","3acb39e43b8b6d8a691697f41f334306aacd879c7708b224cbe51662aff00851","excluded","3650a35900bf548c7180f33210cba38d4cb91d55f83271b0bf3b13d52cda0458"
"D07233B6-8E11-421B-AB4A-5B42EC36F169","3acb39e43b8b6d8a691697f41f334306aacd879c7708b224cbe51662aff00851","retained","ba036ea46560b3802e6035d2a9e081a7d34bba2ed08339e63d40c0307c2e582e"
"82F9BA25-611F-4059-A952-7A9922F0C11F","414ebe886d00c6dcc7d95fae0dd3299b70a87fd7b9d066b7ff0e07d2434abcba","retained","5e5e073f3c4957a129adc2b407b6c685f02d9319dc82ee7481467ae3be90be4d"
"43CC5B53-50AE-44CD-8826-DFFAAC04BBB7","2fe0f7db18c7614964283f3ba5e199edf4888433146737582ae6392925de810e","retained","9d38cba78d01c581ddaac14f6df5d26f8d3fa3de1f17e983ee81161b6d9bd71e"
"43CC5B53-50AE-44CD-8826-DFFAAC04BBB7","2fe0f7db18c7614964283f3ba5e199edf4888433146737582ae6392925de810e","excluded","4ec9997ebe7481e95eb56edada141772e01146d38324d8f47896c5f49c8912ec"
"43CC5B53-50AE-44CD-8826-DFFAAC04BBB7","6c68e00ffa13db730364478f46e8ab6f81f95fde8850b5bd66465140be997f93","excluded","0643e3eb25d33c71f6b51de406fddcf0258ce696501418441aa6789340d6b2a8"
"40CFF5A0-8332-453D-AB9E-8997273CFDE9","7fd5958253a26e89c7ce54c1d83f41a5e588b1ce95033d23621e7da68f692833","retained","3c8dc9e4badd2422ff522982b523fc08a2b0c63e572058c90e99babba107e8e2"
"3AD84BC9-A55E-4B22-94CA-8E4224E71E93","15d3d835c523ee614da1e17a56980fb200cf0d7bb7f3a98cdd9807dc80655a45","excluded","90b119e54ddd77705c47b393a94ad2f5734574fb91b1f68c537f8c59e428d52e"
"10AB06D0-46A7-4D8B-A8D2-C309102C8582","cade8df0b0465125e9a166e2865b616d2b1ab990a6cb93aba21e5d7bfe2f6460","retained","d7f98679415d988708acd4ed3b573f14fb978eb70b0f6208ec4074b3f03fd4a7"
"574757DC-7831-4E53-A011-6084F4811BE4","83db849afc60aa0adc7fbce0725f06314abe2819662389683588b5b6aca0064e","excluded","cb1aec713b49585633ca431843e573e8b52b3dfd9690d734d868f92d34300258"
"CD6995C2-9A14-48C0-B57B-A0D324BE417A","6d5728c12d8ab0d7f7dd1a73b107aea3bfb4a8b038ee86515540592b200a6f38","excluded","02a72ce50bd91c0dd242bb0ba688935d2702366d28378c50165eb33ea8e7df70"
"085CAC8E-9233-4A11-97B9-E32F2966477E","23e569fd627b5fd210c01dae20542c46c95f6c50c4ab8f390cad6bba54146703","excluded","13ca6f178871d13956a13bf028c78e428b383e578c2829a6e310de56bd4f97b9"
"C91EE162-AC05-49B1-8655-B61D4AA7693B","20292fe5143266b68e770a14395138c6cd601ea537a4d0ab040e267304b94d33","excluded","ca9965b7ee07933b8c6a6f6066fb0632a7b6cc68459993e19954b88186d89c94"
"A63619AE-BAFA-48C7-B7BB-2BFCB93DF3F4","f2c6e383d346d2de89153156e50e23021b57d32cebd0e532d4d762deeaa2a360","excluded","0087f64eb486bbc82b8ee5971d0874ed9abf5a6d6e8e350d83a6f0da09fb3e97"
"A63619AE-BAFA-48C7-B7BB-2BFCB93DF3F4","f2c6e383d346d2de89153156e50e23021b57d32cebd0e532d4d762deeaa2a360","retained","2cf2e28968a514da8366620734d0d4c4cde6d9f684ed56e67434254dbf5d8a04"
"B4A1845F-583A-4B7C-BBE2-BCA225821794","e7df4bf0e8c3039a975f6aba1a194ab7de2fb094c62ded15997e76c6113d2330","excluded","7fd5bbf6357bd672c05bafb2d406d1f1edf275d08fd66851a92d9d77741b88e9"
"B4A1845F-583A-4B7C-BBE2-BCA225821794","e7df4bf0e8c3039a975f6aba1a194ab7de2fb094c62ded15997e76c6113d2330","retained","fcb202703f63a3e90674851901edc37a708d67cdec1fa811b03f40e5377e3f35"
"B4A1845F-583A-4B7C-BBE2-BCA225821794","9c40a55c490052d0fa7f2a56238714393095c063baabbaa70df7578650ecd76a","retained","be4f6227ebb600ef6c1830ecbc0d79b953acd6d3d531d29bbd730026bedd5cbf"
"B4A1845F-583A-4B7C-BBE2-BCA225821794","9c40a55c490052d0fa7f2a56238714393095c063baabbaa70df7578650ecd76a","excluded","504a4eb7ba5649c9532e6364ae11fa9913797ddb8c1f68493555e3e1c00cbdad"
"D42D6E0B-B1C6-4A59-B913-EA63BBB06F58","a0e543670b41aac78ed00f05d2af6e2471eba3632841d27bba2ec020eed1581d","excluded","dc5b48a52cc7469d56a50fcaad8da5b39c428135fd39654cf02540f6ade25b94"
"D42D6E0B-B1C6-4A59-B913-EA63BBB06F58","a0e543670b41aac78ed00f05d2af6e2471eba3632841d27bba2ec020eed1581d","retained","1b1bf6290cc3ec647468dd47b41c5874448101fcf5d14f643956cb42727738b0"
"BA8087FE-CC1B-4F7E-890C-2AC5475D6FAB","d38497fba8979a0977e1af40b5cf32877b0084283d6e0ea4bffe4b66095bab52","retained","fecdafff098f48e30ce8c506292f9b2e9de5220385e2fd377116f0242da4018c"
"BA8087FE-CC1B-4F7E-890C-2AC5475D6FAB","e2f76c2c03c38a2a654d3a5a9696bbf6636fbd2d17a8777e954c52930bf06746","retained","5f88a370fa26ccf5b7bd9da76b41e6b5ee99ea0a07f2203871f2b89678b91b20"
"BA8087FE-CC1B-4F7E-890C-2AC5475D6FAB","e2f76c2c03c38a2a654d3a5a9696bbf6636fbd2d17a8777e954c52930bf06746","unresolved","710c857c33326dd4189962ea103e5017182f660cadd9a7821e3b579d1ffb7f83"
"BA8087FE-CC1B-4F7E-890C-2AC5475D6FAB","e2f76c2c03c38a2a654d3a5a9696bbf6636fbd2d17a8777e954c52930bf06746","retained","b6d4965c3af9eb73b0df7cbf6eb554a90bcfde16aa99f24fe9cd7e7eb05486dd"
"BA8087FE-CC1B-4F7E-890C-2AC5475D6FAB","e2f76c2c03c38a2a654d3a5a9696bbf6636fbd2d17a8777e954c52930bf06746","excluded","cf6eaf969b265f82ee771b2ed6e12483d38b7b3d6f6dec5e1d568d65b90dbedf"
"BA8087FE-CC1B-4F7E-890C-2AC5475D6FAB","73fe50e61c003b7641f0712c3e26736e5e78cae659f0028c4e433ef1d91b5c97","excluded","f3c5ca342fc7700997eb9c85ab328f193981991573dc7cc72a71089735e23b1f"
"FC38A854-EAAB-458B-A25A-7A86CFFDD724","269842ed1a7c03740c47db1b4d1f570cb85b4766a6e06e00278a7ec804ff5446","excluded","84f09e7bf7f42770aa9da9a7b5608565930e405122835149729d4729b230dafb"
"B301178C-2201-4F9F-B972-ACEF6341E4D2","3167483ad99b19afbac06303d128aff79c23d64d5b6f212d8fb2e736c3f5624b","retained","cc774866d5f34593f323f62d22afae038843114bec588197feafb9042f57ca4a"
"B301178C-2201-4F9F-B972-ACEF6341E4D2","3167483ad99b19afbac06303d128aff79c23d64d5b6f212d8fb2e736c3f5624b","excluded","1996c64cf14526c6b2d2c4794fba8df8d6d02125c02ef34612ac1247082cdd5a"
"B301178C-2201-4F9F-B972-ACEF6341E4D2","2683f2461ef2ccf4c7785487a9cdc54af82d8153e30130391346b6d0660b1f3d","excluded","c960a7cb9ab18c2da53b1e38e9a7b6848f2fb85ce5be5d375ba2e38a9f4152d9"
"B301178C-2201-4F9F-B972-ACEF6341E4D2","0deeaa7e979523a50acfc3089058507e37a77cef3ad72894bf982feada573082","excluded","5238b59896246c23ac17a90146081c49dba3013dd861ae7f87169900e828a62c"
"A2ACEFE0-0728-4378-9186-C26A80D96E8E","a4dbc73dea31ad7ae0d2b56fb563963cce80d68be87bfc98b5ab911aeb6dc4a9","retained","8fdceafd9669f9e23897fdbbe2af72291f4e5581a296f09ffb1a250be5d3ccc3"
"A2ACEFE0-0728-4378-9186-C26A80D96E8E","a4dbc73dea31ad7ae0d2b56fb563963cce80d68be87bfc98b5ab911aeb6dc4a9","excluded","18f22c03d1f5fb5d72c1168bc575588964f0445b8b88b58dfe5dc0f1a5fa3cf1"
"A2ACEFE0-0728-4378-9186-C26A80D96E8E","a4dbc73dea31ad7ae0d2b56fb563963cce80d68be87bfc98b5ab911aeb6dc4a9","retained","2572cb7221956a1ddd3587bf6309fbb8c66ce256de9700a1a837082d30e0be55"
"A2ACEFE0-0728-4378-9186-C26A80D96E8E","af9f723a91f83c08032a946761edcea85ef5062212edc7918a61915635456495","retained","c5c2d7b379560821121cd48d97dc57c0256695171c63eedefa5a2397996748c3"
"6BD2E683-CB57-49FB-A443-D398D8EFCDEA","12dec7a08b91cbb59df36fabf1b7826a7410417d0380b231b6c965e0de620e76","retained","e024db6a8352b208ae7462b784b482bceef87006119f68c864819a41ebda34bc"
"6BD2E683-CB57-49FB-A443-D398D8EFCDEA","12dec7a08b91cbb59df36fabf1b7826a7410417d0380b231b6c965e0de620e76","excluded","14ef9477502ad01f1ac1800163d6cbb8c4d2c2697dc658b38e562598a58e8dfe"
"E782D791-54B6-4D33-89A5-EAF5A89B81D7","79174477dbaf70eb57d687b00be39183e16341fb3d306e34891ca12f7dc9a510","retained","677c509ffc6bee4d00e94b6aab6eafaf9b2a0cbc001624c42fe65df57b224788"
"E782D791-54B6-4D33-89A5-EAF5A89B81D7","79174477dbaf70eb57d687b00be39183e16341fb3d306e34891ca12f7dc9a510","unresolved","2310f43542c49e342be4bf3ac5b0c4066d5c245f409214b4667b70efea06e5a9"
"E782D791-54B6-4D33-89A5-EAF5A89B81D7","79174477dbaf70eb57d687b00be39183e16341fb3d306e34891ca12f7dc9a510","retained","6d95a04ec9ac58c53a992dda9415d649231768b797ce749b724a2a49ed3634a8"
"A9C8118A-5D05-4363-A4CB-8E010FBFB113","65a5f40a430391ed26b3ca6c6d15cc4b0af7d128c5a82f124d389808cd28ab90","retained","8402999fb7e157731c55301c6a944cea51899c1ca1779cb5e1e6f5bc6cae99ee"
"A9C8118A-5D05-4363-A4CB-8E010FBFB113","1aecf910a92b5f869bf172d1b7f4c71f2b90e21246b8f2d10376a7495580bd96","retained","4af572b2907dd1f0e679f3c29d72b12a81f8850f1574fffa09e853da8d94dd49"
"82F5C2DA-5E60-4BC5-9EFF-F1A5BA49EC52","a47436da56be1f01ee4fe62c414bd267b530b8520c3ca6a9e7c838f2f2c11d04","excluded","4f111b22a844770483349e6884900bcc8a7233a155e81d9b8dfb91a064aac1b9"
"82F5C2DA-5E60-4BC5-9EFF-F1A5BA49EC52","a47436da56be1f01ee4fe62c414bd267b530b8520c3ca6a9e7c838f2f2c11d04","retained","e8d721ff6e9dfa8d4f76c3d0954caffa52c4336d7cd7fd26e5e7ab4cd2c37e6c"
"DACA5B43-7646-4400-8191-5E35DE5BAACB","1a3224d1b11b60362a10fd831e60642a38ecd4bc17e4a96a3f00738f99b02a62","excluded","641457ceacfa375bc38e254498b9910d659eb450ff175544652a95e6b39779d6"
"DACA5B43-7646-4400-8191-5E35DE5BAACB","1a3224d1b11b60362a10fd831e60642a38ecd4bc17e4a96a3f00738f99b02a62","retained","c6d279a07977a21fe5d900367d701460784aff32dc6558b53150f777c0d66668"
"FC5007AC-E8C8-4489-8523-6DC8793E5BEA","440a4c16b77d346a42c525fbaed529c337b395c311573a76b6327dbc8ae5af29","retained","048eec7f4058e521b8d9b4bde11da242a924d5363d5f87a21f624cf3ee26763c"
"FC5007AC-E8C8-4489-8523-6DC8793E5BEA","440a4c16b77d346a42c525fbaed529c337b395c311573a76b6327dbc8ae5af29","excluded","67e87eb4007c08bb61ff49599ad9618323de51583adc276a1afb99d170bfb1b6"
"80108407-7596-46FC-8479-F0F251573E23","7e38df107cec34bf2b111521a97d1c75e0252c41565be29f6da049e5dcc1fcca","excluded","6e05ce64cf20488b05db634ffb82720c8a76013e5c77be6c1f474ac503a38a62"
"80108407-7596-46FC-8479-F0F251573E23","7e38df107cec34bf2b111521a97d1c75e0252c41565be29f6da049e5dcc1fcca","retained","90b61023021c514924269c6a14404eff62cbf58251c81b372679987c1d766715"
"9EAECB73-906E-43DB-922D-6DDA10DE0D6C","296f82080978dcfc1de4ad8bd19a3af2fca920ebf71b0ff7ee7daf82d2975fa7","excluded","ab73b13b9e80d3231cc3038d197abfae2b0ffa1e868279fb982d338ad9156f6a"
"9EAECB73-906E-43DB-922D-6DDA10DE0D6C","9a33041c03662d7a256a459f8a24eb2b401402ad3568d0b3a1b12d4733580543","excluded","30456e81d6f7318c0a994ef9ae7b1fa6d8bb7e4af01017d852412dbb3c6f0921"
"9EAECB73-906E-43DB-922D-6DDA10DE0D6C","9a33041c03662d7a256a459f8a24eb2b401402ad3568d0b3a1b12d4733580543","retained","0b0df3e5495af97e85d233a53f52b604d5439984fef7c43fc0569df1c5fce35d"
"6E403B11-15EB-49E0-B003-C0BFD9AC2C9A","d82bf3f4dbd8e563c1a1800658ad7d23852ec1b3fca9d94fa3d054a34695f149","retained","2bea063020708316c7afcf29893c203272b1e37e6eadbd3fe33bd536cb7d5ff6"
"6E403B11-15EB-49E0-B003-C0BFD9AC2C9A","d82bf3f4dbd8e563c1a1800658ad7d23852ec1b3fca9d94fa3d054a34695f149","excluded","974177a8541490aed6136a071ee5ed2a16d657f2934fd0f860213645d4edbdbe"
"54204EEE-7837-4A1F-BC88-10AFFBDE8E2B","e5da2244ee922f22e8684aeb9ae41b72f86a9fd06a56541800ac9bab461a56a6","retained","ab0d2b0146dd83a5f4e67e0b64d75eac28de7ac59fa7b417a7f2c2496749d1ff"
"8211F915-14F2-41D1-89B8-D7D66BF5408A","31a13233d1259bab813177e3c348a8533057da2de8fc03027537c562c8c451f4","retained","de45276cdbd2777d084d6b1d280cc9cb98f2ca21a46934e1c52e8e849380883d"
"8211F915-14F2-41D1-89B8-D7D66BF5408A","31a13233d1259bab813177e3c348a8533057da2de8fc03027537c562c8c451f4","excluded","8687005ab61cf4de3784de6636df7a613631023a1a8ee428fe5ff04ad3f8e2a2"
"8211F915-14F2-41D1-89B8-D7D66BF5408A","d99e82e320f48a6555c4b52d11400fbf4ed09c3ad971737418fd98c184b9f87d","excluded","2b90479f23d76560ba1c558399498d7cba8a6b8010353bca933a92b62b776a68"
"B95EEAC1-AFAB-4789-A390-49487525F6F9","97bb1863df30a8b3d5e501bcfa657b20f59b0042505a57f60709eb9361682377","excluded","5aec95abfe96c7a94613a00cbc491c5a1f9f0152032d234d2d7fe631ea33b503"
"21D35951-3D79-452D-8B59-FD15BDFEBC6A","966455774d99d9118ba89bc0e86003e5eab6341b6982c992b16e55267b12798d","excluded","e23993180e7809a7e728bf9d07f3d126bb316f1ca603c0c03e330dc062374de9"
"01E03628-D3A3-4E6C-BEF7-A0A6BE880154","d9d5b7b1cb0870931cb011f9e741b269643375a0f65f31d3d4264be3474fdeb7","excluded","4a81350a286bf82b110589d13ea13e13a727a527409ed30286efab80b4bf2c79"
"114DA61C-2D7A-49DA-9380-6734CEF3DC3B","4ddec9b204275b7d0d8341c0a8ef675f35dfa70a840c89b37be638db3945083d","excluded","e6caa1b7f6f50ce9e055ea57763f62d8112ce1a6971547093eb1aee43a0bfd78"
"114DA61C-2D7A-49DA-9380-6734CEF3DC3B","4ddec9b204275b7d0d8341c0a8ef675f35dfa70a840c89b37be638db3945083d","retained","7ac4f45f2b11a024b62f26e2a55e3cb07d38b9eea50e119bfa343262659b6f0c"
"1A21C2E6-E81F-45B6-B842-69350CD7C096","78a94cb68c5be75842df3c2e7d6365b752933be8ca7d2a46d1b4ebb0337eb75d","retained","0632a1b2e9b98b28019dc28728aac90f869717dce2e07f616b83be04900009d7"
"1A21C2E6-E81F-45B6-B842-69350CD7C096","09b5210e9d46f368c1e7da29d613264c48b20602d9e56595402121d7d9aa4773","retained","4c33f88318605973d9f3eeaf4d3e63cd3aa98a6eacc5b9c6059654ffa8192d30"
"1A21C2E6-E81F-45B6-B842-69350CD7C096","b585e24d34af7dd55b12f76c60f5a8dcfaaddc1cb70911f71cda4fa0255ec895","retained","8665ada340f6fd4fc68c385486bd31393360c64c74079bf6a098b4f7ebcf89a0"
"1A21C2E6-E81F-45B6-B842-69350CD7C096","14d71a2e3caa14413abf32be660fac7b58b33bde3a126fd78edffc3fa467a20e","retained","e83858a67f987208066c35abf588865a795f3ba3833354c787cba95ad47bd2cf"
"1A21C2E6-E81F-45B6-B842-69350CD7C096","14d71a2e3caa14413abf32be660fac7b58b33bde3a126fd78edffc3fa467a20e","excluded","2acf0ff09f7cb111573f3c0f7bde429d2b705ffc1e87edda2f62b82f0b336989"
"C6D6F7CD-C17D-4637-8682-DB68B1A23912","6d9bea135512a26b8695891be8d32b9fc59b7a8466b379184b4e1e3908514860","excluded","1b5a0c00395870ad238e96e8b0d361ce123715a63eb70fa5015899bbc8ddddc8"
"C6D6F7CD-C17D-4637-8682-DB68B1A23912","6d9bea135512a26b8695891be8d32b9fc59b7a8466b379184b4e1e3908514860","retained","bfb1d46a15f3a2d7350ae3e30494ec2bf73c6a7978a8f787ed7626dc52169115"
"168CA2B2-819B-4CDA-B45D-94A45192D8B5","32dda7e59230e24604ba39c708a239247e8f07494d3efb41a2b40d325bac2d37","retained","55a54cbcbe5e3dc2c61bc75bda7cd8e133cb0965a2318a2b3deb784f1fe3aff5"
"168CA2B2-819B-4CDA-B45D-94A45192D8B5","32dda7e59230e24604ba39c708a239247e8f07494d3efb41a2b40d325bac2d37","excluded","577e5cdeffcc0bf4fbb5be1bf1119a00df151e65ba7847c8820cc3c3ec00ef4f"
"4615F5AD-36F6-4DD5-843E-AE4B3E47546E","09099cf57d1e995a848807371660817309427c7f2cc8882340ac8dedb8f01554","retained","de7d188539b8f3e604ccc004a1cdd3a1cc1784dd8dbb9cb9c0c2b3e234068f32"
"4615F5AD-36F6-4DD5-843E-AE4B3E47546E","09099cf57d1e995a848807371660817309427c7f2cc8882340ac8dedb8f01554","excluded","f4c9a975702a2ed1d824048ab157f402fb613bc566f0eec6417e11a0f2ef018c"
"27622C0E-48B5-4842-82F7-130BDE53AAB1","3bf522469a7cc4a12a40339ea2370d0bbe7d45e1347ec9f979e15301d1391724","excluded","c2a1b2fda9cc9333cd9a5275c207c7954a150a39d79bf1548e222a592d2dc9ba"
"27622C0E-48B5-4842-82F7-130BDE53AAB1","3bf522469a7cc4a12a40339ea2370d0bbe7d45e1347ec9f979e15301d1391724","retained","5f5158ba9647394f2e425ab03966bdeb7d03020b3951e95cd26548c39b3c746f"
"EECFD0FC-5E95-4999-B630-55BAA9A31CDF","3a38e63ae139e4556e1652f7d526838d2d6e4234ab2a6f7c222e2a7a7dbea0ea","retained","fefab36c7c606b7e636738ef010c29e7e72fcfee17b0a10ef177227248d7315e"
"7AFD24E8-FFEC-46AB-9869-DC2A8FC20964","26cfc9738edd35238869620f4fbf0ab09517bbe4df600b9c53963a92ecf6eba8","excluded","37f69107b66c3e0685d25ae563661d0066b7b4ac34af2f2fda632954f388263a"
"0567DCE3-7B4A-418D-B896-90972E02D71D","387a313d95298d3ae332f3883ae4eaf49f7671a3283d7d41439803757e57b8f0","excluded","463ec1defcd84f30a89dda683417c89b2c4004ad912ab9cb61504b27ab3bcaed"
"0567DCE3-7B4A-418D-B896-90972E02D71D","387a313d95298d3ae332f3883ae4eaf49f7671a3283d7d41439803757e57b8f0","retained","fbae6503261e351ee44ad47e59addd13e9008d925ec3381b6e2d6eede412f6e4"
"AAAB74A4-6664-4DD3-8881-1B871A6A0929","9307832776216a8bdaa5a8e13a04ee7e5e1f2666832f2a07b0ddeade040aa17f","retained","2008f6cc9e33d872db490ef5c1f7312320bba46d9b45fe5939ad122e9324497b"
"AAAB74A4-6664-4DD3-8881-1B871A6A0929","9307832776216a8bdaa5a8e13a04ee7e5e1f2666832f2a07b0ddeade040aa17f","excluded","8065638fc72541b43ad73ca49fd9cf3b7ccbb8f815513c0d17e7a49e2d7334e2"
"8EA76CEF-C1EC-4134-BEDE-D6F8A0418CAB","6119f2cf75e7551494740164af2d0930e4b54443e6d006673808f0ff463a6a6e","excluded","ada410670180f934b9d49b7e7dfdc4326185ae0ce8a4b6106dc2ba8a2f358e7f"
"8EA76CEF-C1EC-4134-BEDE-D6F8A0418CAB","6119f2cf75e7551494740164af2d0930e4b54443e6d006673808f0ff463a6a6e","retained","b1c1ac4730ff2080bdb5eea306fd0f20293839259fe5a464d6fd55ed11ab39d5"
"4AAD4E18-16C3-43F9-883B-729799A653E8","79af8181b638e0988b922def436b74a8898f32a16aff1bb416b80b255b1c8108","retained","6c88737b5f9c46af6c0b93a30dc7235096b7b42c52cac3b015e25b9bb4bb64ed"
"4AAD4E18-16C3-43F9-883B-729799A653E8","79218e251c768e0f745252e90d281eac6118d2445d0e1e63f1d0f030def26d53","retained","def86f49968a54737c09ff06ebfc2101f59505d993ce9be46b77e9d3e4021221"
"4AAD4E18-16C3-43F9-883B-729799A653E8","79218e251c768e0f745252e90d281eac6118d2445d0e1e63f1d0f030def26d53","excluded","3de0588e63febe88c0dcb7d8ca9ac34b17d5499deeca6ca2c589ba326f33d482"
"22EA2043-E115-42B4-8BD8-D3532BABA5B0","1acb4e4a9db43d272b092895b67e17e4de732a6c7585643ba215b388123c555f","retained","f10e59b2699514561a8f37b22d6f42c6ca8b999d6c9f4ed919bcf1bf26ce9df2"
"4B50C9D0-DC2A-441A-A4B6-5061A665B7B5","78b89073794679e7df626c73737ce3911a40045e2b91f642e8a8ce7771157196","retained","e8312bf3ad1b23d4b78b652af1c96df8815e4d73258f1e02662a63c9814b560b"
"4B50C9D0-DC2A-441A-A4B6-5061A665B7B5","6d817ce5246f53bd4fce211e58d2d438632a226350668938afc788d2b86917a1","retained","d80faa4bed8a0a1a30cbdd576b1255f9ea8a6d74b5dcf99d3143331237b93f20"
"498C822C-C25C-4AEB-9CDA-BB8A296D75C3","a6ef3a9ef9a2d32c4ae334ea7cde87f1965870b5717744549b32e0ec7a989257","retained","3ba6381a116112db6905d1b538f3638dd6a701de621ee434023fc7e29287bfb3"
"498C822C-C25C-4AEB-9CDA-BB8A296D75C3","a6ef3a9ef9a2d32c4ae334ea7cde87f1965870b5717744549b32e0ec7a989257","excluded","cf5e96e816673541c5953b8bcbe2a306290ccc7a161e79eea0eafb39c195ffc7"
"C0D104F1-4A0D-4291-A6F4-C20E7B74737A","d68ecd3ad093dad6596c1a2b788499c283bd0152848b1f9bccfdcd41a471350d","retained","d8c4cb2ea725e600f48297b84765771c2e4960d012bbc4b8178ae9d97f1f5209"
"DD3E1AF6-CC12-4225-AB79-AB526915EBC7","639bec71ff6fecb08d59663f327b6fdbf4bff27235a8e81ef8b96c9ff5140149","retained","0f521af5c88269b3c8d1aa92d6bbfb8acae45f0c1e9e310421c4ac8b76a72df2"
"DD3E1AF6-CC12-4225-AB79-AB526915EBC7","639bec71ff6fecb08d59663f327b6fdbf4bff27235a8e81ef8b96c9ff5140149","excluded","dfe2e122e7a46850c9c239004b824932b0c48edc2c8b97be98c1336a468e0ce4"
"D92CF4FD-0EF8-4C2E-B88A-00134806535B","f6acfedfac7858bfe3e3aabbc7ad9fc4846f041fd1e45781fcc289f031aa6752","excluded","fe59522a9f1d8d8c0094b270c429ae497cd8d483dce6e3386f8ac086db3043a2"
"D92CF4FD-0EF8-4C2E-B88A-00134806535B","f6acfedfac7858bfe3e3aabbc7ad9fc4846f041fd1e45781fcc289f031aa6752","retained","365dcd353faeaa59a96e174cc1835c6b5706f94d34709c109f0ba135ae2589d2"
"9263CAD5-0A3F-48EF-B00A-DD4A2BB8BD65","4136603c2e0833b989f14a6f4f3b3a7e2059748c0b0671cf0e279416b3c7a3e6","retained","b7965bf8faca95ebe4ba1d55c6c816acbffc320020ee2bb4ec32019a497ff19a"
"9263CAD5-0A3F-48EF-B00A-DD4A2BB8BD65","1ae4265bc4d96a94ab876c7e87b6545a7d10f9c9933453ce2e751fc302bc1529","retained","a3531c2fbec997aab64b030674193e2078edb1b2aadd6c913573091054fcf44e"
"648A5B64-2217-4642-A7F6-E589D6B274EB","e7991498b1349b99723ba2b774e5cfb85f2140655678cb2e563c1c1ffcd619c7","retained","c2b9070b36546f7b4fcdb8623791852eb5d884326c7e4aefc3ff54a51feb8e83"
"648A5B64-2217-4642-A7F6-E589D6B274EB","bb3ba825572a8cbd5dc2dd7f7f00c00690817cb4b1cff573e4ebc76e70ad8097","retained","9b2b6d88b83c9687f8331b290943122204dbb860fa023192d664261c149c39ad"
"648A5B64-2217-4642-A7F6-E589D6B274EB","2bf6c615058f90c3c31a2b5311d82df4a2ced98d3c09df430b69c213e9c0886c","retained","24a7ccd58e17ef2ecad5c13725ec443b8108f08b6be94036ddcf878f2a26a650"
"6B397634-D61D-49DD-ADBE-63E36A75B162","abc4815e5272aaa071cc99958c6bfb2e64e21d352d8b6918056c8e874b849e61","retained","5d37c7f5d84e8dc1371b643b76a55d0edc2e934e7300edc84ab784f05cec01ee"
"56051A12-9AE0-48CA-BC2B-6F56578B1F4C","2ccf51ff1d291c089f9320dac00566851359c49bd8afdf2d5deed80672c89855","retained","fc079961ded14e95e1c2a4652dbbb729e0d231352227d8ac847599ee0336fea9"
"56051A12-9AE0-48CA-BC2B-6F56578B1F4C","2ccf51ff1d291c089f9320dac00566851359c49bd8afdf2d5deed80672c89855","excluded","7d3187ef0070a6a26ac108e159d59fd9794faea6fb027a4755640c689a8ea43f"
"C7CACB57-7AA3-4C36-8837-8ED756794C8A","984595cede2e308b35b88f370303e4b038e19ea9a91e9d0ac594fde25db306b6","retained","23954218bfe6e882e7c8aaa4e765e4e9de764428f23c5e3ca454fe58af7a9b1e"
"C7CACB57-7AA3-4C36-8837-8ED756794C8A","6d1661c86a00834c1ef8e76db2da5cb44728328870b324bef9dfc32b1402d577","retained","7394804f12bf3c96945e5181b9ac53b05f9929505dedd9b3cb3e5abe0f559e1a"
"C7CACB57-7AA3-4C36-8837-8ED756794C8A","cf4bf8a6c11acb0074ce9f09542e2b2df57a994f685fef9a90a1005a799ac30a","retained","b4010df3b142d0a3ded2d5908f720b17c74e580af163806244905c2621c3dd03"
"48C51161-1A9F-44DD-AE47-1FD9F7FC7843","d914c0b60c16f84cc03af73761478f330e1ef4e34846fe2df18fac606f06e8b6","retained","1439838555ca4bf8b85d58cef8817343678f088da6265b557da2722880f68c70"
"761359FA-F0C4-407E-AB29-DB9BD07B6BB1","2e9cda74d103e55e3cc32e360961b95ff35736d9d0797114d136842c7225c973","retained","28fbdedc1f22eaf52339cd3ceb4461b6156dfdaf11eb09f2333665d060c43045"
"B175D008-FC82-43D5-81AB-739BCD0FE29E","2aa8489768f6157cc80d4ed65c1197ab9cedf67803ebb5a915d70843a5f724b9","retained","2aa8489768f6157cc80d4ed65c1197ab9cedf67803ebb5a915d70843a5f724b9"
"2DEADB79-9A10-4E1D-AB51-CD57AD366A7C","c85efc0c642e63e0d4e021ff4563aaff58b32e78540515a002fbf3aedd6fc041","retained","aef63ac36c035a88e9241fe6a3dcb831a18188e5fb2fe817563a0f973d13b337"
"3389D747-5CF2-450A-BF62-9C1025424660","3f2db9b9b992fd47cd5ed5c8de86e0df4742f2105d13674580bc1d3b273d1f84","retained","0c911f865175e18f3102db5e94e1b4f1cdf03d668663c4d09499c00a3b6265f6"
"AC6BA50E-6E60-4F4C-B718-605839E05874","420546cff6b08feb91ea74e6fdd2b15762f1e2e4b40a990cf8db892044667a2c","retained","9d24e1294ed4b2abfc9fb1d14735b554c85d1880b60dd5f3e7fc248f83e90ced"
"426D456F-ACA6-4B60-8B28-E72D642627A1","5568b2a612a3df94543fbee5e93034938f189521187da74bf10abfd9f46609f3","retained","97e4ff52ffbbdbb709032654bdb6bce7b478b87d5779d1962df9c39158f62e85"
"426D456F-ACA6-4B60-8B28-E72D642627A1","5568b2a612a3df94543fbee5e93034938f189521187da74bf10abfd9f46609f3","excluded","6d0480cf4ec60cbe8171f12f8390860abfeea4a87fc21e52b99d8411ddcade10"
"A19D2897-A3F8-400F-8132-B5973F0EFDC2","6625f76e085b639dbf55cd9c811cf09db31b91f496873f5b05297f9d125caaa5","retained","8e63b0c3953d8e2281c43220ca9acb0fd4b935d4a365020eba39e888c23cf236"
"F1409647-27D8-46AE-B49D-7B3A4166184E","5239f3195fffb0c4ac487685b0dbab73e16ef12efc4f47c16ab1bc0231da9f84","retained","146d3bacfc1ccbdc0e8d5f21e276f3b6c5b4e8ce3ef558c5c71962f39b16c27e"
"13958070-F29C-46F2-B472-EF9079038F88","317ddd1f220e4b7e6f401abc0313f78270cb8c13f3fa1d8a40726f8c359638d1","retained","13bb19b0d088df256515a545f41a95cfcdb463aba067158c83a36efa9ae75924"
"D55735BF-9F5C-46FE-8EE7-3928F4249B6B","34e60ec8aacb0186ebef78322fa2bfbba221ef9b7f5da9cf7184385d0f285282","retained","34e60ec8aacb0186ebef78322fa2bfbba221ef9b7f5da9cf7184385d0f285282"
"E0D188AA-8E52-4F13-8277-7AD0D808DF60","e11c3df356b2a71ce40dca1779746d37f989e149aa338ca76693e39f23d7a9e6","retained","17ac723e1af0eb767f30e7226ffc21c457b4ef4c4909258a05330913fd05d925"
"ABFA6DAC-1E87-4526-8DA0-EDDB8CA014E7","8a3baf4cdd9c49762d49f5c3b51c339f56cc12f552c9ce47632ee58abbe85776","retained","a40ae280c09bbb0ffd2e2c4c19844c9efee77395762a2bfdc6c79c94e9f563e4"
"719D0E9B-DF7E-48D7-B573-4C33DDC2CFE0","4ace5f8c92124cbd77b5582f399dd3b3b81ad4609585b19d4a36f744dab8bceb","retained","f7ebf5c334374b318d1b949ca0ee15c541c9fd6668f4352f922329e9575b0c20"
"48ED7C95-E269-49D8-8CCC-4E8598320F1B","122f558ee26adbac75f8508cbba50e8aaa1ff4fb2cab58f5889a492e780be99f","retained","f46962a2076afe6e6d8d309501fad6a91d21a50868cae9ea01c907190697b74b"
"48ED7C95-E269-49D8-8CCC-4E8598320F1B","385aea7c24efa0a97f3363a315695d3daf40893ceb7d3a5d79634d38708c5a60","retained","16417671161ff918ae651bfb3fb29b1753f08b46dd927c0d24277d41a02de421"
"85821E26-49AB-42CB-A7A8-EB956F4C7538","d422afc05e3ef26b4820251a410eee6fd7da6800fbd69d84b6dc4c709bd92d60","retained","d061021ef59ed6b6b038320faf472e4c8a9e77b0b9d0664cc77e8b4046c6961e"
"A5D60510-0CB5-448E-988A-6339EBD3CC28","2a702fa7e1239a628eadcd67fd2f42842ab81bedea6a5751de9420ae1bdae4a2","retained","f26dd9d268351e73000e67e3d3ad56f571668753b8b56795925161885401ebe2"
"2B75D877-2F06-4A9E-85F2-CC017D8FE6B9","9e7e6473665554e391402341ff17ca96711d41378a453c3697b5e3019d909630","retained","7fcc3d133be576f812a6706032b58f576cee0dc42bcdd72dc9f7a24ce7c4a9d3"
"22D821C4-F3CB-44F3-9974-9986EB356BB9","7c60328b2fd24b1f5a2b8b7e4a3b69fd3cf593a5b9cb25684a7b58b34679ef75","retained","001e9791e59e6929714ddc899e30f31eb1d8f719fe39acd4adb00e485f3bc7f5"
"3D89B00E-A63C-495E-ACEC-73EDE194BC0B","767116e3949d76e2d68b5d616bd7947d3e56a657788d216c7adacd92e0abf5b3","retained","1f0057c442936222ae0a3c13daf61bb7f1e66f3e665a1750f4cf08d2914a1293"
"3D89B00E-A63C-495E-ACEC-73EDE194BC0B","856387d23b35ca59adc6461cb3d1a3b481604e06cd3c71f4eea18b18667f12ef","retained","dae4a06b10addbdd9dafd3d759cc876aeaabbe33528336f2975c3c24fa221ad4"
"188CF033-A346-49CC-B5A6-9CFA6300EC83","e43406a5e136fc7c6c7e88090fd700255fdfc6521a84a7c0e67c710bd865b5ef","retained","5153de74baf9e54e66399bd1de4b9fa6ee129a7484b56a68cb53a89064c7bf73"
"62B2DC0C-DB44-48B1-9DC4-A25324248DCC","98dfb7523cc8ddf14a575eb4e40d8f7e497c823c36eee8b2987eecb5cdf9e2ce","retained","637b445522330bec9d332d57446b43f10f7e7497af157a9936b9df4e2d6e129c"
"9147851A-86A0-4159-A7C7-FF4B02161705","b297dcbeafee988b75c186e9eba14c7092f5142d7dc00f6c93d1d5dc7268b1ec","retained","ed6ebf0659daa4b7c47f59602221d6368c39a91f890ebbfe6b72c2194078c18d"
"EC5F69CA-091D-43DA-8431-3CDB5243317B","5c4d559704e11194edd85f9af64c316a5abf50ab59f272d374bd5edb44183758","retained","a2deb26ed320fe1c21b7f0ce5444492df4876120b67f33609004d5e964dedcec"
"9BED7ECB-5147-4CEA-8BC6-A61A95B3D269","b304db98e8c242e70fd0125895adb6a8fde6b6f0c39b256f5e64fcc258b0ed62","unresolved","c9bc844646e72370c17a12620d7f17bce71a23611e5ad09607e7d7e1d788c1c1"
"9BED7ECB-5147-4CEA-8BC6-A61A95B3D269","b304db98e8c242e70fd0125895adb6a8fde6b6f0c39b256f5e64fcc258b0ed62","retained","4aba2c3bd6e908642e019b5cafa69e9d8b72d7805f895ebaf03a3272296792af"
"9BED7ECB-5147-4CEA-8BC6-A61A95B3D269","b304db98e8c242e70fd0125895adb6a8fde6b6f0c39b256f5e64fcc258b0ed62","unresolved","a36e006a500c8e2687057f93abcc6210a7791589e7a642596354fe3cb28cdef8"
"60E60A62-AAAD-4C9A-A081-5B74198B171E","f48d2b03e74e2ac99eb51a3b3187f94ad41da52fb32ab5361d8057db90e1fed2","retained","db6cf4add8a0f80129f9a087498637e35133e10b0c272550a8d22ed3cd316f39"
"90F8D908-8029-46A6-98A6-021A614132A1","bb043e97288a44f839c4edfe20cfeed9f728a1872b5b48600c66c52a49ed5cce","retained","b13b009cb6f8878b4a2bb3557af4c10d978b7910f26c89ee92c10eb7d8c21143"
"7509013E-7D78-4E00-8E5A-5942D6925829","8d909e8a708dd34401336f8a05d2ace291cd3343362876b603c3e59c5c287d19","retained","82977c9ebcace686b5861bf32055a1c71001f85861f459e86794c69c5b5b681d"
"31434953-54CA-42D7-A3B4-85D2BAFD005B","4289198acdf778d72219f4c65f25f455c54ca347a9c81484b8759faabbbbf107","retained","1b1cc989368e6ca894a24279f000b3aac358bbfa2ec44174f55ce601239e2420"
"B3AB19A8-11FC-4A26-9D95-3CAAB9837C61","d6656ba4992c5b5fc6ba1cffdd8e35de06074f91f2c2c310cb1e6b74b6c7fd9b","retained","ac71426e37fa26adbf263375cdfabfdd12a61afe162e9eef0288bebccdf421a1"
"B92F90E6-4F08-4A6D-9280-FB2165134DA0","9c843cc439b81a3a788cd9d9ae6c053853c07a1734c26bb891d6f49ed8ca4925","retained","f0e1edf81723dd83a2250163a8c0ffdc3933cb73c6349d90cbaba7a551836a69"
"67C58E94-194D-4D90-BCFD-61C481DFF62D","84c9a83faef63541b25fb3199ec9f17af1f996215cfb72a0e8ff921248e9404c","retained","2f0b69600332a25cd04f506c83d22653173127a796fd751673921d0e38b5f87d"
"752C8A05-6358-4475-A603-0478A598B9AC","5b1b58b5310177686435446398bcabcad1f240482cd43eb4fbd7d770aac0cd26","retained","4e0f235efa4a94ff779a271aeed0fba358b87207370ca70d2180e0ca657be8b6"
"F4BF311A-D329-413C-927A-D6BFD161C7EB","2f62cf470050d0899d421439cce13149d592b232d5ed7b56ac2ac38223f7521c","retained","839645e313556fe582e10e6cdadd495f60aa51afa0bbf0590098df1868bc1238"
"5620182F-B23F-4CBD-A15D-BB9DE7BDBE48","f8d483cf28187524704256b76c4313ac051131d837c6efb518cf552e2e58bf19","retained","ad18ac3f4b9be594377b51dae9d3a9c2ddc41461ccc98a02f03cfd52863c4c6f"
"3BC0FE3C-8234-46E1-9301-778980C9B0BB","6934b15f8c538793869b290a7514e14398ba8378ec99b6a37376382a1bd66e76","retained","cb725dedce1a320137eec65394c6762642597aba7c2d5523b99409e2eb22b966"
"449ED993-B331-421D-A32F-EB0A8741DA6C","5c78aa02177fc656179a1401302a38bd187450e898a69124fe3e901b270548f8","retained","3740c11c29b167ef04c770edfaf34e3770b601fb8d714b3d54343f2f413f44ab"
"EE7B3D2D-14F1-46CD-BCDB-83F47B5622A2","d0c1c1df2800c1d5df4987d278cb4ba9035540edfb57c5c73aabf9a58e34dd83","retained","a236ab70df5ed4a44277f4618a44d5ed17a79427414fc471f2d1ff6fe3628956"
"1E874763-7284-465E-90F3-F3C0014B8B0D","ccf1896b190e7ab31f35c73310a9e4a36c56283f4293485bc0ebaa1ef0a3b474","retained","c11bf8e2cc4b32264145b936d314953f569cc4924802f38b4c2056f7ccff04fe"
"9656EF42-6B25-4AD0-84A7-4A29A8753560","5b87fcde2a467319575cd879a2c210f39b975af859acbba65a92039405f072e7","retained","41692818e9a310316e2610b585d79c391737db47b063056ff0634de5d24e5431"
"461F2E78-4EE8-479B-B2A0-FE5D5B2FA75B","f02fb0c6ce84e35c3de046c2faf1c11fef9908c13ee7b397f756e3d9bc27a18b","retained","5e3fe60b2da8205bfa8bb1b8bfb5644d89766990ea33890f7526f45b5ba9338a"
"2C30EF7D-2B7A-4146-9D27-A9C592E998B0","9da073efb8854920c5eb845c6de7495ecf0c6d764b6a19689eda06f78458d8dd","retained","8cf79f1a444d5376bdbaeeb14afdcf6802017d04083fc8da7a6598df9aca9ff1"
"2C30EF7D-2B7A-4146-9D27-A9C592E998B0","9da073efb8854920c5eb845c6de7495ecf0c6d764b6a19689eda06f78458d8dd","unresolved","ec0d48c724d9aadf73376290d6a2ff82d62334990f156d29aa73ee7d80e1ec65"
"2C30EF7D-2B7A-4146-9D27-A9C592E998B0","9da073efb8854920c5eb845c6de7495ecf0c6d764b6a19689eda06f78458d8dd","retained","0db738324bb8533456cbe5d823d17af9a212976d0b31ace784afdb68fb262e45"
"67409F23-2071-42CA-BDFC-97F323838DF5","549e67aad43eff5ec0661b4288b030eac05f0dea156277de02b48d31d2009d7e","retained","58adccc6c4e494d03fb210a01435f8a543053b1b7ee7b546b0ffbc631ea31cb6"
"5562E0D7-517C-4D28-B4F3-774223AF88F5","f7b290489404cbf6e17df100fa6c4d6f5dc0ceb0c51352be92c02da866687c5f","retained","ec28c5641b4271443c12126cce1c5cfaf0dc39a542e5bf40908945863e940654"
"5562E0D7-517C-4D28-B4F3-774223AF88F5","1f1560eaeb35a62091d6adb7d2f4b7a1da6dcbea6a2e4b9b80ab03af34d23ee2","retained","8ae0a34a61dcac3ccf34e6937c8416d52d4ada47b68eec7147b52b6e8398b308"
"5562E0D7-517C-4D28-B4F3-774223AF88F5","9cd3996ec5ff9ebe5717b35d21a679d164a798d84e7fbb0e271a6ad98068cdd1","retained","a1f285e5c6fdc63558ca32917c0439df0d3012ba93be730409e3539fc65133f3"
"0CA0A53F-0945-4C7C-A3E7-EAE0E1AC0D29","138a9076fe44aaab79ae5d3e1865369e2762479790496073057b22d11c4b4108","retained","78f3f3a740f5189e4a004e1e534c9e4a185569945b52836ac0a0a80ef1d20a08"
"0CA0A53F-0945-4C7C-A3E7-EAE0E1AC0D29","679bc096839d28b6773f5c6070b872f91abd09c9ee45b3dc5f9a279af91d0156","retained","e53a9c704fdcea1d2c34eb31f804de7499365ee7d8d9459c13db4bf24c3e8451"
"0CA0A53F-0945-4C7C-A3E7-EAE0E1AC0D29","f9f717911ebac441dc660b2621b66ecf7f4cfa34aa6ee61b2338f16aae18f769","retained","a2f721b44f5c4b17cf6cc8563dafd52c3b6426adbc4a0c8a89daed391ea44d8e"
"0CA0A53F-0945-4C7C-A3E7-EAE0E1AC0D29","57f0bcf6693e3559124eeb376bab904ba95467ecced685b42e3dcc0e36443a96","retained","f4cc15df424993964af9f90c4b03ce26ce0f279414686850ac7c0d1c9d741dc1"
"0CA0A53F-0945-4C7C-A3E7-EAE0E1AC0D29","37e6738812dc3f19ef59e9393fdc572a5787a9b47679b20447e4e6352a1b46f6","retained","b78ae4e69e1e21534e1fedd28779d0a6bfe4b7fb03168af27389f46fcdf2015c"
"0CA0A53F-0945-4C7C-A3E7-EAE0E1AC0D29","6a673b488693d61e045066e7502acb94a057d43bd1256e9394f2a883125bb0cb","retained","a8dcd528e7d75a29c5c14d6729e5026d235f80c75c688b51dd27bd28dab399d9"
"0CA0A53F-0945-4C7C-A3E7-EAE0E1AC0D29","8cf56acc317a7248bd0e837ea741cd9d8cadf8385a8cfdf2b0c6e50dd4dc51b8","retained","8ba52d9f7033462c714bd939362542afa0182823939701e856304585cd164d16"
"0CA0A53F-0945-4C7C-A3E7-EAE0E1AC0D29","e3f503cac4befef9dad804a57b914c264f64019e2f9720d1cc7c235e836044a5","retained","da06fc648d1e56e83b2fe3a62b431f7cf1e6fcb4d86b0d2c737c18a1041af33c"
"0CA0A53F-0945-4C7C-A3E7-EAE0E1AC0D29","072a5faefdb2fe3ecfe26ef54686e27c1524756ab64b005b0de1e9b4ceb1645e","retained","3eeecc21b2a4f271324cdefdca27ae6b89272b3bca770fe86a6c79a7f5ea0f04"
"0CA0A53F-0945-4C7C-A3E7-EAE0E1AC0D29","634e26212175dc9fe9784f2f3cc49363857c5218cb308bf5c4f5a77ad2699f88","retained","8bfcac9e02d3db815ff5f3620ea82868633e9346e7d439f55f9f22c795b63c49"
"57434B39-298A-40B4-BCDA-9D4C7099AC54","af2ba5b213a30b15edbd816e957ba2e66b887b065371f9e400644d3acce4d966","retained","e301a7671e08e9e4841accb1938b6a352cc6d3a1fdfdcd6f969a0919332d2794"
"88A91E3B-EB67-44B7-8428-623220E07C88","aa0a1fbbfc0093407e0d8e15ecefa369e9e6d0e3d295e6e46bfbdee101a2dc7f","retained","1230847d7c682c88e72e93a133b15c63296c1107c4fa67a0118dd227380da0ff"
"88A91E3B-EB67-44B7-8428-623220E07C88","0bd44e49b98e7ec9dc48f1d1be78952ae8bbddc45f87c07683645a744b14277c","retained","f555357baad3bb6ae6106543afab11c6628576122a9d586a1e5e839318c10bc4"
"88A91E3B-EB67-44B7-8428-623220E07C88","0725d9805f08224c6be8958901c1a6cfb2c584dfb5ed9134c2abdc3e4c1d2740","retained","d4f79bf0ee99d7012ddbe081256279e6ca84895f43e0e83b175c25d7eb221097"
"4544BD1E-3A9A-4A0B-A78B-F6818FA1DC72","d7c7035ccef59d6fdd7438e67c4a24b7c6fe27cee96aebbc0dc58a5504d3a0ec","retained","abdf5a44339cff7d432ec13ba9f3bc1cbac9a4c101bf191e756d08bc46688caf"
"5688E829-5FA7-476D-82F8-6C15C984716B","790cc79e65f598043ca955bd992fb41da72c80da2782999fe6430a11b836f27e","retained","7dc6a799d8047ad891632fb767760ba44f590f6baf053b89042c0a8403a53c28"
"5688E829-5FA7-476D-82F8-6C15C984716B","7d00f7b750482cf051598ebde147e7e557f86fe7c03ee9c46e4e4406e1aa34e4","retained","9e3c3f8ef54a1c88dc476e5c732413f9cde010b49bffca1069514985757ebc4e"
"21E35532-185C-4EB1-AF87-E54808E84A78","ee12c1798a5b48e2c75c710687433caa570a7978d1fcc65ba4a74e39474e0c51","retained","f1451bcd956922520ee364da348fb6a88225ce0fcdfe7d8903d28ebb2f30024f"
"21E35532-185C-4EB1-AF87-E54808E84A78","661ec9114d498823d666819c6666c2094c4e6b7608eb74d6ce5f61d1b3f7cfbf","retained","3b9c951fdd0a65788d06c3b6ead686b8a548e8f5174ee44343d129588826f910"
"21E35532-185C-4EB1-AF87-E54808E84A78","10ddde23a89c0cb6a2ebb196aa5878443edf145d9a28e8f0887a0c356efe1f06","retained","6a05fadcbc812df8fea24a34de1690221c13fbd7043af15438ab04e42225d0aa"
"21E35532-185C-4EB1-AF87-E54808E84A78","ab26e69ee35371aa10af7a00719fc6accebe38478313f207a06a62cfab248203","retained","36ba1df7b5946db94419f472526ebb871e609c25383eadb4867456e24f4833c1"
"9A678ECA-5ACA-4053-86FE-2B111AC15D29","d533c5b0f46119667aa36c3d24fef7111fd5933867986acd79b04a274529b63a","retained","61bba05b9a419345100553c783efa739cdc829f32af46fdc1acaa8a749a85aad"
"9A678ECA-5ACA-4053-86FE-2B111AC15D29","e6bfa63dc2d9bebb96d4e76ea4afe3ddfbe434752b3b9caac7414bde061e4eab","retained","e6bfa63dc2d9bebb96d4e76ea4afe3ddfbe434752b3b9caac7414bde061e4eab"
"9A678ECA-5ACA-4053-86FE-2B111AC15D29","d224ab986a628d2548f58032962dc509295f3fe5c31da42064638c660cead0f5","retained","1126e3736841beca5d43c7f5909783ff7caa5be868d36123334bb980d5775e32"
"06EB8D20-DA16-42B5-91F0-91A637E283FD","87af65e00952df9c18a9fb4a386ece49663fde11c3d63a35005435f6dd0ae48f","retained","45ed105ff8090e5715b4df9c4337061b7b9c8ef153a23d952758f9bf87d18c90"
"B94260DC-002C-4DAF-9431-297E76ABC597","fd73dfce1dc3cdd2bc0cf870306dca4e918ce3a6299fc48baa8f42cfb84df5ad","retained","363fa37e0111a8882a511f14191511b8693285c6089565e02705723cb6deeb11"
"B94260DC-002C-4DAF-9431-297E76ABC597","fd73dfce1dc3cdd2bc0cf870306dca4e918ce3a6299fc48baa8f42cfb84df5ad","unresolved","b0bad38687455d3664e7dab60faf32d095fd0c1dc6338f64cc020939485e2054"
"B94260DC-002C-4DAF-9431-297E76ABC597","fd73dfce1dc3cdd2bc0cf870306dca4e918ce3a6299fc48baa8f42cfb84df5ad","retained","8510a168508400a7b3895c3145a3b7a0ec40ac31082525c6c9372761bf4216cc"
"A9E01970-1A8E-47C7-94EB-EDFA26BD857A","c7df5cc9870a331230653c907992624e710f8f6757e0b03d43d18b59068681e0","retained","269ce2c716d5537cb509ea09d96232d89bc621f747b85bcf4b1cb0bed2a1b37f"
"A9E01970-1A8E-47C7-94EB-EDFA26BD857A","897fed7ca1fcac0cf618ab9337e1fff026f1138f1436732c986b4d0663288489","retained","63c0b38ae44b08a2336b352ed2d517cf8f5fb945e1018379bdad9ac7f0f10cd6"
"A9E01970-1A8E-47C7-94EB-EDFA26BD857A","327d6ba20b84b8fe2e8e4988dd8cf4dc072aed34a9f8f4d8e939deb8a52d530b","retained","55d424c64951bcc35189b62dc2d2b03a317ed318be40a635c93f16eda8910785"
"0F35CE33-DC8C-4471-B103-4CBB8C7361D1","7abb5bc94eafb84f32a3379bf8ec485ef0de2042a781cf8f09710007b5d49d41","retained","f947c92a6cd84887d70907c5a00e8a83e793268d91925c8ecc7fbad677cced82"
"0F35CE33-DC8C-4471-B103-4CBB8C7361D1","d913a8a2e17f3c3b7558994ac252010be42ec93a696ca8aa8c87a9a6bc15afd7","retained","d913a8a2e17f3c3b7558994ac252010be42ec93a696ca8aa8c87a9a6bc15afd7"
"0F35CE33-DC8C-4471-B103-4CBB8C7361D1","1c31aeb65781cf89fa717e7fd992e3d2e587c808da34fa396ed7506fac40d7ae","retained","712219fc6b4a2fe6aead05091f36076d8818992db99a1eb1f0bc2b2bfd0ebeeb"
"FA9DDB2B-755F-473A-A6D5-CC8A9F22705F","ad10d2d2cc45e82ea04c478db19df3312f4e3a568526d077cc549d761a1c160b","retained","4043d2273106b22ff7b59569a9c305bb72b13901fcaf97b10a0b3d59ca8b8e6c"
"385F1297-68BD-4261-8173-6E60C8C8A09E","9d06e81c41397c45a75883da153a798fc2df6c2b14b310ab7d885b91c423679a","retained","6066d9532fac89204425846c6d927e60d40d92d3599a2afdd0fabae0848b2077"
"35F57880-5318-4AC7-9722-451190C38A08","c94fc9c3e1c18cba35c0edb4e9c0c7c5a0a6931722fa4f6ec83fd48991b6ef86","retained","6bfbc7a78d8c86ef564fc82f827e5ec64e0115a165940c152b21d7bd376eb220"
"77CA117A-5545-4062-BC76-512EE1544EEB","c7d343e92bebc7b6dbc48856edb4e3fcc0378e2f9cc002e2bb94f3a1a34f8dd3","retained","61d6307004153d434075d18f46957e76df437c6809ddc40aaae2d5f8d67f4cfc"
"A6C2EB72-BAD6-4DDE-9A07-466A55A014C2","8fc8e13e37b06eb6e931cad2429e800947a5ff4f69649d6ecbddf9774b957b36","unresolved","a142ed92bd6302be9a6a3f804b7c0062d00f587f5729e15179e31dbef4446e4c"
"A6C2EB72-BAD6-4DDE-9A07-466A55A014C2","8fc8e13e37b06eb6e931cad2429e800947a5ff4f69649d6ecbddf9774b957b36","retained","e7926f9c57f8d157ea46a600e1194d674ffa58d71d3eb5767c300346950aa58d"
"A6C2EB72-BAD6-4DDE-9A07-466A55A014C2","8fc8e13e37b06eb6e931cad2429e800947a5ff4f69649d6ecbddf9774b957b36","unresolved","41e9b1b9b5a276a9061f30f9d7e049b0f9bdf5a7e1d01ea6e718d322d08f2002"
"E752F546-563D-4156-9DD0-5261E64EE40A","47254357af0da182ce728fbee84849fdbc9ffc928f6b5838320227c13b328603","excluded","9318e01acacfb2f367fa03c20583c0c6b7c9e9f9f38c0f1144a9ff7a9577de4d"
"E752F546-563D-4156-9DD0-5261E64EE40A","1614a011d6db68609757fa7a767b4c2dc3448398a8b991a118a4327823332eb6","excluded","91a49f052ea248342c81cf13e9d30650479c7499eca667b72c67a27703469d99"
"E752F546-563D-4156-9DD0-5261E64EE40A","0837f69b2185ee5268ab92268886668cda4367ccc4727c028306326c6ed1f2b3","excluded","a02c7d429ef12dd8096c79909db20e3760cde58838eb8bf6c4a7a60bcae56b98"
"E752F546-563D-4156-9DD0-5261E64EE40A","5c4ca8d2b47dbcde49b3be7f512292d0a6e9eb3b1f3510a1f6d34bc23fe3f5a2","excluded","432295ece9177cbece6f872160630270cbcd5b86a8db3d500e3ba4fc98e9c9be"
"07044EE9-C169-41B2-8DC1-4E5C5782E7BC","55757647411f53c5a6df00a368a8f9409d1ccce04456e6ecff958f2ab919aff9","excluded","bdb4811c8c49798e8147676c7e370d3544711ef5169485fb4b58f987b935c596"
"07044EE9-C169-41B2-8DC1-4E5C5782E7BC","55757647411f53c5a6df00a368a8f9409d1ccce04456e6ecff958f2ab919aff9","unresolved","c6de35b1f588314f811775052acd1bda250cb67569538863fed2a146810a5039"
"07044EE9-C169-41B2-8DC1-4E5C5782E7BC","55757647411f53c5a6df00a368a8f9409d1ccce04456e6ecff958f2ab919aff9","excluded","b39a61eb456074bd7989576d100b55d603c3a9a854c183adbc11a912a9dfa9d1"
"07044EE9-C169-41B2-8DC1-4E5C5782E7BC","55757647411f53c5a6df00a368a8f9409d1ccce04456e6ecff958f2ab919aff9","unresolved","c4eabef8bcaf52c6c1adab149520e01e8f12ec155324cbe3420a35144dde9075"
"07044EE9-C169-41B2-8DC1-4E5C5782E7BC","55757647411f53c5a6df00a368a8f9409d1ccce04456e6ecff958f2ab919aff9","excluded","466f9871ea0696c2a424fdc433d02cc9ad1e1338e337cdd4c7e7525da8f46a51"
"07044EE9-C169-41B2-8DC1-4E5C5782E7BC","f829b999e1a24ace26e53c773ac25a8786eacbd3cf153cc145f5d94fda7796ec","excluded","3b5f56a526dfcfedda924b4a1dac914d369239a157313a9edcc9478430794774"
"4D8FEB86-49A4-4BE2-91C6-679605B48B33","1db95db8e326d71e84ab68246dd70653d818c8b42379d49e813202a5e28310c2","excluded","70b1b4e7bad4211da241cd4ae17bd03e8f1b657986ce46084e55d5ef978f93b5"
"4D8FEB86-49A4-4BE2-91C6-679605B48B33","1db95db8e326d71e84ab68246dd70653d818c8b42379d49e813202a5e28310c2","unresolved","49c6f657af20f8670fb68e52f53a021c8a66e40aabd27253e89c665524164c83"
"4D8FEB86-49A4-4BE2-91C6-679605B48B33","1db95db8e326d71e84ab68246dd70653d818c8b42379d49e813202a5e28310c2","excluded","2b97ec7ff0747121c972492902e57cc6618aab159e826511255d5454b06b1dd0"
"4D8FEB86-49A4-4BE2-91C6-679605B48B33","fc330fca572018cecb0bb0d63edd07ff5b68d5a9bb54a035fed1c3bafb4372e0","excluded","06b317d29bb1c16591c4a3ff606f95608092f203a44dad9e81ccbe9ed12e5043"
"4D8FEB86-49A4-4BE2-91C6-679605B48B33","457229d1e90be3f035dd4070ef8c4d0e111cfe0a2f3e3eac109e88f0c0fb3d6b","excluded","4eda69021e4b133bb22ba2e18e301348f4ef04d8270ab4149c1e25b6d3df4cb0"
"4D8FEB86-49A4-4BE2-91C6-679605B48B33","457229d1e90be3f035dd4070ef8c4d0e111cfe0a2f3e3eac109e88f0c0fb3d6b","unresolved","53c90296fa8b0c17820dec69a856a210d9d1e20975a35e185f3d500423fa95d3"
"4D8FEB86-49A4-4BE2-91C6-679605B48B33","457229d1e90be3f035dd4070ef8c4d0e111cfe0a2f3e3eac109e88f0c0fb3d6b","excluded","1e5abf75e211edcca843b01217d79049c3e961cbc961d8b04238f78eb2b4cc0a"
"4D8FEB86-49A4-4BE2-91C6-679605B48B33","3a7419700d8a26badfef83566472a37529ebbfe6b76bf79474f68bad3e1170c2","excluded","5e4a07fd84c3f68097de994bcd63782dc3513b5bf6511835b1f9f070dee41100"
"4D8FEB86-49A4-4BE2-91C6-679605B48B33","99927f887ce14263e3211168e522fc047dff7e4d2a8ba8aed0d9bcd452826951","excluded","b40cbcc3f8d2df10e483d2ca27ce66b52919222ac00fa4e68a66da8dd99e7437"
"4D8FEB86-49A4-4BE2-91C6-679605B48B33","99927f887ce14263e3211168e522fc047dff7e4d2a8ba8aed0d9bcd452826951","unresolved","dc06eb7a7e5781b45a473dfb4d8a0b0096b1ee3391368b791823dd0782ef6aa9"
"4D8FEB86-49A4-4BE2-91C6-679605B48B33","99927f887ce14263e3211168e522fc047dff7e4d2a8ba8aed0d9bcd452826951","excluded","c9c7e27de26e74538e1a3c4059374cf76b9a529e7a7e9379135f1d2697f9433d"
"4D8FEB86-49A4-4BE2-91C6-679605B48B33","99927f887ce14263e3211168e522fc047dff7e4d2a8ba8aed0d9bcd452826951","unresolved","45976dc51269d0d068174c6a216eb45408cbcd9c3c53f732182f411e4119a0d1"
"4D8FEB86-49A4-4BE2-91C6-679605B48B33","99927f887ce14263e3211168e522fc047dff7e4d2a8ba8aed0d9bcd452826951","excluded","ffd41e055b0272086151d3b95a6dc3778eec83789d37df470d4254f756860104"
"4D8FEB86-49A4-4BE2-91C6-679605B48B33","99927f887ce14263e3211168e522fc047dff7e4d2a8ba8aed0d9bcd452826951","unresolved","8da46494619998e0d3ba00dfbd30a32bde5c4a3b4db7112c382c25de692c78a1"
"4D8FEB86-49A4-4BE2-91C6-679605B48B33","99927f887ce14263e3211168e522fc047dff7e4d2a8ba8aed0d9bcd452826951","excluded","e31a9a38eaaf34d67c7b531762ba9bdf598e3a90144b399f071b434a11328c35"
"4D8FEB86-49A4-4BE2-91C6-679605B48B33","99927f887ce14263e3211168e522fc047dff7e4d2a8ba8aed0d9bcd452826951","unresolved","7f3f45406c8dc061af692ccdd454f28187fd0cba18ba4abd5e059db75e8afcf7"
"4D8FEB86-49A4-4BE2-91C6-679605B48B33","99927f887ce14263e3211168e522fc047dff7e4d2a8ba8aed0d9bcd452826951","excluded","f429adf5db715236dff2955b7f2f799a9d4211d55197b73cd8305f98340036dc"
"4D8FEB86-49A4-4BE2-91C6-679605B48B33","f3bfe892244d0f7e9664aac241828ee0e86a03d87c119694ff22894d9845404d","excluded","81dde6667fe4a06fd9b54898897cf9de9b1b1bb0b29c34149986f5d48d2957a5"
"4D8FEB86-49A4-4BE2-91C6-679605B48B33","f3bfe892244d0f7e9664aac241828ee0e86a03d87c119694ff22894d9845404d","unresolved","e01c38863099f1ffea548a7501fba4cee8d2b49a4f36b8b2e8b3cc79c3416ded"
"4D8FEB86-49A4-4BE2-91C6-679605B48B33","f3bfe892244d0f7e9664aac241828ee0e86a03d87c119694ff22894d9845404d","excluded","8ef919fb29f1ec514a8ef5fa0dfcec648ff5e4d3012ac1542ae675f683d949a7"
"4D8FEB86-49A4-4BE2-91C6-679605B48B33","f3bfe892244d0f7e9664aac241828ee0e86a03d87c119694ff22894d9845404d","unresolved","4617909eb3e308ee144434cfbe8245efbb9698a9a64c94fd4b757db67f658545"
"4D8FEB86-49A4-4BE2-91C6-679605B48B33","f3bfe892244d0f7e9664aac241828ee0e86a03d87c119694ff22894d9845404d","excluded","6a6fb5c3ab551eef22a450dc32cb04f7447e1ba7e9236354c657d831300dbd60"
"4D8FEB86-49A4-4BE2-91C6-679605B48B33","d31d146e02d747541f803bab8439a0808af882532bf592432e4bd9f36aec3c5c","excluded","536a3e8aa7f8dfb51bd5a2069d9dfb37dd2e3f2354cb1434ba6b8a131549d27e"
"4D8FEB86-49A4-4BE2-91C6-679605B48B33","d31d146e02d747541f803bab8439a0808af882532bf592432e4bd9f36aec3c5c","retained","efcd1ea56a3b1822e0d31951720f8ea080e08b5bc666c7c18bf69ca8c61f10ae"
"4D8FEB86-49A4-4BE2-91C6-679605B48B33","d31d146e02d747541f803bab8439a0808af882532bf592432e4bd9f36aec3c5c","unresolved","bce8123e49085c592e551d768384251ca5664a416e6cd51fa61a5fadefb567c4"
"4D8FEB86-49A4-4BE2-91C6-679605B48B33","d31d146e02d747541f803bab8439a0808af882532bf592432e4bd9f36aec3c5c","retained","db1a7d2de80fc940acbcaaf26271703cf7f0c267ca9c536248e8f07d0efff0bf"
"4D8FEB86-49A4-4BE2-91C6-679605B48B33","d31d146e02d747541f803bab8439a0808af882532bf592432e4bd9f36aec3c5c","unresolved","53a62400734e335c0cfe39f6fbbe161362bc920c4eeee24098cda7b9a2f3825b"
"4D8FEB86-49A4-4BE2-91C6-679605B48B33","d31d146e02d747541f803bab8439a0808af882532bf592432e4bd9f36aec3c5c","retained","e11c3364acd85d988e03d975752614512fd9af83b5dbad1765846052f1e42681"
"4D8FEB86-49A4-4BE2-91C6-679605B48B33","d31d146e02d747541f803bab8439a0808af882532bf592432e4bd9f36aec3c5c","unresolved","b85aea0b7a8428e7c9d6411dd2e6bb42ebade2d88b1b22e28768a575641d7a57"
"4D8FEB86-49A4-4BE2-91C6-679605B48B33","d31d146e02d747541f803bab8439a0808af882532bf592432e4bd9f36aec3c5c","retained","b8d98a79aa9fc72642a717f987ef4d14a07ed59fd3c97c02316a71cb0fef1f60"
"4D8FEB86-49A4-4BE2-91C6-679605B48B33","d31d146e02d747541f803bab8439a0808af882532bf592432e4bd9f36aec3c5c","unresolved","1a8b6d3af7f7744443c8695ae7ef37eedc9b9db2a37277eba9bc881b485d34a5"
"4D8FEB86-49A4-4BE2-91C6-679605B48B33","d31d146e02d747541f803bab8439a0808af882532bf592432e4bd9f36aec3c5c","retained","5d1b68e8ea1815a8e7798ce44a02d01a334a398c68a5da1fef7268558ff76e28"
"4D8FEB86-49A4-4BE2-91C6-679605B48B33","581faad7aefc73820ccd5c9886e9ad03b781df4bda1d20ac821c63233b6ba308","retained","174409f2d4805bfb4a9331b002447b4470a86b21be349efceb18d398935d8299"
"4D8FEB86-49A4-4BE2-91C6-679605B48B33","a44608a154a5258563c93426c83ceb3ffd9edeeee68cbdecf75915bc4d73e1b4","retained","caac596c4605fabb1647a798f4e6b6842c8aeeaa85709798eef6c2539d7109d8"
"4D8FEB86-49A4-4BE2-91C6-679605B48B33","07687f0f506f0b9c5d40806eacd0a5032e1d345f0d5845e2018251572d759d23","retained","df90970b3de9150bb83d4cd4d69ccd52cced76f4f15912aa71e35d63d69c92ba"
"4D8FEB86-49A4-4BE2-91C6-679605B48B33","07687f0f506f0b9c5d40806eacd0a5032e1d345f0d5845e2018251572d759d23","unresolved","eabe7691fd61bee3cfc339a99f429341bc1f5cf4c2b07c3ddb30b782f43f8fd0"
"4D8FEB86-49A4-4BE2-91C6-679605B48B33","07687f0f506f0b9c5d40806eacd0a5032e1d345f0d5845e2018251572d759d23","retained","9aafab15231b4e6a5fe5d506ebcd901360ddd588b3133927248e7d9a4f160ffd"
"4D8FEB86-49A4-4BE2-91C6-679605B48B33","449f8034885b0d084e28c03f25aaf172bdd8f5c829601f8c38c5745e6f0b139e","retained","79bf32084c1064dcb877719a50483df1d1e3adc57635f59b1406e24e9de8e809"
"4D8FEB86-49A4-4BE2-91C6-679605B48B33","aa9e3229e344bf34653918c3d826deef07485abd763f18efabafb7070d61efdd","retained","684ca73f3cd5e341258423d621bb8675c39e97090321adfffb3ce081ac3bb249"
"4D8FEB86-49A4-4BE2-91C6-679605B48B33","aa9e3229e344bf34653918c3d826deef07485abd763f18efabafb7070d61efdd","unresolved","68dec455ed098a5638ba83e47c38818d7458853ec50c9589101f0dd3417f77c3"
"4D8FEB86-49A4-4BE2-91C6-679605B48B33","aa9e3229e344bf34653918c3d826deef07485abd763f18efabafb7070d61efdd","retained","9d7b6782bcb9833e5fe57776a341b51f0d4a55793e2971eb0ef27580e2f455a2"
"4D8FEB86-49A4-4BE2-91C6-679605B48B33","b17dc2551bb3703a9fa8414418f6ec3f883ee6ded3a782b8199f2fcaf8cce0cb","retained","6479f7bab04e082c7dd22af9854649e45302365b8aa4515ecba8be497d7f777e"
"4D8FEB86-49A4-4BE2-91C6-679605B48B33","b17dc2551bb3703a9fa8414418f6ec3f883ee6ded3a782b8199f2fcaf8cce0cb","unresolved","e95b013f1719b9ff9770acdc7646eb1be4bdf68b829306024bbc867a275bd3ba"
"4D8FEB86-49A4-4BE2-91C6-679605B48B33","b17dc2551bb3703a9fa8414418f6ec3f883ee6ded3a782b8199f2fcaf8cce0cb","retained","8fa456430d8829ee44d9a112c37ce563c84772925330846f004365c7d76bf8d6"
"4D8FEB86-49A4-4BE2-91C6-679605B48B33","0780f0d89bbaf5809abf211536be0409fa669d9fbfc77d4a9e5e331f99df18e2","retained","f9d380ae6cef032618332cd0626e2be1fb1c153f30c88a05e91eb6c902582d7f"
"4D8FEB86-49A4-4BE2-91C6-679605B48B33","0780f0d89bbaf5809abf211536be0409fa669d9fbfc77d4a9e5e331f99df18e2","unresolved","0ba8bf5f20adad3bbd9a325a6e8276f3c00a8bd869457945bec6c5b3164d670d"
"4D8FEB86-49A4-4BE2-91C6-679605B48B33","0780f0d89bbaf5809abf211536be0409fa669d9fbfc77d4a9e5e331f99df18e2","retained","69c413d199b5599af2eb67c3c523a826f5d7c219084bab2f7740cc4e5ae3f777"
"4D8FEB86-49A4-4BE2-91C6-679605B48B33","4a12c253a548919febf7042dcf44899a19e62c17d2ac29439806e6d71f637404","retained","82de73fd705e4f59c35f911f31be8a4da7be39ac2c5f3bf1831ce43ea286e7f9"
"4D8FEB86-49A4-4BE2-91C6-679605B48B33","6f9824f86c3efe9362663cac984c70c5c72a01d5313bee60ea4c575014460be0","retained","a290e0fc74283f74555c30b0588ec43b20a216895c6858529f2f31823a32705a"
"4D8FEB86-49A4-4BE2-91C6-679605B48B33","d48c377cb089b11c538acdd2622a2b69d09304aa09381047342d69d607ae0fb9","retained","d19b2550d933243f498de1a0583ed4923800b767b5fe90fc3985df25be4fcd53"
"4D8FEB86-49A4-4BE2-91C6-679605B48B33","d48c377cb089b11c538acdd2622a2b69d09304aa09381047342d69d607ae0fb9","unresolved","3d191ea63c72bb3bf36e1e09bdb33254874bc6af403da530bd7853d5522528f6"
"4D8FEB86-49A4-4BE2-91C6-679605B48B33","d48c377cb089b11c538acdd2622a2b69d09304aa09381047342d69d607ae0fb9","retained","4f9fc7548fa272ce8b8deb1d6f906158caad033b840c5340aedee3150e739c64"
"4D8FEB86-49A4-4BE2-91C6-679605B48B33","d48c377cb089b11c538acdd2622a2b69d09304aa09381047342d69d607ae0fb9","unresolved","00f7d59586a59654d29d5dc282cc844a4022963d84576e35418b116cfaa043ad"
"4D8FEB86-49A4-4BE2-91C6-679605B48B33","d48c377cb089b11c538acdd2622a2b69d09304aa09381047342d69d607ae0fb9","retained","de9c4d0ce53600b6b030c249efbaf40b061a7796d97fcf53eb3fa3d4f9c79ab8"
"4D8FEB86-49A4-4BE2-91C6-679605B48B33","d48c377cb089b11c538acdd2622a2b69d09304aa09381047342d69d607ae0fb9","unresolved","5208cbe4af7207fbf68f0c689e8ce04ef9089f1fd98f0fb33e77f7a889c5201a"
"4D8FEB86-49A4-4BE2-91C6-679605B48B33","d48c377cb089b11c538acdd2622a2b69d09304aa09381047342d69d607ae0fb9","retained","f8a8ee46280d454fa294ac6639268d7ed3bf85fb82dea1dd760ce9aff5d3b49d"
"4D8FEB86-49A4-4BE2-91C6-679605B48B33","d48c377cb089b11c538acdd2622a2b69d09304aa09381047342d69d607ae0fb9","unresolved","089c99225e86e348544b45f4fd881eb85cc25cd9baf91d0103cb4e1932ec7662"
"4D8FEB86-49A4-4BE2-91C6-679605B48B33","d48c377cb089b11c538acdd2622a2b69d09304aa09381047342d69d607ae0fb9","retained","b78c6398dc50f74775f8c8f2dc6d538db6b408ac0158520408399a13f0f6b3ea"
"4D8FEB86-49A4-4BE2-91C6-679605B48B33","d6214a97dd51f735b7552494027e11761b84ebd4f934c187856b12bc5a7b28ee","retained","c61ff50dcd655a164ba22e0b72939db5a6c8c017e1164a04b234d7cd06fb2fd1"
"4D8FEB86-49A4-4BE2-91C6-679605B48B33","1d53d429017de85690637504e4a40653843df841610e58b28b4a5dc0580944aa","retained","94c206f63be9d78e62d25a52ba693db939251ad569cc21e54c20068c4d9da254"
"4D8FEB86-49A4-4BE2-91C6-679605B48B33","1d53d429017de85690637504e4a40653843df841610e58b28b4a5dc0580944aa","unresolved","020a1719792393b3d4eb71f1c962b0e6244a25438fc81c292ca951464088f800"
"4D8FEB86-49A4-4BE2-91C6-679605B48B33","1d53d429017de85690637504e4a40653843df841610e58b28b4a5dc0580944aa","retained","f1e7becf95f37dcc322b172ea20cd59bdf236a50035a75abb090eca6e298398e"
"4D8FEB86-49A4-4BE2-91C6-679605B48B33","fda990e7912f491eb91aa9b53a1e64148433dbf22f3ed08c38e89dee20cbacc0","retained","f2b8f3cf256e8b0776b0b5833eba1d0f9095efd07da9946157b6e57b6f409bc3"
"4D8FEB86-49A4-4BE2-91C6-679605B48B33","59f65f6ac5e3cceeca08ef6ad0d2559e3c61bde8b5dd6d0bd5d9fb3f06437bfd","retained","d5a089e688f1062e3175386ef56df4450ea8b868f6495fe560f587615f90da70"
"4D8FEB86-49A4-4BE2-91C6-679605B48B33","59f65f6ac5e3cceeca08ef6ad0d2559e3c61bde8b5dd6d0bd5d9fb3f06437bfd","unresolved","1eb8570ffe894e8685831160ca44f55c5ae2e7e1e3eb9e45b0cc0e851525a9c3"
"4D8FEB86-49A4-4BE2-91C6-679605B48B33","59f65f6ac5e3cceeca08ef6ad0d2559e3c61bde8b5dd6d0bd5d9fb3f06437bfd","retained","bfd953a52138d97417623630df1fe0fcde515b75c2e6fd8bd988ff61dc6cc116"
"4D8FEB86-49A4-4BE2-91C6-679605B48B33","78353b1b3ebbd49723e6deef5620156d272c46d0064c00d7670937876b2a4ca2","retained","b3d1656b91c6d97796a86763e9e171d5b847847c55668ef4d13dc3844fc53d3c"
"4D8FEB86-49A4-4BE2-91C6-679605B48B33","b2fe5cc7a2b97c9d4cf933634bbd5eded79598266bed076dfb3fd7d5b326b3f2","retained","0bd068d3c487d93a27d47f2540ce2886930e5cb422ce7216e5a16fb78f2bace3"
"BA92649B-B415-44B7-B4FB-935DD85AFCEE","d21efa9ea6af0b5c7bd6dee78ffb72f196732a3dc1828b716651f74998b0103d","retained","a4648b69ef560d4ea991c636300eb348f34f76f8164dd2992d9663245ba0b07d"
"BA92649B-B415-44B7-B4FB-935DD85AFCEE","13d3ab23db484d976711bc04ff34b16fc6d1a628d4f936288d7deeb2b5ace704","retained","99093ca85ef94956ab596dbed7196be59cd5f5fe2c4060d124c0f224cf4980cc"
"BA92649B-B415-44B7-B4FB-935DD85AFCEE","ca0a21ec6a5b4daf4bd26e6108a35171a82814d58d08631c0f03f34cb777e43e","retained","4a892cb911111253ab379e2c092cdf4c641fea7b2223d1c84d913f7a5e54e39c"
"DCB200E9-7CCC-481D-8CB8-5223887396FA","77d132a1f48220a06eff1f3dbbfc5bf84a2912bb2faaf686aefe6be6ab55247d","retained","9049e1718896c99a88aeb0029f2aaead728bac85d1c444532f0f39966c3e856c"
"DCB200E9-7CCC-481D-8CB8-5223887396FA","e4d1b797e151c99de95d3ab38300f45f82e9964fc5707e07982ec7530683ce1a","retained","feee4a848eb6256a97c80afc831b51b729b89d691abea3233e00fb1edbbb2d80"
"63EB0B7C-7D3F-4984-8560-540D6931DEA1","7bea1ea39ff6734f42e8a23dd3f0f373fc05fd034245d126c6022898d159e645","retained","4e941f1a4a76bbc0acfe5b0efc683eea901fe94a557cec1a47c71033e5a655a4"
"63EB0B7C-7D3F-4984-8560-540D6931DEA1","03c2e63cded0b222d09f103917558851dfa2c66fc8f8b3e0e4af042ac265af63","retained","68019d0fd320d43d36d52224fb7a850df6b69e98f89fdbb8bd423c6ad5e62c7b"
"B89CDCB2-84CD-4048-BCC0-58BCD1646E88","0940568eb9aff5388af6d394a554e71ff24ae3f6329261fd5d397c5b301f2b51","unresolved","ed0dc580a4971c280eb2cddfe60c5006113a21684d39e2b25427adf6cc726cc0"
"24EA2522-B257-494D-AE7D-F45B38C22320","828391bb9efbccaf8b6f6ecfc4fec449ddcb128a580bbba05060407b778e17a4","retained","97638fb822257eaf9f62bdb48bd9404f7fbfc4ffbe376509814ef9fdfbb51256"
"24EA2522-B257-494D-AE7D-F45B38C22320","828391bb9efbccaf8b6f6ecfc4fec449ddcb128a580bbba05060407b778e17a4","unresolved","674d46b95478e5057b034a82e547c3b8ba346b5723e03d1573ee5096bc776e37"
"24EA2522-B257-494D-AE7D-F45B38C22320","828391bb9efbccaf8b6f6ecfc4fec449ddcb128a580bbba05060407b778e17a4","retained","3336d6a593e5c1caba4fb57783e84ad4ad5cd2989122cadaf80d33377491b554"
"E9E4F321-EC71-4A3A-BC08-ABEBA50D8E21","0a918493dbe7310c64227ed0c55a283e8718c881bae1f3666ef055fa1c395327","excluded","0a918493dbe7310c64227ed0c55a283e8718c881bae1f3666ef055fa1c395327"
"A8BB2231-0519-4C55-99A2-70661B786140","f7ef8e98e3cb5aaca0fa842b9b9fcd6959d5ece4345aabbadbeb3d4bb97eda25","excluded","0b970a4884e021307b6f578dc59e600484cbab9e1fdcd4da03fd75d25afa58e8"
"100CFCA2-6849-46F0-A47F-4F6DFB8CC91B","5ffb219b2f1ffb39571d8a27e957c09bddf4cb83c60a06756f46a45971bb3a6f","excluded","5ffb219b2f1ffb39571d8a27e957c09bddf4cb83c60a06756f46a45971bb3a6f"
"66B62241-C889-44BB-97E5-465F99567132","419e23134d799412cd1c6f6ed4c7b192ce4e7f74cba005285f77f075a281a44b","excluded","939f10df3dc02bfc09370558ce92e021b6490e40633fadadd305d930513895d8"
"66B62241-C889-44BB-97E5-465F99567132","419e23134d799412cd1c6f6ed4c7b192ce4e7f74cba005285f77f075a281a44b","retained","ab20f7153a5dc0c775f60c9c6e8ec62f67088fd7130eeef5d78bb69fda3d08e6"
"66B62241-C889-44BB-97E5-465F99567132","419e23134d799412cd1c6f6ed4c7b192ce4e7f74cba005285f77f075a281a44b","excluded","b8f496ec6dd7111a4ffe1b4c98563424e727a564567862bd5a51feab948487a9"
"66B62241-C889-44BB-97E5-465F99567132","419e23134d799412cd1c6f6ed4c7b192ce4e7f74cba005285f77f075a281a44b","retained","0f913c293ba5b4550a0586978c4facd33c96329c5c4bff8d843a0e021778ffe1"
"66B62241-C889-44BB-97E5-465F99567132","259bc67fd5835ec70d0915fac200ffa3ace231596fe12430500a7d0108ae73ae","retained","c4ff61b098eaee4911aee8045f38ee6cb8d9f32a108be6d4ad56e01fdc1019c3"
"26B9529A-0C45-429A-94B6-D3B8D4F973A9","a1791bd9b80b579ac20ea070011dfe4c77f59db909a02229b1484215cf555827","retained","4e35443e640d226d749d96673d811287697797f40a8e4fa7678c41cf27c2ce5f"
"A952C6C7-C24F-440D-B47D-2E6BC18A239E","59d63b540d778ad3dd212717d39af53d68f3f001f7034db355f32e7d6c12e10a","unresolved","c25b03cbacf2ffb256ddaf27298e44b9407d52487a7ba22e11dd9f9eca4a6cec"
"A952C6C7-C24F-440D-B47D-2E6BC18A239E","59d63b540d778ad3dd212717d39af53d68f3f001f7034db355f32e7d6c12e10a","retained","cbfc01bf34eab0d6c111d2f427cf1ec18eaad1686c4047c076b90fbe84bb710b"
"A952C6C7-C24F-440D-B47D-2E6BC18A239E","dd0d3042b3f0fb21e059dd5b65db5b523c42dd0c932f3dad68fc20f1f0e4803b","retained","6e5abaf27dd3a360e408870ea307972448385b66c0ab2a080774f1ba7c323182"
"A952C6C7-C24F-440D-B47D-2E6BC18A239E","dd0d3042b3f0fb21e059dd5b65db5b523c42dd0c932f3dad68fc20f1f0e4803b","unresolved","803460132017a70a31ac0bf58de8e26a082d1f5bda2cb7e51955adf064dac85a"
"A952C6C7-C24F-440D-B47D-2E6BC18A239E","dd0d3042b3f0fb21e059dd5b65db5b523c42dd0c932f3dad68fc20f1f0e4803b","retained","4e725d5fd9ca4feec34d217d124887183e923eb17ea711db804361a8e227d915"
"A952C6C7-C24F-440D-B47D-2E6BC18A239E","8d2269d1874d1256f69dfcecb9fe870cfb9adddbea42142f487090681e68dd8f","retained","7cab9573682ea4de2f84d0f147cd39332661d0c691c6bf03e604377c038ec453"
"A952C6C7-C24F-440D-B47D-2E6BC18A239E","8d2269d1874d1256f69dfcecb9fe870cfb9adddbea42142f487090681e68dd8f","unresolved","e11c3313704cbdb16d93e1ffd98a881eb53fa3c08d3b6677bb4832e3464a3586"
"A952C6C7-C24F-440D-B47D-2E6BC18A239E","8d2269d1874d1256f69dfcecb9fe870cfb9adddbea42142f487090681e68dd8f","retained","3574890cad1853fc285b1c154c28edf6f76d71decebc070ea532135e9c38e892"
"A952C6C7-C24F-440D-B47D-2E6BC18A239E","8d2269d1874d1256f69dfcecb9fe870cfb9adddbea42142f487090681e68dd8f","unresolved","8b010787b0d3a020edc24a9cd9a29c0d7a61b51b8b3d641c6b9937ac3e9da6ac"
"A952C6C7-C24F-440D-B47D-2E6BC18A239E","8d2269d1874d1256f69dfcecb9fe870cfb9adddbea42142f487090681e68dd8f","retained","1da2400dc9a283e846959bd4e67b61d32baf694be9213148deb5bcded06d8ec7"
"A952C6C7-C24F-440D-B47D-2E6BC18A239E","8d2269d1874d1256f69dfcecb9fe870cfb9adddbea42142f487090681e68dd8f","unresolved","9de2cb8e21e8dcef053c3a12c882163b370d3e5ae42a080f068580cb8226c134"
"A952C6C7-C24F-440D-B47D-2E6BC18A239E","8d2269d1874d1256f69dfcecb9fe870cfb9adddbea42142f487090681e68dd8f","retained","333f7cfda19ef6c0061df3783fc893b08ba1a71f65011f3527a1c44487d1c00c"
"A952C6C7-C24F-440D-B47D-2E6BC18A239E","8d2269d1874d1256f69dfcecb9fe870cfb9adddbea42142f487090681e68dd8f","unresolved","9661ab671afb8a9e2ab299cbbe802f237c3c168eb8bab5315d519fa1b1369620"
"A952C6C7-C24F-440D-B47D-2E6BC18A239E","8d2269d1874d1256f69dfcecb9fe870cfb9adddbea42142f487090681e68dd8f","retained","72ea4e27b4a2e29351b0728b5ac3d7d68e61ab78eef41b726e9a7a4ce83b2e87"
"A952C6C7-C24F-440D-B47D-2E6BC18A239E","8d2269d1874d1256f69dfcecb9fe870cfb9adddbea42142f487090681e68dd8f","unresolved","da90a040f9e90cdafe45c6ad7dc675789c351eb3f10b1012376d3cf22bea4cad"
"A952C6C7-C24F-440D-B47D-2E6BC18A239E","8d2269d1874d1256f69dfcecb9fe870cfb9adddbea42142f487090681e68dd8f","retained","8e6b5bfc969fb03545e1b8550a3cb39e577db76e626222cdb267304216c83b86"
"A952C6C7-C24F-440D-B47D-2E6BC18A239E","8d2269d1874d1256f69dfcecb9fe870cfb9adddbea42142f487090681e68dd8f","unresolved","f88929f6138bcd0bf446ecf38a88dd5ebd41540afb502ba6900fc1cec9a21b20"
"A952C6C7-C24F-440D-B47D-2E6BC18A239E","8d2269d1874d1256f69dfcecb9fe870cfb9adddbea42142f487090681e68dd8f","retained","ef96a2d44bb2aa2c418fa5bbceedc450a34bf66a78336cab74267a357ffab9f0"
"A952C6C7-C24F-440D-B47D-2E6BC18A239E","ff809ca63176037049d767b3a9a31d990c5c358ab843748faceec6f353abade9","retained","861d693948817d931d98dd503dbf3c535076fefdf8a1700ec94910ef98452635"
"A952C6C7-C24F-440D-B47D-2E6BC18A239E","d5ff324fc66f02d4ba6cef602f45cfb8683dbcb3b84aefd6f163e30dc2f27a1b","retained","50fa679fa4bf12cd20478d5af1cce8b09084051d1d7a3a84a59536c2db0a73c7"
"A952C6C7-C24F-440D-B47D-2E6BC18A239E","2ea2cf248ba87b26d24682c586871c17dcd81c713d23ae1190f43a0bf73723c8","retained","2d824c6a5d798e19640b3b58642771394ac80794276b7410c8f786ee5aa12d0f"
"A952C6C7-C24F-440D-B47D-2E6BC18A239E","7326623b64d07c7bd25004aa180dc1bace02fed42674973631ac414ca6dad7ea","retained","e35c64f0b4752dfd02c80d6a8258e2fe18272568673a44ff6135331d09a9ca41"
"A952C6C7-C24F-440D-B47D-2E6BC18A239E","7326623b64d07c7bd25004aa180dc1bace02fed42674973631ac414ca6dad7ea","unresolved","2c46e663dbb40b99fa2a1367c11c3a6dbc1eebb73860140489e966a268417faf"
"A952C6C7-C24F-440D-B47D-2E6BC18A239E","7326623b64d07c7bd25004aa180dc1bace02fed42674973631ac414ca6dad7ea","retained","8114e085d22ec4bffb3255d36b31e49255b879d318fe18bc15ae6dac22d6927e"
"A952C6C7-C24F-440D-B47D-2E6BC18A239E","0eead632d4dd5d1ba8bfd1da38fc60ce1229678fcd753bfd51286b223039a871","retained","f78e5b8c570f15734a61286663b3347a850a3a4f813d12be753483b16b48c215"
"A952C6C7-C24F-440D-B47D-2E6BC18A239E","75ff73f47bb7362e8b1afc04fd926ad5269c2858667f665a4aaaa02e7dc98069","retained","57a20cf3a19d6ca3a5072db6e07af696d4b58c40883d76790a90343d696be6c9"
"A952C6C7-C24F-440D-B47D-2E6BC18A239E","8497c781c5a851652fb4271a0b5383f6b2939f37f35e0e6d1b2dc3b4f18c7996","retained","b48041f0f39ca47cba634f852059f8e6e894e8f289e10f52f4ed1792cfc10ef5"
"A952C6C7-C24F-440D-B47D-2E6BC18A239E","8497c781c5a851652fb4271a0b5383f6b2939f37f35e0e6d1b2dc3b4f18c7996","unresolved","0447db4edca4a11523cdbdac98fed468962174ac72fffad5ab448f0db9ac1e3d"
"C7F772C9-8EEA-4059-A894-DF6BF8B1FAAD","8965d12987d7c3e551b9a2866d0483c94026db60ff660926d1998bcedd65cf9b","unresolved","5735371f1c426d0b6a79056bcf8039f9eefd6aec2dba40cb6dcdc07f22537361"
"C7F772C9-8EEA-4059-A894-DF6BF8B1FAAD","8965d12987d7c3e551b9a2866d0483c94026db60ff660926d1998bcedd65cf9b","retained","6a9ab31be38231e44b650c702edfd7b478dabd0e774ea590128d141b47508787"
"C7F772C9-8EEA-4059-A894-DF6BF8B1FAAD","fc2a643f45163ea8acc1342598db486a966812662c7cc7faa34db170bbfacbee","retained","1c63356f7244a588f2461b296ccafbdb2482d8039608d070cc87ac23c19c0f38"
"C7F772C9-8EEA-4059-A894-DF6BF8B1FAAD","fc2a643f45163ea8acc1342598db486a966812662c7cc7faa34db170bbfacbee","unresolved","7bbcc3b12b967eb534e96bfaea9c10d365bceb480f5771f38d060f10567499de"
"C7F772C9-8EEA-4059-A894-DF6BF8B1FAAD","fc2a643f45163ea8acc1342598db486a966812662c7cc7faa34db170bbfacbee","retained","5c60c5800cb98fd5c81f1ab10672f4b208f3c7ae97c0a6ed5432520b615218b0"
"C7F772C9-8EEA-4059-A894-DF6BF8B1FAAD","59afa2d6eb34d22ab24b63bd13be915ebd3b749478fb9725608dee436e44d35a","retained","2c88548c38a9c84a40dd91d7a5934c4fcb4876a058a31ba0287bc1b1c5c20969"
"C7F772C9-8EEA-4059-A894-DF6BF8B1FAAD","59afa2d6eb34d22ab24b63bd13be915ebd3b749478fb9725608dee436e44d35a","unresolved","fa6395dee673122fc0d9818f8281b3fddd470ef158e307eb27a2e7a7b693e945"
"C7F772C9-8EEA-4059-A894-DF6BF8B1FAAD","59afa2d6eb34d22ab24b63bd13be915ebd3b749478fb9725608dee436e44d35a","retained","fa5848ffa82226495deb6e63ef9e3da08f44f03165364164b2154eb1ce72cd3f"
"C7F772C9-8EEA-4059-A894-DF6BF8B1FAAD","a48c9d2813a114165b49a2f6452fb9e164d398ae5d26233045889cb5899e3339","retained","e7582ada850b0ded948991e62ed36acc11c1465d86d4a856ee0ecac79a5ef442"
"C7F772C9-8EEA-4059-A894-DF6BF8B1FAAD","a48c9d2813a114165b49a2f6452fb9e164d398ae5d26233045889cb5899e3339","unresolved","c4fa2aea1971db149b74755e483df7970c750aa7c1ca6461a643c80fd2d85214"
"C7F772C9-8EEA-4059-A894-DF6BF8B1FAAD","a48c9d2813a114165b49a2f6452fb9e164d398ae5d26233045889cb5899e3339","retained","250a6f5ddd73e067e5e99f3b9802a38e4ed6e633dea5a9ecdfb26c341cb43d61"
"C7F772C9-8EEA-4059-A894-DF6BF8B1FAAD","a48c9d2813a114165b49a2f6452fb9e164d398ae5d26233045889cb5899e3339","unresolved","ca4dcfb382810439cc8e342bde3032c11ee30d710ee2aedbe2ebc0c883c9750d"
"C7F772C9-8EEA-4059-A894-DF6BF8B1FAAD","a48c9d2813a114165b49a2f6452fb9e164d398ae5d26233045889cb5899e3339","retained","40df408fad2136cf9a8687e17d0b66bfd277931302b62234abf7cf4b13267f1e"
"C7F772C9-8EEA-4059-A894-DF6BF8B1FAAD","96457388d91942d20dcfa76de778bba93f2f10ef1d7dca97af2ad102cfdf829e","retained","5ff8d467a7546ef726d1ead7c078f4762da90da5d6eab470a9b7844a553c4b69"
"C7F772C9-8EEA-4059-A894-DF6BF8B1FAAD","96457388d91942d20dcfa76de778bba93f2f10ef1d7dca97af2ad102cfdf829e","unresolved","3837ad977035241b383deb0dccc84d25a34e8b00701ac87eb6a720445b6a0f31"
"C7F772C9-8EEA-4059-A894-DF6BF8B1FAAD","96457388d91942d20dcfa76de778bba93f2f10ef1d7dca97af2ad102cfdf829e","retained","aac4998e03a152a749494d4058ca4aa045eaf7dcdbb46d189da92f304243fe44"
"C7F772C9-8EEA-4059-A894-DF6BF8B1FAAD","5d69c787c943295b82eae59fe7bf31e1a8b50c8dfbc2b9e7cf5fbc368d04573c","retained","bff4567102cae729eaae4787c13f26aaffdd842f9c01b75416ef8f6dfd800d16"
"C7F772C9-8EEA-4059-A894-DF6BF8B1FAAD","5d69c787c943295b82eae59fe7bf31e1a8b50c8dfbc2b9e7cf5fbc368d04573c","unresolved","de8d3a65d53fd368252b85856156e5cce89b5977ac04cd4a160a12dc67edaacb"
"C7F772C9-8EEA-4059-A894-DF6BF8B1FAAD","5d69c787c943295b82eae59fe7bf31e1a8b50c8dfbc2b9e7cf5fbc368d04573c","retained","d453ec4b355d46b20896948ad4308b0b3f1a56261ad0269984566c31a4fa40da"
"C7F772C9-8EEA-4059-A894-DF6BF8B1FAAD","94773d0a4f8e64a7c23c6c7c8dd8f82d012d3fd5f25d0084f9e9b4d5f6bb2ba9","retained","123374f7cf7d21416292eb8a916339004da57556590eeb2a47d8b860b56d5e2c"
"C7F772C9-8EEA-4059-A894-DF6BF8B1FAAD","02ab55d7846706136aef238b134c7977a30390ef10953be3bdc9cb994f3b2ce8","retained","bba47314f593475e24bc8ade1c1c71edc4f55120d60619363a533eacaef2144a"
"C7F772C9-8EEA-4059-A894-DF6BF8B1FAAD","2b092de5fc39b073fa03291949e2b3b0a1b5e14df4a11540a1788d0824ee7b55","retained","eaae55556454b01aac2be555c6d88e19865bd860e41fc3e115315d202e1df593"
"C7F772C9-8EEA-4059-A894-DF6BF8B1FAAD","2b092de5fc39b073fa03291949e2b3b0a1b5e14df4a11540a1788d0824ee7b55","unresolved","ee03efcc93a1ba07bff283d4626b2c4c3eb5cdd45a17bbe91b18bdfaf975c288"
"C7F772C9-8EEA-4059-A894-DF6BF8B1FAAD","2b092de5fc39b073fa03291949e2b3b0a1b5e14df4a11540a1788d0824ee7b55","retained","e67f15e99c406f79b71bec1713c7a43c301fcd036793efdea78b95421cb0735d"
"C7F772C9-8EEA-4059-A894-DF6BF8B1FAAD","7c5cd7609e5c2f956a2039944fdc1a5b16ab896547923397a725ef2e64e047c8","retained","0f64429b39c3d4f1a53afeb2e70a15d97df6a66900e00b299473f5ab8e90af64"
"C7F772C9-8EEA-4059-A894-DF6BF8B1FAAD","7c5cd7609e5c2f956a2039944fdc1a5b16ab896547923397a725ef2e64e047c8","unresolved","3c09afb088d6bbf39bf6b8d3b8a981f2f9363aa69aa03c11cd87de9a1d387561"
"C7F772C9-8EEA-4059-A894-DF6BF8B1FAAD","7c5cd7609e5c2f956a2039944fdc1a5b16ab896547923397a725ef2e64e047c8","retained","c174150d6d3bd01df6f0fc244fb4f134aa01af065e2d7f7ba271f5e61845bca6"
"C7F772C9-8EEA-4059-A894-DF6BF8B1FAAD","d3c8577b1dfc238a52b7200c274c54c477b74d0ef41d70a30690bfdf19301c0c","retained","4bfa79add561fa0c1b52177249a7f852c8db7fd4b0803302a907eea476ce9b9f"
"C7F772C9-8EEA-4059-A894-DF6BF8B1FAAD","d3c8577b1dfc238a52b7200c274c54c477b74d0ef41d70a30690bfdf19301c0c","unresolved","4469654e181ca3e5930ca3430e9b2f32eeed294739e9437d14d29dda65f21147"
"C7F772C9-8EEA-4059-A894-DF6BF8B1FAAD","d3c8577b1dfc238a52b7200c274c54c477b74d0ef41d70a30690bfdf19301c0c","retained","9627c140d901b4302866eab8821d33df51c4c3ecd0d6df1d91f4c22a4ecd9316"
"C7F772C9-8EEA-4059-A894-DF6BF8B1FAAD","d3c8577b1dfc238a52b7200c274c54c477b74d0ef41d70a30690bfdf19301c0c","unresolved","7b09e8ba57102f90628312177d658735396778e76abfcf3901084e3cc7814235"
"C7F772C9-8EEA-4059-A894-DF6BF8B1FAAD","d3c8577b1dfc238a52b7200c274c54c477b74d0ef41d70a30690bfdf19301c0c","retained","3618e483c315d98dea46a8bc82770b6b150f283c4190ef89de1ba3055ad1657e"
"C7F772C9-8EEA-4059-A894-DF6BF8B1FAAD","d3c8577b1dfc238a52b7200c274c54c477b74d0ef41d70a30690bfdf19301c0c","unresolved","b67490a7bb8efd52f0a1a432426b57289afcb1486956615a4f811ab1861ce004"
"C7F772C9-8EEA-4059-A894-DF6BF8B1FAAD","d3c8577b1dfc238a52b7200c274c54c477b74d0ef41d70a30690bfdf19301c0c","retained","ee078799b5cea23370548a9e981f08272d7bcce90eae4ed36261c7297a35a8ee"
"C7F772C9-8EEA-4059-A894-DF6BF8B1FAAD","2abd4bfbe89bc66603297d5f728c1470eebc530e9a3a4f912d257f4567be9a5d","retained","5854a1aed8877c47449befa2c074f23a354cb7dc4780e958ca470272d15b31b8"
"C7F772C9-8EEA-4059-A894-DF6BF8B1FAAD","2abd4bfbe89bc66603297d5f728c1470eebc530e9a3a4f912d257f4567be9a5d","unresolved","cb90ab955df06ead481242806c7fd34e153f89ac10b6cf53701a60e4fd4251e8"
"C7F772C9-8EEA-4059-A894-DF6BF8B1FAAD","2abd4bfbe89bc66603297d5f728c1470eebc530e9a3a4f912d257f4567be9a5d","retained","e7f3aa70bc24221ca79173da4879631b5024dc37332c8065bbeb4550a512b00b"
"C7F772C9-8EEA-4059-A894-DF6BF8B1FAAD","5b9378082228d6354a67e4316eb39669710052b0c5fd4fcd6125f03cbf5898b8","retained","5b9378082228d6354a67e4316eb39669710052b0c5fd4fcd6125f03cbf5898b8"
"D20632D8-7DD9-4006-905E-3D39CEE8413E","8b8e8270daf5d3e85548bbbdd91883166474bf8e5c6df2fec7f7aff2a2efc18b","retained","8e00e303a1b4ec19b1b6ad887ff04aa5371e54177bffcbdbde42099527d19bf4"
"42DAFC79-1B49-4D39-8090-A30AE5187E4D","7267a2e6bce53ee8584d1be936e89ccbcac4b2bea23dd88e6fc317e73fe084ad","retained","ebda79eb2d6bd3c3ea1a458241f1961bc97c5c59faedf00579ce4805a05ceb49"
"4BD8E6FB-ADB0-4260-902C-FF32236C7499","109007c31fc8541e55b903cc7b2f0cc93ca0f536f173b1ab874cd6c56be7b0c7","unresolved","9c2f1c25307aeca11aa5b6dd3354515d35b4c7eda05fd5168d08b97283823a00"
"4BD8E6FB-ADB0-4260-902C-FF32236C7499","109007c31fc8541e55b903cc7b2f0cc93ca0f536f173b1ab874cd6c56be7b0c7","retained","1dc6f454775944aad69de1e38fdcc32333e60d328dc44a3de41a39948b346f5e"
"C81B8351-B926-459C-B0F9-55FB3F28E8CE","cc5d4ba521210c2724f9dedc8d0c5e9a2c3c14a775aac8267e77b1c4eb456d28","unresolved","36696992650103eb92732ce9565979e5b95124554aa7fae167617209ccfec8da"
"882C7D08-8771-479C-A480-73FC4EE74DAF","4a41cd31533de223cb83237db9c81fca65bbab5594c2270b65c319a9f9f5a69a","retained","886f446d488247fe58a2b61eca4646f61203217759d162dcb3c50e0825b14e6a"
"1A411AEA-F556-4C4A-9DE0-AC05B005B0D0","9b31c6c8c93ad93a9622cf58cac114154fbf979b747fcf5e1de1feedf062dd46","unresolved","54b672d482e5579f23be6758777b1ccf5dc19ec8c309f2166fa05e8d51bf632e"
"1A411AEA-F556-4C4A-9DE0-AC05B005B0D0","9b31c6c8c93ad93a9622cf58cac114154fbf979b747fcf5e1de1feedf062dd46","retained","db3958d5547081787ec66b26605c2f479b6509cac1e535a18352ba3458ae0e88"
"1A411AEA-F556-4C4A-9DE0-AC05B005B0D0","9b31c6c8c93ad93a9622cf58cac114154fbf979b747fcf5e1de1feedf062dd46","unresolved","b135c5aefda008ec034027ee2e365527316fe7d6198417f2ace15d71d2cd6eb3"
"7348E976-DAE2-4D77-92C1-1421C8E3FA5E","452c6ed4a4e4ee8e1e3d576b124e13acb0d911f6b166cf2d8cdb5c108b30c7c7","unresolved","34d8de6f6ed830e7490389209af506d19a492f67aabd4626238d3f1070fe0069"
"2DBDBA46-74F5-4946-83A4-46F8152BED4B","5f1ef0343596579ced5140b7617d59cf19d6a58501b639217ebac08ad72f0689","unresolved","b0b4d48fbd19100bc235490537840b89e34658d8cd7914d70dc3e6122c587da1"
"2DBDBA46-74F5-4946-83A4-46F8152BED4B","5f1ef0343596579ced5140b7617d59cf19d6a58501b639217ebac08ad72f0689","retained","a1b332064a6035d1f60154ac563acc845668581a9ba7fee0c7071600db1e0fcf"
"2DBDBA46-74F5-4946-83A4-46F8152BED4B","80c39112bd641b27e46f787972d5acb02dd1b34b3b2088b2f5f3644e03699af2","retained","2b095347ed348c877628a40a9c0735b6abfdb844428fb18d1f40b823764a2f45"
"2DBDBA46-74F5-4946-83A4-46F8152BED4B","5f7c0a0856f940425096e50ba74e69edfb4a5a6dfadfec6d722ba47214da4e59","retained","47c570a5cdbe1ec11113860c2a356f61f66668617d5d303a215032325eb8e76f"
"2DBDBA46-74F5-4946-83A4-46F8152BED4B","c7cba14b31fe36e0e7064625405ebb1cb935de15e5c566ad33e04fdee5165d5a","retained","5b455f734bd7d11c6c50f5f88a14f9711fb627f50ebe54e2aae93062dced307f"
"2DBDBA46-74F5-4946-83A4-46F8152BED4B","c7cba14b31fe36e0e7064625405ebb1cb935de15e5c566ad33e04fdee5165d5a","unresolved","1f391542d54592999b186fcc2591cac4d30ed977495c2c6ae957327be1bcc3a1"
"8B7C7D98-AD3D-418B-9444-4B0DE3744766","90dc200150f8550436e98acfaaa7f0c2b5d0cae7a97ac26f4abb08bc9a6bfe33","unresolved","f77d13d23c8b3814a452c2dd59578abb1895f8d4c1c3c960fe259a9b43cfa610"
"B36A57C0-52E4-45DD-A52C-CD0890E84C7E","92928384df386fc61f2440367b0324d25e1d314c2703c31b6589529542eeb6fd","retained","3c36679c5cacab3c970f0a0ab60fd01d597221a0ead447d2f0d95194e4aa67e8"
"B36A57C0-52E4-45DD-A52C-CD0890E84C7E","92928384df386fc61f2440367b0324d25e1d314c2703c31b6589529542eeb6fd","unresolved","f4caa91dc520793434e600a1178b957f0cffc654758e79995925977bca9fe403"
"D70612EF-EE11-47C4-85DF-D9A9785572B1","ccecc8ef3497a43402d1ea92f8b59bcbcd42a6f78b00c54a29012aa514ca8c9d","unresolved","3ce219885e97ada621309b858e7193892b37c58778ab5e1ebf70f56ecfea7b19"
"D70612EF-EE11-47C4-85DF-D9A9785572B1","ccecc8ef3497a43402d1ea92f8b59bcbcd42a6f78b00c54a29012aa514ca8c9d","retained","f2f09ce80331747bc6d700047b44be8c2021d8c1e79a4badb27bac53c99a9d54"
"D70612EF-EE11-47C4-85DF-D9A9785572B1","60d5b841cd7cfcf267fd8dc7224048a85369864a428c96a3bf2aec0faaf5bb7e","retained","a32cc0bb93343ef3a25fa929bfa161daa81f6d073c9e23551d339ddacf4c15a9"
"D70612EF-EE11-47C4-85DF-D9A9785572B1","60d5b841cd7cfcf267fd8dc7224048a85369864a428c96a3bf2aec0faaf5bb7e","unresolved","3874b5084d20aae9c69251a731a80ffc61774240f70d885793974e2f5aaa52eb"
"D70612EF-EE11-47C4-85DF-D9A9785572B1","60d5b841cd7cfcf267fd8dc7224048a85369864a428c96a3bf2aec0faaf5bb7e","retained","85211f0e769b3a911b615902a85c38ae93bc069697c745c9803422a477dd40a4"
"D70612EF-EE11-47C4-85DF-D9A9785572B1","ffe587e3726a893a05acc6f963d73a8c62d112651af5ff31555eb136fa71649c","retained","4f3033de6fd39008a9ab4700749f6005355bad7a259b02443a8cb66ce925cd6d"
"D70612EF-EE11-47C4-85DF-D9A9785572B1","ffe587e3726a893a05acc6f963d73a8c62d112651af5ff31555eb136fa71649c","unresolved","3b97d32d26b6e2bbef36f0d52b1fcd52282cddacf4ac0db3eef423e42a6d8ec5"
"D70612EF-EE11-47C4-85DF-D9A9785572B1","ffe587e3726a893a05acc6f963d73a8c62d112651af5ff31555eb136fa71649c","retained","c15517863075d31f4fdbb8646409947eb3ff6d94747c480bc62d7cdbe741c555"
"D70612EF-EE11-47C4-85DF-D9A9785572B1","a35d6ae1d98635242b8fa36194b7a46ab8e9518ba87f424d792aa844b6def590","retained","279d65f5c27c055834e60f728a91cca5b119f8a0dc601b4ee625f82c0f276b40"
"D70612EF-EE11-47C4-85DF-D9A9785572B1","a35d6ae1d98635242b8fa36194b7a46ab8e9518ba87f424d792aa844b6def590","unresolved","aa1fe33ea3f42412bbafe57280fbd3714e373d7b1ef5b0af8987359b2262dadb"
"D70612EF-EE11-47C4-85DF-D9A9785572B1","a35d6ae1d98635242b8fa36194b7a46ab8e9518ba87f424d792aa844b6def590","retained","0d843ab8499b0b19a479223d897b3d98cae8c3a0a073243df0f8a1256b5e2a5e"
"D70612EF-EE11-47C4-85DF-D9A9785572B1","e609138a206d2ab4519bd619cf31b9ced3fca46c423aa6c3abe1f14757965092","retained","03ff1834c052fa13a2c018e3b3ef50973aa6c816bbee7f2fe116ac2541a97eb3"
"D70612EF-EE11-47C4-85DF-D9A9785572B1","e609138a206d2ab4519bd619cf31b9ced3fca46c423aa6c3abe1f14757965092","unresolved","77ff8d54e25e21a350662280e5e8aa1406bc7582a808b0050f890006adebafcb"
"D70612EF-EE11-47C4-85DF-D9A9785572B1","e609138a206d2ab4519bd619cf31b9ced3fca46c423aa6c3abe1f14757965092","retained","cbfa33f84d3ff229eb2e01a6cae07b2bbb89eeb8088c3cf793d3e8355590abb5"
"D70612EF-EE11-47C4-85DF-D9A9785572B1","fdb660f47b881d04acd9e9b91f5fe99e085d81a44deef1d7eb1c740ac81d6e0b","retained","3caf84ad14b3fd40b226c89e49a2d5f2135b39e286efa126351f224035ab0b25"
"D70612EF-EE11-47C4-85DF-D9A9785572B1","fdb660f47b881d04acd9e9b91f5fe99e085d81a44deef1d7eb1c740ac81d6e0b","unresolved","2fd3248621de0b71b673db30fdc43daf02964809a411d8c690366cf7edd162c4"
"D70612EF-EE11-47C4-85DF-D9A9785572B1","fdb660f47b881d04acd9e9b91f5fe99e085d81a44deef1d7eb1c740ac81d6e0b","retained","bbe49ba32e92f4c2f52b17e4a9b34a036f5f956072ca4fd316fd35add9c83eb6"
"D70612EF-EE11-47C4-85DF-D9A9785572B1","568622329d0528eae594a3da95fda04bdf92d7460cc49bc4f1ae9430a6d56252","retained","48b4b993f8f2e5d602ea0810167707f7ca9ccf507b0c4084fd5ea6afe1132b0b"
"D70612EF-EE11-47C4-85DF-D9A9785572B1","568622329d0528eae594a3da95fda04bdf92d7460cc49bc4f1ae9430a6d56252","unresolved","64d2bab63622644d39cf8d1cc3ef4155d425d89abb4f48a8c9739d5259e0636b"
"D70612EF-EE11-47C4-85DF-D9A9785572B1","568622329d0528eae594a3da95fda04bdf92d7460cc49bc4f1ae9430a6d56252","retained","8c3d670b90dc5a816f58b6e8e51d9dd661e4e46b518911290ee2a93bab93ae05"
"D70612EF-EE11-47C4-85DF-D9A9785572B1","e7c08a35d94dae81b7bb73414914df463e6d0c19241a582b48b4e8b19781c9c4","retained","09c7c6901141d2d2b4c9fc10dd468dc39922b8db4dbf914916b10a5b03b19f07"
"D70612EF-EE11-47C4-85DF-D9A9785572B1","918c29ed62e31f80f93bd7b20baa45eae266ad13b6cb6b3938dba8d8aa122ff1","retained","a1cc73bf6582139bbd3bb936a4b7630c93b049b88aa714b6ce5920196a5b6b8b"
"D70612EF-EE11-47C4-85DF-D9A9785572B1","17c29193fc54bf4742591cc9d2f00e12a1777209044f8a71ba8c96648325a8d1","retained","64ab5764c89a86edcd78d2819adb1ea4866f4c84dc49e09e287f1dfeda655bf0"
"D70612EF-EE11-47C4-85DF-D9A9785572B1","17c29193fc54bf4742591cc9d2f00e12a1777209044f8a71ba8c96648325a8d1","unresolved","72ed8254762072e38c21036f676c17ab94fd06108c5310167ccf39186c83d6c4"
"3A450928-282B-456E-B237-C95014CA79D3","a67b59cefbdcecd92dcdbf81aa3d442c0a3fb6ce438a17f5a79d4fbebe81dd5f","retained","06cad8e7eccf8f3399a42aa9eab6f4cd393bf78357d185e40d4ba59e67af3c9e"
"3A450928-282B-456E-B237-C95014CA79D3","a67b59cefbdcecd92dcdbf81aa3d442c0a3fb6ce438a17f5a79d4fbebe81dd5f","unresolved","87546eff2ff0ad218ab1e6162c78787d8b8e2345c5167b7f632650cfd59b2db1"
"3A450928-282B-456E-B237-C95014CA79D3","a67b59cefbdcecd92dcdbf81aa3d442c0a3fb6ce438a17f5a79d4fbebe81dd5f","retained","86c7e54e7337cb98683ac1004630976925966c082147a36469123b8ff19dc5e2"
"3A450928-282B-456E-B237-C95014CA79D3","d41915d276c25a36b7ad3ffe8d4364aa8ccdc7f44128627b5a31644a91900ee5","retained","ff7d4fbf6999666f8419f5267a8164efc60e44674e34fc7af9a75a9989fe8687"
"3A450928-282B-456E-B237-C95014CA79D3","e279aef7780b9568ae9005247108cb47be2683f01becbb7a0511d9cd373a37fd","retained","49ba27bca737da5e4ea0c260b9709ca255cb5379db82490271967d4b6ecd82f7"
"5A06A9FC-2D99-4237-B753-73944DCD8C44","987b91386a683d0907e9cdeb0609d3fa8551cb7418f977e013a1770597945828","unresolved","488bf072c5e197b39f8a1b7796ccabd2d9f9b16837c64c8f0490cfcbf7dd1e75"
"14DA9AF9-DE73-4B2E-B15C-1AA8A74D4BC0","7d8a457bccd32dfb369d98390fdd4515cef2bd43f0616702fb7a11e0c98fa34e","unresolved","4cefb3027f5c2461f0380420839f8e9c05ceccd77560fcb2ed159751426a3736"
"C63DDA35-1E4D-4D44-B790-FE8383F6AADE","a51b695634499b6e099509472f9618836b9c3ab739da86047da68574d25a5997","retained","c809d15878e58eaa097ec117443f3576c73c1de2d474e8cb7f5283ea445dc5ba"
"C63DDA35-1E4D-4D44-B790-FE8383F6AADE","a51b695634499b6e099509472f9618836b9c3ab739da86047da68574d25a5997","unresolved","b6435dbfbaa5f2a80b8404cac22e87d143244183fe15ad93e1a8bde0eef37ca8"
"4A919DC7-255C-45F3-9B2C-7F61393443A7","3e9ca9549289b17b96617d81d6b40a970de2e80ddfd91c7f0647bb5fafb50a69","unresolved","d87e869ed3a164c15776d7fa6f5f5e12fcf19a06a6cf0a1ce23d1cc44b794677"
"98B03F8F-F3A0-49D8-A84E-1FDEB01BA363","fd1ac7c365b59a3d10d0d65cd269ecec6a364d2086639eceadc489ce6cdcfb8c","retained","1bf47333fe173b34eab04a1cf126414edc0de18c78073b9ae62d773d9136313e"
"73DE5F09-0327-421B-86F4-751D09BD3DBE","5433285ff536308fd33b43a1d7a6cb999c3a78ffa8014f7bc7c1371738de9a3f","retained","ff248c95630b905b66735fa0c83280c977a9e38ece8b92a21323019467d35998"
"73DE5F09-0327-421B-86F4-751D09BD3DBE","2a1406565678f62f64bb729f5d84b318b51dc6f57860d9192e78b49585b80ac9","retained","cdcd69444ee605d5e6a7607f09f139c3703ee3039b5f04ffa360380816314b4c"
"DE5DCDB5-D893-4922-9AF4-FD10529A6DE1","f2a758fa7835acfbc01e6b28b98c5862d71919ab23b86292b8e54dac5f4d9878","retained","739dc70351fb05e5b032e551d439469784c24dbe5a85886c7f3d3cfa7c247b60"
"5B6EFD14-6CA5-4284-9944-3EDB49988C76","ecd05435bc288d56479ee479db4dc2629a44d696fcd1d191df9b947db22078ef","retained","85affad23986c7d00455ee98fbef1e88d7e29f4a3ae219d7a42b468cd12f0e49"
"5B6EFD14-6CA5-4284-9944-3EDB49988C76","ecd05435bc288d56479ee479db4dc2629a44d696fcd1d191df9b947db22078ef","unresolved","645f37e9ade44cd6e191a03d22270d24010d5e0ec66da33a75022353846679e5"
"5B6EFD14-6CA5-4284-9944-3EDB49988C76","ecd05435bc288d56479ee479db4dc2629a44d696fcd1d191df9b947db22078ef","retained","92dbb93c520e89e5743642f46dce917ed69f7b286ed1addc1cb6a30bafafaf54"
"5B6EFD14-6CA5-4284-9944-3EDB49988C76","d01d22876297a088880dad2ef0a7488aa1dd1a4c8bbd6242663db866e05e7a15","retained","6e1819c5f9fb895894f06539218f10e3e5af69d856d8d86d9496899da3105d97"
"7D4A22A5-D4D0-4AF3-9AB2-33D54EFA3E6D","b27864c2d551786a90aacbe4acfdc9aa2a62634d50b77fa66dc55a07566444fd","retained","95391bc7c46e250d3f261a5dd982fe4b9eb7a4c09d8bc7381dbfaf9fce73856b"
"7D4A22A5-D4D0-4AF3-9AB2-33D54EFA3E6D","b27864c2d551786a90aacbe4acfdc9aa2a62634d50b77fa66dc55a07566444fd","unresolved","60ebd0de140737266dcd8129b59ce28398263eb85aa9893d2118bada0a3aa479"
"7D4A22A5-D4D0-4AF3-9AB2-33D54EFA3E6D","b27864c2d551786a90aacbe4acfdc9aa2a62634d50b77fa66dc55a07566444fd","retained","03828aa7239293f8ca749b3fbbde2afb3541a270d06d3d4d7864243431c0b4bf"
"7D4A22A5-D4D0-4AF3-9AB2-33D54EFA3E6D","b27864c2d551786a90aacbe4acfdc9aa2a62634d50b77fa66dc55a07566444fd","unresolved","40c1caf90635a99ee6f108066281bf8ff23fa84293400e0bace299eabd286869"
"7D4A22A5-D4D0-4AF3-9AB2-33D54EFA3E6D","b27864c2d551786a90aacbe4acfdc9aa2a62634d50b77fa66dc55a07566444fd","retained","20f44a8fee1fb4c5fcfdc1e7e0f5cb58acc2f3ccebc36917fff45e06032cb48d"
"7D4A22A5-D4D0-4AF3-9AB2-33D54EFA3E6D","6743bce4f1cd167a59386e47cc5af19c5fefceece24bd729e95715a5c676b9cc","retained","e6a4494c990a1c0df831c295431c90abd243d3c1734b9f0d165f4763d0eb797c"
"7D4A22A5-D4D0-4AF3-9AB2-33D54EFA3E6D","c2efa0da8b3d79950407c7a27f5ee3f064f0b51fb617cb1899a6923fcd80c19f","retained","79b847e3b1559f42048d2ba706619566a5f0ff05363b136d2e4446d8ba37710b"
"7D4A22A5-D4D0-4AF3-9AB2-33D54EFA3E6D","c2efa0da8b3d79950407c7a27f5ee3f064f0b51fb617cb1899a6923fcd80c19f","unresolved","fa0cfcccba3ae1cc7f6ba333df430f5e4a8dd03c0545e20381cfcbe4ed0b7fc0"
"7D4A22A5-D4D0-4AF3-9AB2-33D54EFA3E6D","c2efa0da8b3d79950407c7a27f5ee3f064f0b51fb617cb1899a6923fcd80c19f","retained","dd8052e5f83c4fdc2a62b6a0a829e1f50040411b3b4857d7086dee144521a6e2"
"0D7C0177-AE59-457F-A6F9-40AAE17AF2FA","517ae8e11cf268e08b3b68bc27178fb864213bf087f5156537063608cecd907d","retained","b74f1c0b6183d738b0b45140f680c660aaa662110d2b7720f2f095f54de5188d"
"8784F4E5-B538-4475-AB40-6D7459D39312","86615d1b5e832f2f8f77a86f8b279ed82f6a7a818d72e16e8ca9f0867b5420cb","retained","83433c5f74eb8abdc62c698db08255dba91f0ce692de492aca06b078dc7b6223"
"8784F4E5-B538-4475-AB40-6D7459D39312","3fe85eb246578afe41890fbf0b6346940a16690f533d197e390e5b3b70595f2d","retained","8cee6ffe5f1b0713151dcdcd2bf93aa5a538b7cce49bc33544cee876061e2f62"
"8784F4E5-B538-4475-AB40-6D7459D39312","3fe85eb246578afe41890fbf0b6346940a16690f533d197e390e5b3b70595f2d","unresolved","5e42385b2e69abe6da03e3e81637686fe9576d9bdf4c581dd4ec2abca486d7d2"
"8784F4E5-B538-4475-AB40-6D7459D39312","3fe85eb246578afe41890fbf0b6346940a16690f533d197e390e5b3b70595f2d","retained","2d36fe57e6d2fbf0eb42f0a4e130185f73b078e6d343c9cb057d5484fb3c2d3f"
"8784F4E5-B538-4475-AB40-6D7459D39312","d3618923242870ea269e8690b81229984045ec71ef2796828e603dd02146c357","retained","88c69fbbdda3e7fcbd8107a45d304e7d46415c9642102528da587521f004d28c"
"8784F4E5-B538-4475-AB40-6D7459D39312","d3618923242870ea269e8690b81229984045ec71ef2796828e603dd02146c357","unresolved","7272e2dcf4da4859b29e7f490d82117909598761af34c3e6a843cfc5653e75d7"
"8784F4E5-B538-4475-AB40-6D7459D39312","d3618923242870ea269e8690b81229984045ec71ef2796828e603dd02146c357","retained","694f8ef9169c3df94b01ce6e992ed245a79663e5ee2f8904bc00c228391a75d8"
"8784F4E5-B538-4475-AB40-6D7459D39312","0e66e80f9273419bb8c5d0e204b0b3acb3f4058dfc447f8dd895f7b0f9945ecf","retained","5b5fde7176c030f2fae6852a44e2803534468b3eb3dbbb56a5b2aab7e9f1bac6"
"8784F4E5-B538-4475-AB40-6D7459D39312","d545586299f96fd456af634a1af6024dd07b46ea4650ccfe37c880e5178e52c9","retained","a8a0a8e175a0bc006df9d3021186063e013e4292b2c57acef23617a53ebbe396"
"8784F4E5-B538-4475-AB40-6D7459D39312","062060da8e86ce5b103d34791b52d7743df64c3a21d63f26f816ab8bcf8675b5","retained","0bd727d996a74263c8eca280083a5af7e633eb654b6c19e8c9c082d73a07373d"
"8784F4E5-B538-4475-AB40-6D7459D39312","d18b2a93f492f94fbd4d9ef92fbb036e50382f127e57ce78d05f15a964fabb90","retained","ee10b53eb0ca069e7811546ad88c6fa8d494df77d87a4d00443e0a40e5ddcb2e"
"8784F4E5-B538-4475-AB40-6D7459D39312","d18b2a93f492f94fbd4d9ef92fbb036e50382f127e57ce78d05f15a964fabb90","unresolved","e2ef72c8daf758031996b8a12983190a8b2b2706320c82c9fbf4af0a51b9977f"
"8784F4E5-B538-4475-AB40-6D7459D39312","d18b2a93f492f94fbd4d9ef92fbb036e50382f127e57ce78d05f15a964fabb90","retained","22c079d21c47559c8bf48f045788d0a2c1888469af0e4102ca6670294a0df040"
"8784F4E5-B538-4475-AB40-6D7459D39312","5d5f0670c448c78d107875c9684fa651b1c40bd83014d23bd5f3ff32779de668","retained","df874b87d0cb3fab33593c4a7ea71946ec71cbcd091b756b4f1d65ba48147435"
"8784F4E5-B538-4475-AB40-6D7459D39312","5d5f0670c448c78d107875c9684fa651b1c40bd83014d23bd5f3ff32779de668","unresolved","f858b32e08060a01952ed7950a3f3f855f4e263bdcff30046bde638ce9d0217c"
"8784F4E5-B538-4475-AB40-6D7459D39312","5d5f0670c448c78d107875c9684fa651b1c40bd83014d23bd5f3ff32779de668","retained","aaee47732773ca3053c5bb15c7e5c1ecfc28b9e59b1fb21cdc172331b4cd277b"
"8784F4E5-B538-4475-AB40-6D7459D39312","9e4cd02e558d9c98cd2318d3bb3adcc1105d81aa2a0ce1cc737f4df16f00fbc0","retained","14abfefc72dc32ce28038f238d7a6345e71a2e6c0902f3e7b40079e0a967c699"
"8784F4E5-B538-4475-AB40-6D7459D39312","9e4cd02e558d9c98cd2318d3bb3adcc1105d81aa2a0ce1cc737f4df16f00fbc0","unresolved","0280018bcbf30853cf8b55df1cf1b289a6381ba1608c63f8ab6d215eeb4249e2"
"8784F4E5-B538-4475-AB40-6D7459D39312","9e4cd02e558d9c98cd2318d3bb3adcc1105d81aa2a0ce1cc737f4df16f00fbc0","retained","bb6c9039e512ac8a00a34106512437e11df7b6764c6f27f6a295c5d81de0a0fc"
"8784F4E5-B538-4475-AB40-6D7459D39312","9b92bba5e6db9e5359c57f581210e54a42cfa93afdf7c99579436d8e9c1b2ffa","retained","6c71e02add83016b8924756f7a4d33eb120e29a990478e9f188a21d8acc0c72c"
"8784F4E5-B538-4475-AB40-6D7459D39312","43074dbe25b76e13d91399e229e7c80fb01241919572398029e2391d7fcef164","retained","ecb5e86e695fd176c3096070695c859d5f4cf64705c0aad337fa692729706951"
"8784F4E5-B538-4475-AB40-6D7459D39312","79e12c64983b08c9d8fa7507f725779d8fb7bd1b9c1e2b2324955cd91e02d41f","retained","844aa1a0ee8eb55e70f1abd4d5bc3f2f9c1aa0de32be6844e64070ed991c4730"
"8784F4E5-B538-4475-AB40-6D7459D39312","2ed5c47730f6dd5909f354369da8d7e7112cb4b5997efa1bbf61ff1deb784dca","retained","953179172be96fbbfcd129d929b678c73e65d1d7324994bb05fce6b8d6c0bdb1"
"8784F4E5-B538-4475-AB40-6D7459D39312","2ed5c47730f6dd5909f354369da8d7e7112cb4b5997efa1bbf61ff1deb784dca","unresolved","e27f75c805e12ed5467cc772ce4dd1de4cee511e51053a65876b17740ca11a9b"
"8784F4E5-B538-4475-AB40-6D7459D39312","2ed5c47730f6dd5909f354369da8d7e7112cb4b5997efa1bbf61ff1deb784dca","retained","30b42b7610afb76840a6323dc458dbf27442e799e667ea0999cb7261361d765c"
"8784F4E5-B538-4475-AB40-6D7459D39312","387f7a8d35df1a908a7801128edd997e58e793f0806efb751fad59c7829f20c9","retained","4ecd204efa892ca243874d39a7cbda868b0b0988200d45923dabe91fdb7c6290"
"8784F4E5-B538-4475-AB40-6D7459D39312","49c8de9c49f97c23ce97854a40f9540ea9e2a8818ba0fa374ac12b88eb9b72ce","retained","4c71f8f2020613340d9ba066c8125dbe40a5c83fbbb8565a547b110afce47ded"
"8784F4E5-B538-4475-AB40-6D7459D39312","49c8de9c49f97c23ce97854a40f9540ea9e2a8818ba0fa374ac12b88eb9b72ce","unresolved","6cacae696c22fbe182b941b6c62674adda4fccdc10e832f7658ae6feaa998a49"
"8784F4E5-B538-4475-AB40-6D7459D39312","49c8de9c49f97c23ce97854a40f9540ea9e2a8818ba0fa374ac12b88eb9b72ce","retained","6d9be66e11348dcac398491c457957869846dfac480144e63bbffd6c87819ef6"
"8784F4E5-B538-4475-AB40-6D7459D39312","49c8de9c49f97c23ce97854a40f9540ea9e2a8818ba0fa374ac12b88eb9b72ce","unresolved","07a392547fc5a9e52cb6a22fdcf4281be8c4714dfe7d5f7ae5fce77e23d326d9"
"8784F4E5-B538-4475-AB40-6D7459D39312","49c8de9c49f97c23ce97854a40f9540ea9e2a8818ba0fa374ac12b88eb9b72ce","retained","fab0ccee1291e92b5c84a1c2a3e029db14cee14fa570ba26e6ad65d2b164d4a8"
"8784F4E5-B538-4475-AB40-6D7459D39312","53698499f69f23d161c9e50d6c0957e2145c71ff441bc41ce7149bfdd6714dca","retained","b018dfcba74446d7c7cde1dbeba78a21b1b4eb40159a751851e024fb92d18d71"
"8784F4E5-B538-4475-AB40-6D7459D39312","7940368a6b7987b1bfe69fa3dd30cd186614239c65c903ad04960dfdfcb11d64","retained","6db074c5209570d35fdf5d9b2379cff9a4ced8c357aee4ee2ca9ac5d8de14ac5"
"8784F4E5-B538-4475-AB40-6D7459D39312","7940368a6b7987b1bfe69fa3dd30cd186614239c65c903ad04960dfdfcb11d64","unresolved","319e0887d008bb55970526531b80410bce554ab74de143c10e8768b8896f0a50"
"8784F4E5-B538-4475-AB40-6D7459D39312","7940368a6b7987b1bfe69fa3dd30cd186614239c65c903ad04960dfdfcb11d64","retained","8ea126b9d54ba1d92eda8e87ebe677aff4a2bf640b651ae7d54a2eed778e0656"
"8784F4E5-B538-4475-AB40-6D7459D39312","460229cd25f5a0af590286198e9de809e8038713f27eb93de7bd8103d9b2a4d2","retained","250dd4c048b32c7edc7b8dcd74d70b168f84e3712b5c39f19de793fedd78bfef"
"8784F4E5-B538-4475-AB40-6D7459D39312","95806c92c174ca97f499740cbd9400adeb06ea2c38cef34a8a4c8d9415c2afe7","retained","6a6a3945b0b1d19f7fcd39549704ece1d0da59c56abdf68de48fc11ad3435659"
"8784F4E5-B538-4475-AB40-6D7459D39312","95806c92c174ca97f499740cbd9400adeb06ea2c38cef34a8a4c8d9415c2afe7","unresolved","ebb0c5afad516232efca70004ce3ad294de87d619260c668e589d29d5b546e61"
"8784F4E5-B538-4475-AB40-6D7459D39312","95806c92c174ca97f499740cbd9400adeb06ea2c38cef34a8a4c8d9415c2afe7","retained","94b2532e5cfba4373b934467408646515a08952e57206f75ba9bffaca3410a88"
"8784F4E5-B538-4475-AB40-6D7459D39312","c2977344d8f143bf6b0d94d28cc15223432095a76f0cbf1ef2a439a1c8b7c683","retained","8605e3259da0ce97ec99f29841be81e075d1c26ef17dd882adb6040669a97b36"
"8784F4E5-B538-4475-AB40-6D7459D39312","c2977344d8f143bf6b0d94d28cc15223432095a76f0cbf1ef2a439a1c8b7c683","unresolved","0da6bbfa416abc5a6566f507163aa0961d9f9d24e4b37f61cad011f69329342c"
"8784F4E5-B538-4475-AB40-6D7459D39312","c2977344d8f143bf6b0d94d28cc15223432095a76f0cbf1ef2a439a1c8b7c683","retained","df305fbf6f4de78d6d7add289c37b3b4ef39d3cd4c2abc92d592e68c95d5b0e2"
"8784F4E5-B538-4475-AB40-6D7459D39312","5a5b76944c9a05f71665d9e851b7c0d518db2fd289114bbd37ef420132a07974","retained","d60bf5e6a00a5857e2cdd085f2d86eeefc5af78294d59e5a5eae200ac3055d2e"
"8784F4E5-B538-4475-AB40-6D7459D39312","5a5b76944c9a05f71665d9e851b7c0d518db2fd289114bbd37ef420132a07974","unresolved","4471d28c5e63ecab3d3b29c8ed3ce41df92ed811fac8a8025487aff181a45b49"
"8784F4E5-B538-4475-AB40-6D7459D39312","5a5b76944c9a05f71665d9e851b7c0d518db2fd289114bbd37ef420132a07974","retained","39ddc4852f30a22392ee588f0cf83f753436ec409cf892e91c691275c5f6554e"
"8784F4E5-B538-4475-AB40-6D7459D39312","57c700f818176b9d92d5d4db85e75112617730a1df5aa43a91da198b6031d30c","retained","21c4176d56c9374e1d6df48cc80cb4744ab1cefb9d540352a243f861ae6d9990"
"8784F4E5-B538-4475-AB40-6D7459D39312","57c700f818176b9d92d5d4db85e75112617730a1df5aa43a91da198b6031d30c","unresolved","57e9f4fbaad93140653b5f362c0a97e6bc4f35e26d00db05cff616cae84a4452"
"8784F4E5-B538-4475-AB40-6D7459D39312","57c700f818176b9d92d5d4db85e75112617730a1df5aa43a91da198b6031d30c","retained","de89a31c5f346e0f50c14dd0de6d13cc9d4478579f43ac93e430594465ea1028"
"8784F4E5-B538-4475-AB40-6D7459D39312","c29f0a4b2396600a661be3156e61698df6bcb879c8009ab527f7c7ab9de990fc","retained","fd9762c6112f64b4430f5851e468aa49496b4f3dd663443498e59285ad578fa2"
"8784F4E5-B538-4475-AB40-6D7459D39312","4a3a5aef57ae41fb954114b990693e72573a97c15278a88cc5536b389ceb5b41","retained","310e37db19ae0734cef722a294d75967c1da6df36720881d95484c309b3cf441"
"227AEAE6-B207-4BDA-84F1-91B8E19675A7","4c9393da7745ea864f3416ed4737c55d6158a54a395cfbad067f6ce87ff7eb62","retained","0ef76e18147b9a950f140bb01d55cb2e72bef1aa49bf6d3ca7947ce76968ba84"
"A5C4D6FE-DC8C-4DBA-8BD4-DB0A079DABB4","280edc12dc11bba268e112e7c4147e0dac7d58c5e90f9f22c83cff1271c27c59","retained","98fcae7951d989a5327f84bc073b6165b6af1a7749721dfc068ea57e45a1c99e"
"A5C4D6FE-DC8C-4DBA-8BD4-DB0A079DABB4","3381a01e51dd609862a2bb3cc7ce0bc3f601e64a3f1322c2b1c81ca7cf51a617","retained","0f0cf21597662b89f027dd980b5761ec8640ba0177902842ad5d881950cade39"
"A5C4D6FE-DC8C-4DBA-8BD4-DB0A079DABB4","3381a01e51dd609862a2bb3cc7ce0bc3f601e64a3f1322c2b1c81ca7cf51a617","unresolved","860d21f68e8428a89a3cfbf5a626df5f7da2b81dc17f207b881c0e6df63adeb3"
"A5C4D6FE-DC8C-4DBA-8BD4-DB0A079DABB4","3381a01e51dd609862a2bb3cc7ce0bc3f601e64a3f1322c2b1c81ca7cf51a617","retained","23264bb7132461d4c510078ac309c3f9886017ff72c57b38b8adebc6ed56f174"
"56839A3F-AEC7-4915-B81E-8F17195577E4","de390854a7a92aaf022a3033b25cd499e1b1fedfcf13dc6959ce6c0d93cd48a4","retained","3872dbe00ba5b685ca60c4354027ce2f6c3f11675974402937a92f0934b5ebcc"
"0AE01208-1D34-46BA-812D-EBE963D2D52C","652c258dd68a5a889c4ec81e2edb23a7299e1a80c0a9ffc5892d27205e8f1656","retained","8536cdc1ac066b6d1fc8dca3301dae4e0f3bfdd1a6ceb56ed351e2a0ed7c5c29"
"0AE01208-1D34-46BA-812D-EBE963D2D52C","3cf46b583f7db1849fd051164b510fc50012c6f98dc73ba640b724bbc4af8af2","retained","c11cdf0334ac5474032ea30d96118d4c405369c795fcc7334cd935bdbd5372a3"
"A1A24665-D1A7-4FEB-BBE2-CD54CA4308DC","7070b290eb3a7cd53e5e5939029cae07f359930d4aac3fb86068aaca590a96c3","retained","6669defc9d5a6b4b7f537863001af6f81195457a90c7db8e42b5886b6fda3513"
"AD0C5091-2912-4379-B73E-03BE8F338658","6db137478442b7bc0eb77a4e45087393bed44c6a191f29a414a397190bf32060","retained","ce04a9f45b098b600f20b9071751dd3a347ab305657b27a4a31d7f76da20cc82"
"1FB2C5D3-59F3-4DA8-B450-19156550040B","ec1f39c8bebde8e8867d2f5b97e29295fae723bab9962d4ecfaa50ab7553ed9d","retained","2d0a7f71b21df4d2c368d7d1b56c2852d39f983cb4884ed270444a29e137fd40"
"1FB2C5D3-59F3-4DA8-B450-19156550040B","ec1f39c8bebde8e8867d2f5b97e29295fae723bab9962d4ecfaa50ab7553ed9d","unresolved","d8c7c16ad9b05a492db738cc434c0f40b369857a0457ded56f82c98013e1061f"
"1FB2C5D3-59F3-4DA8-B450-19156550040B","ec1f39c8bebde8e8867d2f5b97e29295fae723bab9962d4ecfaa50ab7553ed9d","retained","8067fa12c5e89257a86ef55c7743739b97b289bc40cf71ff6004d8e9ed7ef3d5"
"1FB2C5D3-59F3-4DA8-B450-19156550040B","b39c8596ce8c9f19725d7cf7b36cc194c338c4a77e9aa6f8f1ce17ac619ac573","retained","06b524a26659c7593c245cc2df67a4b9f8a84ab9302f996edef04465a75bf869"
"BDAFDA68-F1DA-4862-891F-DCF749C42AE5","c8298fdc062ca0497dcab7cbb7cf08e03ffe8f187a0bc4fac5f58136712603ec","retained","ab0dc997b86d53a37c79d8079a5797acdd0b2e93cf844d626633ae8e84217886"
"BDAFDA68-F1DA-4862-891F-DCF749C42AE5","215b38939b8f36ef3f925e295b2023633f200e4593ee7fbdc0b0eff83ca4424c","retained","8f2f9c30b837f58e63cb1ce30b0ff16ef20ffa1c6560749b71c548b458562cfa"
"3F09A3F9-F3EE-48FD-B4CB-9A7FF5FB5362","747c8c43f7584ddc46c1094dbab90dad92f0c5b4fae1844cb3d968fc4f41c6c7","excluded","4907bef723246de2902030f2fceaae1ac6ff6b6f204a67a7791ea53f5553924f"
"3F09A3F9-F3EE-48FD-B4CB-9A7FF5FB5362","f27afaf6ddc8b2e0d66dcb3083242634700f352b48d3a3a76f5057863df5d9b3","excluded","a04d828f1956d860209569cee8b05881e3fb9d08cb96e093c8209ab78daa29b1"
"A860DB77-F8A9-4243-A920-FE7B8F213A30","f45e571218a1873772d59c0c7f4164a26c869d1f7eb654a0d8baae9e5691f487","retained","25daa588ec949c83d836e6a0f41c3d45411dabac5ef5bcd3c9f44d129541710e"
"A860DB77-F8A9-4243-A920-FE7B8F213A30","f45e571218a1873772d59c0c7f4164a26c869d1f7eb654a0d8baae9e5691f487","excluded","cdc98068a56db53fc4d0f3cda8b42f798e4dd3e6dda9417d2fee5e6d60070db1"
"A860DB77-F8A9-4243-A920-FE7B8F213A30","1bbaa13c7e4b733b2bc041629058aeb5ccf2039941b080f125024fe1ea2f4909","excluded","67000125c746824ba973a2ea9ab18bb9f8bc5aaa65901f9f62ba7541b9caed25"
"A860DB77-F8A9-4243-A920-FE7B8F213A30","1bbaa13c7e4b733b2bc041629058aeb5ccf2039941b080f125024fe1ea2f4909","unresolved","5c98c9546f6f2a7c4fa204524b75a591a37ad5aa777981cdb271941795720f8f"
"A860DB77-F8A9-4243-A920-FE7B8F213A30","1bbaa13c7e4b733b2bc041629058aeb5ccf2039941b080f125024fe1ea2f4909","excluded","ccee4228b62c99e435c68ba3b154d3f905106e8c4d122263ab2f3b6affb7f7e3"
"A860DB77-F8A9-4243-A920-FE7B8F213A30","750d807ffaa17eb66598e7b63ba443e8b722c01dbaf26781918d5779246db3bc","excluded","e06d4f6557d3dc603bbff5eabaec0f1c4db997482fed5070395d6d099d394ef5"
"A860DB77-F8A9-4243-A920-FE7B8F213A30","d49542656fec873cc2b1da3ff5a754de52d0fe87684d0cd228c55efd0282e33e","excluded","75d54e23d00739b2459ece3c38abfd3be06ab1c8944dbe18ca2136d0a2cde62b"
"A860DB77-F8A9-4243-A920-FE7B8F213A30","be3932a785972babaebfa3231caf3a27c308945e725aaf25b78976289a86b96e","excluded","dfc3edaf71763b80a4810960eea4a48bb894e1a3bf84f8896841fa70e4b0010e"
"A860DB77-F8A9-4243-A920-FE7B8F213A30","be3932a785972babaebfa3231caf3a27c308945e725aaf25b78976289a86b96e","unresolved","f23f72a3dfcffb2fdadfba5fa6fcc5ae54ba9554c37eaaaae23da5a428f7d1e6"
"A860DB77-F8A9-4243-A920-FE7B8F213A30","be3932a785972babaebfa3231caf3a27c308945e725aaf25b78976289a86b96e","excluded","e984576635d809e869e9f95f4b0fb2a3d594fc9d953c6f615e54bebfd8de9c85"
"3C5033CB-0BC1-4EB4-A095-1D193DADE9BE","93556eb395b3818e5e6bf21aa60162354c209c0c2c9a78218e779c7672d67674","excluded","88a15da0da31f64ad3cd8a8707102a1191cee1a3e1ad2b26a57b05b26bf328c2"
"D8B0341D-C833-4E54-AFA9-D5257265DE5B","59ba2c29828243c57463def30dd77c0c25ddda9a6ba2e2ae76f52a27bd883742","excluded","82aaa4baa577364267bca815e35ef9062c08c1e8137bafcd7f9b6a21873b425e"
"8CE07F26-868E-4881-B170-D5FAD38D8B46","aa2f318ff83711aff4d6ec6ca9163ebd85b29d37d87a8d7e09a55e1c3e64b2dd","retained","d8eb1a9a111bac08f6be0c1f3d1905acca435c52f2c932da39fcbd6056f887c4"
"8CE07F26-868E-4881-B170-D5FAD38D8B46","047e9badfd8afd6461c48c2db2156cf0c288fd469d6c737a5c83358a7e299fef","retained","756f6b3424b86543f73c420f9e3551c5829950cb10db665ed14854d60434bb25"
"8CE07F26-868E-4881-B170-D5FAD38D8B46","d29ab88f2dc5fb1ec931e1f40908159315758fedbcfc27eaa062a480648356ee","retained","f81f0fb140aa9bbad950cb1e7a936c6809ab42c72d82aaa0ea819785b5113099"
"8CE07F26-868E-4881-B170-D5FAD38D8B46","d29ab88f2dc5fb1ec931e1f40908159315758fedbcfc27eaa062a480648356ee","excluded","89f8a28c274b8bdd27198314419e5e81d85811bb1ae436f75ec63443115ec78a"
"8CE07F26-868E-4881-B170-D5FAD38D8B46","f1663ab253587583516ee7113be735a8e9d87a635213136f3eac414d126eed28","excluded","4133ac7ce5fe02341ddf74970203647c5d3858f17c47df4d658bad816953c659"
"66E098D8-065A-4A21-A359-AD99C818FAC3","e394b67221fa4bb59ec81caeeb99321f2b33e4c6d85af499e7b4464db54fec3d","excluded","3c6bcf1cbffdb66f7af2fb8b5756a9f7a75d28aff67ead1417f5147246e72382"
"66E098D8-065A-4A21-A359-AD99C818FAC3","e394b67221fa4bb59ec81caeeb99321f2b33e4c6d85af499e7b4464db54fec3d","retained","fdde346a76d1cec7d4c30669175402216e2f612ffa78f8568f85fbfda633ec9a"
"66E098D8-065A-4A21-A359-AD99C818FAC3","1b1019d9e4f7e4d56ae8185bfdcaae39839cf7428b777155eee3fbce58bece5b","retained","a9eb13d4278b749ccd78c4258687fe9a54b893df5ef8fcf9f85f45193d2afd5b"
"66E098D8-065A-4A21-A359-AD99C818FAC3","1b1019d9e4f7e4d56ae8185bfdcaae39839cf7428b777155eee3fbce58bece5b","excluded","261b7d625920d01e0973229e33d98e887209bb1ec8641c3c4f0ff9b24ff85f92"
"66E098D8-065A-4A21-A359-AD99C818FAC3","1b1019d9e4f7e4d56ae8185bfdcaae39839cf7428b777155eee3fbce58bece5b","retained","3569e37727dcf6fb0befff1bc6137b259d0648bfd346c7ef9848bc54ce18572b"
"66E098D8-065A-4A21-A359-AD99C818FAC3","1b1019d9e4f7e4d56ae8185bfdcaae39839cf7428b777155eee3fbce58bece5b","excluded","48f1636122c37bd5ceebdfa0a7d70eb8054effba6e163dc15488a01dc56ff7b2"
"DB016E71-AC94-4B6C-B52B-A610A15B006A","7f5cc18c32a17f46f7b49b151f303a03dac184a4aa6c9c10adb9310d6b54c4ed","retained","9b937155cb4c904444f9f4326809f2b342ce22a469d7b6c6233d64817d4d882c"
"DB016E71-AC94-4B6C-B52B-A610A15B006A","19c83e581fedf17bebc4c24c60bf98907b797334f54f93c94d7da92bd925d9bb","retained","461e089a685c507e59b00ffd36e7c56966a1c1c105136fda0316f2e1305be35e"
"DB016E71-AC94-4B6C-B52B-A610A15B006A","caa17d5ab0eccae6ea3403e83d808a5f94ec772f30e956617509874b45157442","retained","7154405e84b4f268dab0af2ca061b15336bd7e1e3574b1fffbb97aad63ebbbd6"
"DB016E71-AC94-4B6C-B52B-A610A15B006A","1f0ce2d7abaa92dd408420159083b79ba6e80ba2e8c355a3e5181122d522eba1","retained","ec0599c27b13163fdba173cf01672c4fb42bb3d06785366daa9319016401b084"
"7277F72A-3330-446E-B695-68D6D939FAAB","b7b04c6c00dd9df2f2aad3cb5741ec800663155f03fe471a6eeec209cb5f5311","retained","18905432d909b046d2491a28afe975c034702ad3e1087ef1df23ecf5915e6cb4"
"7277F72A-3330-446E-B695-68D6D939FAAB","b7b04c6c00dd9df2f2aad3cb5741ec800663155f03fe471a6eeec209cb5f5311","excluded","127d035605e4d3afb01abc44bf70db88c765ccd93f7c22c609b1087acd9573a8"
"047E5FD6-7FF3-4950-BF76-91BC4D005464","8e345c234e3ebe127d7cb89f8f693c2b508a57ae6de97eb44e06e4e1bb6e1609","retained","83fb841d25e3021af388c5a95a18b9a4189ce578bc8c968e763832df6c51bc00"
"047E5FD6-7FF3-4950-BF76-91BC4D005464","8e345c234e3ebe127d7cb89f8f693c2b508a57ae6de97eb44e06e4e1bb6e1609","excluded","18a8348aa84abc0a36a62da819a52e66d29911de9530c0553289d6d61c83a1d9"
"047E5FD6-7FF3-4950-BF76-91BC4D005464","32fef0fc4e37bc860dc18d3533cda9df916aed129c232121b87f8e71bee9a364","excluded","1b6a4d24767d69bcad9131e37395421aa87f4ea649325f2d3ec28dde8b24256f"
"43DFDC6F-C371-4322-99FB-23AA1F4D96BF","e1c7db3a1086ddd8a46c24dc5d19b6fc825377ee1e85701c1a6d7ca9dac6d1bd","retained","eeff77999b6174e5b828f1a72cce9081e184e891aa0a112d7fd9395f2d68dc43"
"43DFDC6F-C371-4322-99FB-23AA1F4D96BF","860c6cdba644e6575a5f18237bca3e9a0fd9a622b4275938a9785c2a8767e860","retained","f99ef4ff1d962cca42261b3fef702b804dec284fc367f6cf6a46e34c3acd18c3"
"43DFDC6F-C371-4322-99FB-23AA1F4D96BF","66e35986bded1fa67151c44946abe8d020780b8e1e57b5381fe7d38ddda0676a","retained","6932169705f8e8c5b7d9dbd910ca1bc89fe3118fb01dedcf7c805882151979db"
"43DFDC6F-C371-4322-99FB-23AA1F4D96BF","66e35986bded1fa67151c44946abe8d020780b8e1e57b5381fe7d38ddda0676a","excluded","b5d333f688e6da6e7673beb73e929aa710b9060848e032129d02722e45f11c04"
"1E996290-CA6C-4F34-9670-7534ADB716E9","98c44539bfd6328942ea8a7f23f8f91f632b78cc1929e91454ce6421f365838f","retained","23a452788b31f9b50e5059419f10ce8717393fbda519d26ab983e13379cd761d"
"1E996290-CA6C-4F34-9670-7534ADB716E9","47c6d9877dffb61b02ac8c29a0688a3a1d0148be28ac6b5d227912b3b6e14a97","retained","59b3068bea741680ffd8abd815fa6d16a424426a55efd823d97be3e252803bd8"
"1E996290-CA6C-4F34-9670-7534ADB716E9","47c6d9877dffb61b02ac8c29a0688a3a1d0148be28ac6b5d227912b3b6e14a97","excluded","b455d41589acfaa9c49d1803771a1c4654c704535e0a43851812a8211b49f76f"
"2DAB13F0-58F1-4F55-B738-BB76C5513CF1","7f32dfb65861c638bd3b2e1feca33ec4b225be03adc9b46a4e93a4cbf0c6a9dd","retained","c7b3fc609e1714a860482f7ed2e22dd256ed98f76e0c58a787a7b9379a9c2cf3"
"2DAB13F0-58F1-4F55-B738-BB76C5513CF1","7ebbb4396f753bd7ab002042ec5e3ff240b60daf93989a78fe2e8a2aa8de0833","retained","08099fb9ddcef9fa5287efde21e7c519d7871706bf74bb0e88c865e2d65ae41a"
"2DAB13F0-58F1-4F55-B738-BB76C5513CF1","7ebbb4396f753bd7ab002042ec5e3ff240b60daf93989a78fe2e8a2aa8de0833","excluded","f9851ecaa39532dca0e1cc8e1d71104312fea909911221da5c57950fa8717687"
"2DAB13F0-58F1-4F55-B738-BB76C5513CF1","8277f7cc489758ee7562628c6893f2785af97146a1236f3297b903815c75c680","excluded","cb15afc0918ead3f6c171937f446b4df4a6af3e6f0b5a03062d0643673eb8e1e"
"2DAB13F0-58F1-4F55-B738-BB76C5513CF1","366baab73b773b47356b5e228a8eba7a178b444c80c1e5249f9a2d4eda8b3039","excluded","d5e165ff8369b4d5fdd57da466c74149cac6c3de438179d699c1fa1e6d220bdf"
"2DAB13F0-58F1-4F55-B738-BB76C5513CF1","366baab73b773b47356b5e228a8eba7a178b444c80c1e5249f9a2d4eda8b3039","unresolved","0bc304bfa81ffc8757d8937ab080c540d6fc60feb125b6fb6622ddca6152c8cd"
"F8979ED2-9404-4D62-921A-953FF104D127","9ff5cf259c3baa0421214bd8ed37070df62efda684fbc48a22761bce725e7fd9","excluded","3497a322df5db49457f8229d13ce899f0c0c738304afa028078bc7585433d94e"
"F8979ED2-9404-4D62-921A-953FF104D127","9ff5cf259c3baa0421214bd8ed37070df62efda684fbc48a22761bce725e7fd9","unresolved","37ea8c26d9ce891b93be5ba1df27ea9cfd872368616807d9a7e55f874a38f044"
"06B28E62-127D-4A90-BBF6-880C5CCC5433","794813a157a23c2bfa92442d393e9351c328513c8a238ee2a646b336062f57d6","excluded","0a1f5702ad50d4453425d209a32396f868cb99f5f4a055a15c30a6fdfd2263c2"
"06B28E62-127D-4A90-BBF6-880C5CCC5433","794813a157a23c2bfa92442d393e9351c328513c8a238ee2a646b336062f57d6","retained","102813cfbf2153ea2e475a5f0152d19caa60456bd060683073bc3b5bb89d4939"
"E2783960-8DF2-4823-AD67-E02F6555F15B","871c960fdf19adf44ec51fc6a72b6a4c8703c8a4514e01d2090e2c2665e71aab","excluded","871c960fdf19adf44ec51fc6a72b6a4c8703c8a4514e01d2090e2c2665e71aab"
"D2475066-800B-4B01-801E-B1170AE005B2","c072833ee62fb2095f0dc6e5cfd1de23fd7770b2dbe1536a17e9e6b0ae167810","retained","305589e553b9355dcfcc342c263ae25c78167ca1d32ee94ee8cf2c8d72641a8d"
"D2475066-800B-4B01-801E-B1170AE005B2","074cb4e7eb873b0f0d7352549c977366a875d4bbf0f3b1702e82259b0a37d800","retained","f669117e4bcb3cb59977a460dcc4ca76e4c2c5339857455752e12e909b77bd48"
"13F5F09C-1EDD-4CAF-B1CD-200E2094255E","0a47ca502fe87cf92356e56c0ac820d7763b9d4e1ec48996a903d8f09aac2370","excluded","42b011fee90683fc8b69af15c302861ab900c9168373c7db4d31673486ad2b13"
"13F5F09C-1EDD-4CAF-B1CD-200E2094255E","0a47ca502fe87cf92356e56c0ac820d7763b9d4e1ec48996a903d8f09aac2370","retained","d77274a59b77aea56ab5db81813fd141c54db565e3057360ca0509f31d6f0db3"
"13F5F09C-1EDD-4CAF-B1CD-200E2094255E","a4e29ff466227685ebf958e22348419d3c6de936dc63132adc2d1ee14afd0b0a","retained","a2a90c481628b0cca589e8fd487b3ef202e0b9bf6f4df73de979deaca53f8f5a"
"13F5F09C-1EDD-4CAF-B1CD-200E2094255E","a4e29ff466227685ebf958e22348419d3c6de936dc63132adc2d1ee14afd0b0a","excluded","8ed220316ae0aee6e08c08373aac23f9659774840e2f3856bb0022c545186001"
"C9F06E08-780F-4CD5-92BF-99851443A9CA","e49a9d665b9d9a5dbf67609ef3f606e8afde4a35c832ea58ccde0f7fe7cdf6fb","excluded","68060a188dc3f5817d1e53e6343033312f0ad2e80610bbeea0ffa3a00bbd843d"
"C9F06E08-780F-4CD5-92BF-99851443A9CA","e49a9d665b9d9a5dbf67609ef3f606e8afde4a35c832ea58ccde0f7fe7cdf6fb","retained","a023c3333240a83fda1664470ed6b1f9145d640231775b62e511f848c9b04aad"
"C9F06E08-780F-4CD5-92BF-99851443A9CA","2cca85e7635e978ffa15b8656d614379a1bd6d846dbbd444a0497ec3ab5fcb2a","retained","4e3031e6cce615d3a742cabc92315d62bfcd74543154ab703b310168f1e6df01"
"C9F06E08-780F-4CD5-92BF-99851443A9CA","a1730858212f2df282e17a7b8d864e8e02889b22c2ba91860f1ce8f7d632e060","retained","1988fcc234e0b7468e1e9d1860418e708e0b8876ba5659e630a0093b02e9ea64"
"85459614-591B-44D7-9C15-DB8A643A8986","2dafa55fa1347a6fd3c4c8a5e8c45433fcfff9dd12edf9ae0a37a1f74a5e0c96","retained","38a24971e094cb71c3ba613dfae7ab136fe94cfed1d2d31c7e98733235b925c8"
"85459614-591B-44D7-9C15-DB8A643A8986","e4980e2cc391161674ae0838a8bdfbc2f629dacbda1eadad8e20b076961827e1","retained","8913a807a467f302fc7c9290629b08cafd5249267860655bb14577404cdf590c"
"CBADCC3F-4676-4484-9D52-B1D47F97CC88","b574c4694bfdda618af57600e50248abc329623ef94630b6a2bdee1210573618","retained","2d165ce63c2c8813632a7e92da45d4386fdf59b696c9d55433988a7e4269d2d3"
"CBADCC3F-4676-4484-9D52-B1D47F97CC88","4beffebb5d53939c81fafefd294ea67f6d4c0af0bc6c4666197a20887115dd84","retained","a6c5d0a08cd3bef3fd9f9d3eca1ccc7c93a6eb2c21126ec25c4e170a7e708ffd"
"CBADCC3F-4676-4484-9D52-B1D47F97CC88","4beffebb5d53939c81fafefd294ea67f6d4c0af0bc6c4666197a20887115dd84","unresolved","8706f43d2536788290f5d9e2cead7347b1b089d4605dff39423e07eabc393435"
"CBADCC3F-4676-4484-9D52-B1D47F97CC88","4beffebb5d53939c81fafefd294ea67f6d4c0af0bc6c4666197a20887115dd84","retained","e6b356f9b9a020be0fc71499c9d88b361d228a1631c05e678b1876518f39612e"
"CBADCC3F-4676-4484-9D52-B1D47F97CC88","d92bbd852496e4af6ebf1e604f3e0e0bd50b360d6369bb9d3bd9a61bae28bd82","retained","e545a1120a16e9210eeb0c629d4cbe561fdba917a9b75f8c68345d4d3c9ba8c2"
"CBADCC3F-4676-4484-9D52-B1D47F97CC88","a116451c75a1e63db56f249dd39f491cd2ed90aa88148dcac1d7f6a716b39349","retained","79683d7d1a31918893e6bc9d2759e886550bdc94efc5a7de613689c850b643b7"
"CBADCC3F-4676-4484-9D52-B1D47F97CC88","8328c71b04c16136f9ce11ca80d16b1705c542235e16ee8ba3f884a3db6c6bdc","retained","43673dbdd532f1bf96c72e4a8d2f40b07659864fc33362316fc53917b42adc5d"
"CBADCC3F-4676-4484-9D52-B1D47F97CC88","f83535b02796812f0c765607fe37b3cf4185d8a9276fce66c40d5fee84da2cdd","retained","44a97492d6f6cf8671019673a8c85a43bf8a7ce72caa05f75aaf24c4908379f2"
"CBADCC3F-4676-4484-9D52-B1D47F97CC88","f83535b02796812f0c765607fe37b3cf4185d8a9276fce66c40d5fee84da2cdd","unresolved","3d6e1808273c67c2da4566cd93d1e578b41f5229bf9ce1a115d8ba535f6e2628"
"CBADCC3F-4676-4484-9D52-B1D47F97CC88","f83535b02796812f0c765607fe37b3cf4185d8a9276fce66c40d5fee84da2cdd","retained","f2b0903fb533501bcc2daa79e6bc122491df1bbc3e98b48892d87f1f3b135ca0"
"CBADCC3F-4676-4484-9D52-B1D47F97CC88","70589c408447f0c684b553aae5887f5468e262f3b8bcb72c1737fe9183f6522d","retained","255afb99ddc8373d5ce9484df4d3bd8d87091b9722b88887ac97f6fd94999e63"
"CBADCC3F-4676-4484-9D52-B1D47F97CC88","ae794704d09a779cf9c2033f753fa2cceacf06c56750d01d38c23f2d7f3f0780","retained","c80d2f3cca6e4b31b544e819cd0bb0ee63579683c7b6f1e67e79eb989a0c21c9"
"CBADCC3F-4676-4484-9D52-B1D47F97CC88","ae794704d09a779cf9c2033f753fa2cceacf06c56750d01d38c23f2d7f3f0780","unresolved","682ca3bf611ff00470977b230bcfa736e858e1acde854c6860c8f499a7aef7f8"
"CBADCC3F-4676-4484-9D52-B1D47F97CC88","ae794704d09a779cf9c2033f753fa2cceacf06c56750d01d38c23f2d7f3f0780","retained","9e9a7168141c6925d50c6b3b8dd518d250a81bc94dac46aa48d31fa3160588e1"
"CBADCC3F-4676-4484-9D52-B1D47F97CC88","99423aa7f2cd8ef164dbfba10751ffdbf83bc4e009723ddb3dd6eb219013c3bb","retained","1d02337616af7700a23e428808f1171a775d66b243c810ba03504be2b6b64dd6"
"CBADCC3F-4676-4484-9D52-B1D47F97CC88","5f569aabc3a7787257c0d6d68146f8321ed9f00b07af794fd0704ef7dc77ce93","retained","83a4c4d670a2e9846603d94423c53d359d1058c70f38f8ab92dcdbfecf67a826"
"CBADCC3F-4676-4484-9D52-B1D47F97CC88","2b16583fc67bded973f86ad30568f199bfa8a7586ba2ec6152e6f3caa5ac70d0","retained","a13e761a412f45f39155c3f3d025f164de21a0a4df6e7a38e75106bbd1353a97"
"CBADCC3F-4676-4484-9D52-B1D47F97CC88","83cb665bf64eb2bc977a21de2b7d4982dee54fe0211a703ebb47c488c23df7b5","retained","07e8d34aa56a837d859c2b3e25662138d66dd11dec559e308957b16db326fba4"
"CBADCC3F-4676-4484-9D52-B1D47F97CC88","83cb665bf64eb2bc977a21de2b7d4982dee54fe0211a703ebb47c488c23df7b5","unresolved","bc801480d10944b30ce4bb98c225918d201b6b628bfd46a90a6dbb453d8da6b4"
"CBADCC3F-4676-4484-9D52-B1D47F97CC88","83cb665bf64eb2bc977a21de2b7d4982dee54fe0211a703ebb47c488c23df7b5","retained","b237f7123b74a5a924b0d67df668da8d97427fdc866766b28b469c453d033f1e"
"CBADCC3F-4676-4484-9D52-B1D47F97CC88","e2995ba60d72e5c69f1a30ec8be83757468e4ceb72b36e2b05d1067eefa0c06c","retained","18253b9b3244bcbf4db07e06ec95baf06f61f90b74bc630811dd3bb5418af8ca"
"CBADCC3F-4676-4484-9D52-B1D47F97CC88","ab169a249335a1a0e00d5647d9366fc9166c4653e9034f57be93ad320cda8013","retained","0ebda41aa3761a162204047e1f1ad1c5d91d844e59917d169e57d08f7c2abf1b"
"CBADCC3F-4676-4484-9D52-B1D47F97CC88","9dfc00da8db85fe7f507e1be10501572b668245ff17f9c607c54ffb93fe947c4","retained","9536557c25fd9091cbc40ac90b02bdb00fa7198b29b2d54fed11daa6ed2550ca"
"CBADCC3F-4676-4484-9D52-B1D47F97CC88","9dfc00da8db85fe7f507e1be10501572b668245ff17f9c607c54ffb93fe947c4","unresolved","ce94190b229103c0905b61261e8bd22ac389bd5bdf0cff6c9716dfe31dc9bdf1"
"CBADCC3F-4676-4484-9D52-B1D47F97CC88","9dfc00da8db85fe7f507e1be10501572b668245ff17f9c607c54ffb93fe947c4","retained","46cb13668df1edbcca6be2b1051f685c0f17cf295ac76552782a3e6dfc993cb7"
"CBADCC3F-4676-4484-9D52-B1D47F97CC88","65474522689b766a19b35a9984e02291eb4500519a11a6d7fcc8e183b1634441","retained","6420b4daba9606e6124a8d33fe4bcf45d16ee30d3b411d840a2446b19f9275e3"
"CBADCC3F-4676-4484-9D52-B1D47F97CC88","cfa1d329039346f94252faa8d9194aa95f9e9e43374a3966a8fcae354433a934","retained","b56447fab0205a23758397e9c72a288e04ecc9524333b263d91b2a8b1908ef56"
"CBADCC3F-4676-4484-9D52-B1D47F97CC88","362ebcd9026e2601e387d3dcc3246f532892c0c4ebdd51bf7a0fc7e9b0ee1f5e","retained","f32f1126d40dec271872c28ec866d0e85c85139977cd2469667b6aaa54031b76"
"CBADCC3F-4676-4484-9D52-B1D47F97CC88","dca7110c9082c2992ce561e4b7453d848e2593dccd8b4f87cd5cc33b4edbb3dd","retained","07ce4c615609c1bf5209fe35af6fe5de47f469cbb4fc3056746949de124f725f"
"CBADCC3F-4676-4484-9D52-B1D47F97CC88","dca7110c9082c2992ce561e4b7453d848e2593dccd8b4f87cd5cc33b4edbb3dd","unresolved","71da107e4aa9752c73e087b1d32eef009c9e9a99be4e8217d3402c50473f0fe7"
"CBADCC3F-4676-4484-9D52-B1D47F97CC88","dca7110c9082c2992ce561e4b7453d848e2593dccd8b4f87cd5cc33b4edbb3dd","retained","48ff66d3cd26d78a8d39fd42e2218c371e776ae2529a6038159d1f21aff963d2"
"1E892F46-92A0-46D2-A0E7-4DB92E3ACBE0","efbc2965e0e8479bb9100c656ee432381d0a432c213439f7b52aa9e6d122f9f2","retained","29a3aae2731e690ae4f496a9f2dd318f3180d5b84df8ee8fc5451469209d37c4"
"1E892F46-92A0-46D2-A0E7-4DB92E3ACBE0","efbc2965e0e8479bb9100c656ee432381d0a432c213439f7b52aa9e6d122f9f2","unresolved","d7f3b29f4bbfc920fd439617725cc6f72169f1587a8575e566e1e9a9eadb7b33"
"1E892F46-92A0-46D2-A0E7-4DB92E3ACBE0","efbc2965e0e8479bb9100c656ee432381d0a432c213439f7b52aa9e6d122f9f2","retained","14c86c0fdaf6ae057d93bf6e34a995abf0486c505de557edcd5898cbdcce5ab3"
"217E5956-3AEC-4184-B710-164C3D6E258F","05af6cfc02d507de9eb6d0b4e8285b41cfd0a18c42ad7407ff6c344484058ab1","retained","1709303cc560804b7380f1039828ad6231c1f3f51354010af9783db386dd04d5"
"217E5956-3AEC-4184-B710-164C3D6E258F","77c9186b1c4dae77cc39acd89e22f99d4b42d158d62707eb876838e32661d271","retained","82843f5bea796948291f6607a714ddfc78113485954d74b9ccf62f378ddc8a8f"
"217E5956-3AEC-4184-B710-164C3D6E258F","77c9186b1c4dae77cc39acd89e22f99d4b42d158d62707eb876838e32661d271","unresolved","1bdc52d8ca51d50aba24db3099093b387dddffc8e83715948a28eddabdd231ff"
"217E5956-3AEC-4184-B710-164C3D6E258F","77c9186b1c4dae77cc39acd89e22f99d4b42d158d62707eb876838e32661d271","retained","708684efc0eb0a157ecbb6bfec55ebeca5ec5925864e177ad282367dd69773d9"
"217E5956-3AEC-4184-B710-164C3D6E258F","76713d99724a6ad157869a1da64b8b15d1a46cc028102a3d41e73c3de11194de","retained","9db548fb44c5424abc0081bcc74a2a294a0465af02d2948d9e9dc4f4f0c5dc45"
"CA6464CE-7F88-4A4B-BC99-04A80637AA5C","db87695f58df4b303851610050f68fa48e05619481e1be271c816a699ad4c3db","excluded","2c2d47cd3c3deee266ae47fab9e6be3049927d131a58f93281f19a55a16aa83f"
"CA6464CE-7F88-4A4B-BC99-04A80637AA5C","e023b8fecda716ffa4f921fc1a3ed36cf6daa15fab7d57936bc4449e2acaba86","excluded","24c86e3db1f5520733eb2f939c0e45c373e50d6ce15d5ffe8b3499d1abc41ae1"
"CA6464CE-7F88-4A4B-BC99-04A80637AA5C","e023b8fecda716ffa4f921fc1a3ed36cf6daa15fab7d57936bc4449e2acaba86","unresolved","5abd3ad1075e34f6046807164f87c57901307f063ed6a243bdea6f32f4f0470d"
"CA6464CE-7F88-4A4B-BC99-04A80637AA5C","e023b8fecda716ffa4f921fc1a3ed36cf6daa15fab7d57936bc4449e2acaba86","excluded","93e46efc923f8a5ec3c06c2c6530201ef406b50dda78343a967ca40ecd60b3a3"
"CA6464CE-7F88-4A4B-BC99-04A80637AA5C","972ebdf7c8764c6f615ba2412ac80bf9511bee3e29832adfd8ae677d8dc9addc","excluded","e828c5551c55892853a467f3ce3f89a6db94defe1d714277cc46fb10e6a1aaca"
"CA6464CE-7F88-4A4B-BC99-04A80637AA5C","972ebdf7c8764c6f615ba2412ac80bf9511bee3e29832adfd8ae677d8dc9addc","unresolved","f6a61998c7c0dc259ed1564e87d3916cec92d1b1d617e23a51962ce408d1b60d"
"CA6464CE-7F88-4A4B-BC99-04A80637AA5C","972ebdf7c8764c6f615ba2412ac80bf9511bee3e29832adfd8ae677d8dc9addc","excluded","de83210a60618a3dc1fa6e4940185f31d4975a0814e721dbeaa1ec9c47d69e68"
"CA6464CE-7F88-4A4B-BC99-04A80637AA5C","900e9ee3a2502b8b504afa291b73d7e04085490334b1cda0b078e002eeb6c42f","excluded","8f50616634807c6d42ce88f7b1507f8cd7755cd55f8227273e70588390d703ac"
"CA6464CE-7F88-4A4B-BC99-04A80637AA5C","900e9ee3a2502b8b504afa291b73d7e04085490334b1cda0b078e002eeb6c42f","retained","d263f6209b28c345cdb5aa418587b91b49aa2b5e9bd044be8699939966e5eb59"
"CA6464CE-7F88-4A4B-BC99-04A80637AA5C","900e9ee3a2502b8b504afa291b73d7e04085490334b1cda0b078e002eeb6c42f","excluded","b375b20bc9904258691db0e0eb6f9b713b2aaed0428b15f96ce26f1303faea23"
"ED81E36D-5DD1-42C5-9172-D25189D57A4B","e208913c9b167cfc6c130191d4d19f1e6b6c4676cd3030b7a4853e95b0316d2f","excluded","2e453761a08733d476f924e0321a136374f9c7f8c644a17f2f562e90473d94ab"
"ED81E36D-5DD1-42C5-9172-D25189D57A4B","5bd65a161d71f1170739106f9d666493713a4a832f31a7a61643dce743f8266f","excluded","9cb9ab117fd132767211c460a525bf662dadd9e941c03b49f34808aa2f845509"
"ED81E36D-5DD1-42C5-9172-D25189D57A4B","93bfd53e08acc2549301c0d675fa50a809803f42d6f6d76605930b6a6637154c","excluded","6349847af1c94a476000e7dd4c0e20705581a52c76ca6ee09cc047b696a4903a"
"ED81E36D-5DD1-42C5-9172-D25189D57A4B","458bf8da21e1f86cdbd931f8db7522a69df60ee93d997ac39aa06da6b482c086","excluded","2ac5e760c3c1557c255c5318c02a17c4c2cd94a82920d471c823a355ff5613dd"
"ED81E36D-5DD1-42C5-9172-D25189D57A4B","c64e918b5e96b73bfc03d7424359d1a42f7e922d6c37155e9151618e36a16504","excluded","8b341909fc4bbe407151bd5a2dc7c484489b087ca7979c4ff652c8765cdf7e76"
"ED81E36D-5DD1-42C5-9172-D25189D57A4B","31aeb114a038f71d28fe06ac7bdc31f7169a4a31957ba214b02a155912d377e0","excluded","00555427e25f2a99304435538fade4209243e798c2ddd6987cbd250d0e5b6f27"
"ED81E36D-5DD1-42C5-9172-D25189D57A4B","31aeb114a038f71d28fe06ac7bdc31f7169a4a31957ba214b02a155912d377e0","retained","c3b01f1afa7c880d09df6096d3a18500b2d62b32dc3151875171685007adb2c3"
"ED81E36D-5DD1-42C5-9172-D25189D57A4B","2d36c2955e4b66caf2cba3e774d060e82cd1ca673a02143c8ca210dadfb8df53","retained","40e068a47dd290ea170a1d67fa7d4fdca92f3b345749b3019d99b2e18dac8e3d"
"ED81E36D-5DD1-42C5-9172-D25189D57A4B","2d36c2955e4b66caf2cba3e774d060e82cd1ca673a02143c8ca210dadfb8df53","unresolved","4b6d3f34c4934306c14f292c77e536560cb84cc644a501b9a4be5a8604add55e"
"ED81E36D-5DD1-42C5-9172-D25189D57A4B","2d36c2955e4b66caf2cba3e774d060e82cd1ca673a02143c8ca210dadfb8df53","retained","7f78a72d08d61478a2f1d390f6a869237c712c788ceaba041b8ec55efea6db66"
"B45E8DB3-941B-4F55-8913-456BC51A756A","2ceb377531f102aa1243f58034ba0cf1faede21392ab063187857b7ed3df579d","retained","544cbeb4c4b3e5b7238b7a8cfd0e0398c926c21239c1d7612887a55fc02e196c"
"C4FA4DD3-4FAF-4E5D-9FED-8D54439D16EA","c2344738bc0a91a9f31ec15d88b05313b4761114a50bf174a268e9d3b0ff39e7","retained","7b035c6dfd95b7cb43cdec2494ac5c4b7810fb3950f5cb63600512b5826e86c9"
"C4FA4DD3-4FAF-4E5D-9FED-8D54439D16EA","192a825234c668d06ef3dddfa631395ab13a27f1105f18af9e3f7c425b01f338","retained","c288d116a1e86f9febb1701be39fdf0a48b502a478df2fc68b0217be32cd7403"
"C4FA4DD3-4FAF-4E5D-9FED-8D54439D16EA","8acda8c41e82354ae42d974940639bf874f33d6f73477595c26f7aa403202ce2","retained","85412adc41e215a3e8d30ba0cc6e93e011ff325075e9df35ceca39f67f38873f"
"12208A58-B918-4D16-AEA1-F723F28B7F01","2f65c521614adb38236636cbee2560874ba171a2c237fa7daa15ed340e2ddcc4","retained","dd61042aeb0c73cd0cc8ccb3e17e3f53b5ba72ffb52f3c6d99ab2789e376a439"
"12208A58-B918-4D16-AEA1-F723F28B7F01","ea115d1e1002f0e625e85643314f5189c70d4bdc44c53a16a2ffba16809e1ba0","retained","3e31c15119589d55b8336dbe47c9e6c6a570b9919d6077889c4e1b90e1ad5a4a"
"25CDFA98-28D6-487B-87EC-F02D3201D3F9","dc71f5c9d72919eac81b1313d9552f1524d73691943ab5011d780341ee8abfd8","excluded","42c069f4b29828b769cdb386270349a6e4427cd7e8845c7fcc3f0641ea9827e3"
"25CDFA98-28D6-487B-87EC-F02D3201D3F9","dc71f5c9d72919eac81b1313d9552f1524d73691943ab5011d780341ee8abfd8","retained","ac25c9fdbe8a46fa79a703fef558e5763e0e073fa84cb5321f9b637457fa6e29"
"25CDFA98-28D6-487B-87EC-F02D3201D3F9","6029e7c593aeae0bbaf543d02d8ba5893a3cb4780cf81b3576e99d415a7dfc9e","retained","4c392e6ad9261da024aa392db9d5a11d26724ab4f82c540bdefec369d6dcf1e3"
"25CDFA98-28D6-487B-87EC-F02D3201D3F9","90eeaf45c8dc3bb4256a751c6e5032e97892d9e2511dfe1d0be88042be904d11","retained","8ed57765d2d77b4645974a1d713cd29ed1a30c20f53b4193b52507cad89e34a1"
"777C8F22-200F-425F-B0CC-30A89B862605","077d67e36741d1d6cf91d658143a4750ce4206be2e668817f224ed4403195bd3","retained","9ad1cb0eb5810c32156e23f2adffdb014015a1300ae1f40ff7fba9bdaf6eee2f"
"614B6820-1B4A-4554-BB58-2A44A7EEDE17","17564f16e09f885bcd8ebe2ec943cc6badf254fced4612e4e6548c75ab7c4bef","excluded","c3256cbfc83a04a50780f745570d23f80f21360bc8220e4d8a820bef6a9e5d0d"
"9D4B8AC6-6FDE-475A-A477-40EBC8671E2A","b0b6f0f79b66b1458e741642402edc4f303936cc053579e757b4c9a2d13f8636","retained","ddfe4fd20627cf1491b6417e507981cdfc8f3259f9fc5e225f9e49cd4f3d4d06"
"9D4B8AC6-6FDE-475A-A477-40EBC8671E2A","b3a50a2d14f8a48ddd4d5fd4bedc29cecf0d0df01430122163a52e4365778d65","retained","fd6ad9604abbcfb9f3df91129387c9f50ef033a01a2d63df088f8fbb75c133e9"
"9D4B8AC6-6FDE-475A-A477-40EBC8671E2A","8fe4dddfd5c500b6aec987ba42af7ad733e798adeb43597f3d0ede90c62350d9","retained","0fefc0dd3f6b08d8f5eb7bd08a17d9aca9930371595485e68976bb75c677fd51"
"7E30ED60-82C5-4DCF-8933-8A2D3040130F","9ab87346d9896993626bddaf73e68f537f95f5582935944eac6bdaebc2bb5358","retained","8ddb6517bc2432915cb171b9a9bb45aa74a80f7ffcbc40153941656b214dfb47"
"7E30ED60-82C5-4DCF-8933-8A2D3040130F","3f547f25b6de3f256dea7a4a43a9da496a5a45649f2966a142b9361619ed46b2","retained","4208ec11a8a7f40351c77864ba23f415c99c55a32d72e2f4ea1286bd892cb6cb"
"7E30ED60-82C5-4DCF-8933-8A2D3040130F","f55bb15b1606fe80ab27d5e185c1d4e5d55c81a932ece1544a36f18e8d69125d","retained","d6ae342afc6ef4297debb14dc747f1a4109043ec2558788fb3326711f66644d4"
"7E30ED60-82C5-4DCF-8933-8A2D3040130F","ddf2ae53fcf899a9cb115523a7896a61613b35b1b56c3bf889171fc9de9b2870","retained","92f46666d45bb93910a74c67671b9bc0d4dfddb7edac243079be08ad0c3b0a44"
"5C7D588B-2B59-462E-9C2E-27D374107825","685482634289fe9117368cdc820dd705589f00791555284fd1225f4974e727fb","excluded","5b910b67e3e24b3b2295074961c78a7fef6fdce0ab849eef1b0f78be96984bda"
"5C7D588B-2B59-462E-9C2E-27D374107825","685482634289fe9117368cdc820dd705589f00791555284fd1225f4974e727fb","retained","1cb84a386ce3cdfd8d6d939438891940aea251ea52a76e625c80a1c7a110cdda"
"5C7D588B-2B59-462E-9C2E-27D374107825","dba33dda97e9b3a0e9481571faaba7ce31d006391d683d3a9dad517a96a61986","retained","09769a1da74ce8d08e203f3cd4987de842380f32b338aee39ddf2b5e3e05874b"
"5C7D588B-2B59-462E-9C2E-27D374107825","77d30790386500532ee8ceda0ca32196b86dd496c8f2dce78ba5ee7367782255","retained","e8ab68fa0e8dd61db5d50200d4cebca2efdfc1baece65af40bb1792402ba253d"
"23727A01-D5FC-47DC-A006-A64B9976FD50","01c44c4da43f38694ec26bf086a5d2223cfedd91b7acda79254fba9500683e3c","retained","90b9301a35f406497fadf77328422b152fdace538b9e1a88e0fb51e1f67c7fae"
"23727A01-D5FC-47DC-A006-A64B9976FD50","01c44c4da43f38694ec26bf086a5d2223cfedd91b7acda79254fba9500683e3c","unresolved","8544a065f8bad791a6bc7974662a4acfbe3d326288a5cd9d233f5b8ed51b2c8f"
"23727A01-D5FC-47DC-A006-A64B9976FD50","01c44c4da43f38694ec26bf086a5d2223cfedd91b7acda79254fba9500683e3c","retained","5720f742096196ce6c9e8bf01a4130960e959f1e9b5a964294263982115ddb9f"
"7860DE0E-DF71-4A36-80B1-61E198D1128F","90a6a5173dea1abd73cf78b85c11e332fdcf41a4a38a318eb7ac559ee9932087","excluded","ff2f95ee0a84015cd9f0890527c3c2116bde826a53e0b63adc989bb996040e53"
"7860DE0E-DF71-4A36-80B1-61E198D1128F","90a6a5173dea1abd73cf78b85c11e332fdcf41a4a38a318eb7ac559ee9932087","retained","1d624436b0e8d4d82cca7d4267b0a1f5f25aa492ea2df1e47d8db3865bfc50a4"
"7860DE0E-DF71-4A36-80B1-61E198D1128F","90a6a5173dea1abd73cf78b85c11e332fdcf41a4a38a318eb7ac559ee9932087","excluded","f2b61fd7f4ece538c2a14f168336656ea58c97cc2977b8c30061bd01dea4413e"
"7860DE0E-DF71-4A36-80B1-61E198D1128F","90a6a5173dea1abd73cf78b85c11e332fdcf41a4a38a318eb7ac559ee9932087","retained","46fd334187c1521952658aab074f8eb0d4c2e4086e7bc6e4bab45634292c3c8e"
"7860DE0E-DF71-4A36-80B1-61E198D1128F","90a6a5173dea1abd73cf78b85c11e332fdcf41a4a38a318eb7ac559ee9932087","excluded","57e885cd5b9c8eeecf453b0c793f9654294d427336f11d36d4f4790809ad91cd"
"7860DE0E-DF71-4A36-80B1-61E198D1128F","90a6a5173dea1abd73cf78b85c11e332fdcf41a4a38a318eb7ac559ee9932087","retained","79ee0dbeb1c1a31674e31989af77e6d8594727c7c31c254bfab2692efb0ec3fe"
"EA6D8146-9497-42B7-9A57-F4E51CC8E3D3","2c7a3703e0c76c46a611e62230437195ad764dcecf1b736c7f12e7c01bf547da","excluded","d20fd3b657a2c9d1c3b7a00d5db3a194e21befb14e79ea4b2c01848c938e0de5"
"EA6D8146-9497-42B7-9A57-F4E51CC8E3D3","355e6dcadf454ee476144f84ec5ed8d04fa4957524accc5254a9dd60d85427cc","excluded","08dd9669c710da14a3dd4ec071e84caa19d20a54e8542a3832021d53046871a2"
"638B68D8-2AEC-4402-8DBA-B7131FC09980","0eefed5f079987247cbae35f4a8d01026b90b478a816330573f7fdb8239fe3df","excluded","3e6c2be28fbb75247894cc00d59666d6653e8b7a616a093b8e0b3d46915119c4"
"638B68D8-2AEC-4402-8DBA-B7131FC09980","0eefed5f079987247cbae35f4a8d01026b90b478a816330573f7fdb8239fe3df","retained","37433f3378e283976de2893bcd565fc25b7eabf385094430ef1e5d52b8054094"
"C532A7B3-3762-4A3F-A532-370BB318396B","7c2a5c5e46a92a39bdbb2b38e23f607736399a6faf363e7a342e8e8f492be09c","retained","312be2152ea5952109099fd8f90d1d8ef3a0e8518da74692c8ffaa4d33c0ea74"
"C532A7B3-3762-4A3F-A532-370BB318396B","7c2a5c5e46a92a39bdbb2b38e23f607736399a6faf363e7a342e8e8f492be09c","excluded","68b5690c138adda18648c5c500cf9f0fd67e8dfa38ab5823ecdb53d528c866de"
"61D56DEE-767A-4BA2-94E0-B63210C4EC86","e7b3ea68725fc33202ede908ad43a6d7a89ffc279ea3b98523f009fd541c6da3","unresolved","75ac577568f91ac55f05f0ce24d3ffa526ae94a85ada486b5e4d00b401c9ec36"
"E4A84D56-198E-4ADF-AC33-63FC967B673D","fc85bbbec1f944535e087c10189cb289d512952516e6dd2da8e41b57ef505767","unresolved","e4d15fe98bdb3b343ea12f271a574ca8b54cea37067f9a7d653f20c04ee8c336"
"241E8AEB-8DB1-4038-A140-EEAF1C9DD0FC","1eb631481b9e3935779e5f2169ee25012d91dbfb2d409521557377eddc82281c","retained","21abe26cd463998ac96270ee746266b809e406f65e35e8071a1f95b9a3b103b3"
"79CBCE15-B04A-4CBA-894E-0DB57DECF99C","cbfcb5bee96d804b8d0f9f6e82cbf77ebc12475f1e94ecf9579842c11df9276b","excluded","c50f854761baad82ad74b1bb0e7cd080e01279875eb8e4eec36b5a876196aeec"
"79CBCE15-B04A-4CBA-894E-0DB57DECF99C","cbfcb5bee96d804b8d0f9f6e82cbf77ebc12475f1e94ecf9579842c11df9276b","retained","e155af7e0b9474ff3fbf9d15c31c52c149046924418d310637f3cd6f29797f8c"
"71D803B3-1C4E-4368-9C1D-CDA0604B9DFF","2f76e4deac959cbd636da3033ce2a0168a20c1f541f8ea992006e981668176d8","retained","dbc6c13586452ad9c13184438a69757f376d79383e86dcb2265b5bd39d7dfee5"
"71D803B3-1C4E-4368-9C1D-CDA0604B9DFF","2f76e4deac959cbd636da3033ce2a0168a20c1f541f8ea992006e981668176d8","excluded","ebc289edf64f866aa8a6d3875ae65eb0fd30e4abcf751f81c33ed31670301b54"
"CBD3241F-4118-4037-B017-88621741A156","a56e2474a3906690b9e0bd32e97ee6b9f8881d3c146d72551b8555deeeca9fe8","retained","306806b4f10e779bde28af704a434ee607027bbe3524cc209c9cf0b0f258895d"
"28A1ADE0-281E-4BDD-A5DD-6F1DCD9A7A32","368c133b1172713aca21289b594a5d903334b807e8e8fa22c5ca8c7bf56a917c","retained","e9710c2da8a17d79fd59879493d8071dd2394354dba04f9525cce387b12af174"
"0F97F6A5-DAC8-4B2E-A832-F8649C69DAB7","6e773f5855a35a134bbdef00fbaee728068e2b48d202a8a2638a62f76388d19a","retained","5114baf22b3b949ec2acc632cd96ccd3f8470b709eed94d05ad071ea83b94b57"
"74653350-CADA-4AFE-9C8F-8E057861E199","82a173121fb7c391bf97405215cd830e673126643ca7b41d6f6c09107013df53","retained","9402798462dd7863daa16d177442bc4c261d28e1ab57fbac1bd9a5ed0f8d5cd6"
"1EE92C5C-C954-4213-A8B6-782586DDE5E9","51283ede1c10878f683b066f3bfa3b472bc559fe2ee79f165974c9323b03747a","retained","3e33f2359bee28ae70779e6f235fa363330ade68bfdc7c395965fe61a58c48cd"
"F933082D-ECD4-4C2A-97E7-AB84F1C76887","8b46a4b6fd807e89dc43c694a7ad06aecf82323e9d4a7639d1496558bebf73b6","retained","99be8659b70d12e100086d094deae599ed30296fbcf4db80a208ca425dd38400"
"C79833EB-5EA4-43FC-9D50-A118B8F12A11","4a5cc5efb82351f41948cb614881623db73b1dbfd2073f587dafee1327e8db93","retained","1f66fbaacf7c623892b5f47100c614ba0198c961834264c907d5078a200cf352"
"7551519A-D364-423D-A6C9-A5155B5C7CA0","2377d9a9e8ef1a6548668bbd6e521d5f945468cd2495d4bc8bea1d1578f3e531","retained","dcc5e9a011b1703ef29401245ee20aa04c20a3ff6bcba92267c01a2c98f9843b"
"13352581-DDA8-4F53-A7C6-7B9A6F233C5F","936ff2bea550b707287feeb74e67fef5979d600cacc0954d056e42c734b279d6","retained","42ee6cbe2ebd6fa833238c18620a67f5c3e6e737e1f564ad61eed5b1421c7ee9"
"F6B97DE3-9142-4384-A2E9-C3A1742F9452","00daba9db6a2ebc053ed66c74160f368d91bcf2a19e07b171d7bbef71c0eb57a","retained","d8a6d61327e751a2282440b8fecd9e5dd5e914b35e644c561b5b0ab05c3bbc43"
"7E2F6EEE-06F4-4516-9D7F-C75086D33085","065880d5217969a450edf80c0f9eb7c9b04fb81fdcd7949d9c98018bec188a13","retained","89ab2196bd909c46eed481ab94bc102b76dec5375b49da8f362c8c34667fb5fb"
"0D5881F8-5071-4574-9A44-10536C022E47","267f39cfd5f181818e377145065ffc17dd64da80b88c8a1b25d1f4cc12d7a21c","retained","83a958313da4a3bca8112feac18f32a9ecfb6b269fc3455d24ec4916686aa5a1"
"F51D55A4-CCCF-4E6D-9786-F3C10FD8C23A","1ebe68b63b291b131dab7d5eced554956da80506a0a50c8047f754cc77561638","retained","194aa57135b529a0bab98c00272e7852c6ffe0ca24089636113b1f7a0e71f8cb"
"FB77D027-7F69-4C37-B52D-0C339A5736D4","72dd31eb36d64bd69a9d6219b9f0270821cc1a49fb2761a1ff24b65c98409401","retained","5262eb43be7600827bb35f4e857581ab56bdd5255a2234137f7160824e8b8cff"
"A287A42C-41A2-4445-861A-DBAA57D91FCC","ce67022a4f75b4ee39aa1f1d683ea4cde61b252dc9bfc2bdc6a98fbb1b5f9042","retained","aa054962c43dba78834320b80fb10f2a16229f82eaa65aa2d4767179c1056ac0"
"A287A42C-41A2-4445-861A-DBAA57D91FCC","433f33b85d75644d3324b3765e4abff90bd141d908f3c195257e1c8a0e59997e","retained","3d22d6032c1d266e91f2d10873ba053e270dec5e25a676da85fcbc36aa712b29"
"E8560981-502B-4C48-AF4D-8F1CE48E4EE2","bcaf9242a1d9927eb6d13af586856d776641b692049d94d830ed37a52624df56","retained","d5dc1f5c466de6887445224e31dfce834b2bef366e63799dac8722287ee2e01b"
"9B5BF1D1-B5BD-4F0D-B435-A4DCCBE6B846","03eccd50b5dff0fab637e8dc9068c8f15b3c766feb25548862306f164a12cf18","retained","45f4e9ab0e71f9768dc2ab5084f7b487cf1f04de9b84c78d34bd55a58c842535"
"2A94F5A9-A26A-441A-BBC0-BB109D2172E6","9d83a37f3ad7e3d1cb61c7a2200d774fa267bd17a2dc0f3e589c13ab17ab3fe1","retained","74ec7aa18ab518ae602dde1995c340e21f576e9d26cb01ac87b7aa1dd03910be"
"9BAFF6AC-53EE-487C-AFAE-CD1E00A4B5FD","5b21d8d6220e1f9aa93328d85b8e78f7223eec7a1190dccefc339cecfced4a3f","retained","5a2ee4102302480fd152d2c20ce0e8add6c6069056be497b3f2e9679b42f3a1b"
"474EBF55-3F0A-4E27-B843-8B8282FBB990","cbccd4ee9aaee25f83254bf4fbbb00c53232a0d3156d05e01c5c74d88eda7abc","excluded","0375d4ac2009a8199320cfe1f49f40066174532adba27acc685206d6e88bcf5c"
"474EBF55-3F0A-4E27-B843-8B8282FBB990","cbccd4ee9aaee25f83254bf4fbbb00c53232a0d3156d05e01c5c74d88eda7abc","unresolved","f569c5764dd884dc17cf28a27682475e33526dd96a7c57b28a49c79a47679bed"
"474EBF55-3F0A-4E27-B843-8B8282FBB990","cbccd4ee9aaee25f83254bf4fbbb00c53232a0d3156d05e01c5c74d88eda7abc","retained","273c7016328d0ccca42e766adf01808a1f8431c384cd0f3c69bda0bd4045d3e7"
"474EBF55-3F0A-4E27-B843-8B8282FBB990","b7f54a390fc94b1b9c9c11f0344c585cc26e8550253a7bfdc74faa45465db1b0","retained","1de1b5ab428f2ebdd20ad186e50f797fd265fc5e31774640f019618384fcb893"
"474EBF55-3F0A-4E27-B843-8B8282FBB990","18bb16dd96370f75e15bf2c6ce4f1ec9c810f39f408e2dc886010c4a6fdaf113","retained","6308df43dc0789ba9cbc856c1972fc1f2bc642163bac39a92ff3a84dd4c2bfe4"
"474EBF55-3F0A-4E27-B843-8B8282FBB990","a32ea170ead4b63aacaabbaa044f466da452c272a90a25bf6a38dd022e6c03c7","retained","60991039d1f0d3a03a2e325d0d24a79ae20d6baf331e30b99dddeb9d2949c6a8"
"474EBF55-3F0A-4E27-B843-8B8282FBB990","b597ff0ac0a0362fa4deb75d8fbdc0a82ca00e143aa8abba1661935297754543","retained","5ff14059b69e5ebc8b10c03b30376c2491836f36db631d50b92cc88a5d29255a"
"0862E44B-3821-4762-9FB0-7F288F59D49F","7287829f34f0fb8c31df05f1af5d4c1c92aabec71574bd25bea572f8c1532ac3","retained","ea3685c83b395c3655675efd0db7c8e0a8bab7241d5714700910ae0a11e4249e"
"673A58C2-60BA-4EB7-AEBA-19E9174150BE","1033eca4e720c4f2a6eb063f756bfed801a955cb67d59ce9eca51955d437dbc8","excluded","fc24311c74aa1232a470d01a56d5862ed145789f4b580cfdbdd42b5a301d7b01"
"C67302EE-CAAA-491A-9C80-A6D2C13392D2","818aab3d8e69327b0650d930313acacc06def931e9569937acb56669c82af73a","retained","53d1e15de5069d0101212a0abf0a35aaa42ae5ebc49d6ecfb5434ed1a74ff06f"
"C67302EE-CAAA-491A-9C80-A6D2C13392D2","7895b8195eb44bdf00fb9059f25d538c21b9038dbc130f497955ef4bd0e1d980","retained","7bef8e6d0c8d4707ac6d48fb7572242728b6b8419702ef417c3df0bf2dd34e45"
"C67302EE-CAAA-491A-9C80-A6D2C13392D2","a93c4d6ec88199e7fc6e97a81dc482344020301db8c584dabc9a76ef9aed13c1","retained","77af3913e4a29d30ae5e357d421b87d4a2f8aa74610619d19981a0804c4a8cf4"
"C67302EE-CAAA-491A-9C80-A6D2C13392D2","a93c4d6ec88199e7fc6e97a81dc482344020301db8c584dabc9a76ef9aed13c1","excluded","c73c21b832ded7a770499add1e19fc3ca62ae9f7ba45200a1991200d56e4d7fb"
"809B4013-8F7A-427C-B854-1C0A8EF00509","4af85e45c71443f26e825ae660253fe14cc187ea28be07c5998108d3abaf2232","excluded","fceacb2f0437dafe687a163002e3f24837bd65af6c05ecbdccc2dcad9e2274a7"
"5C187FF1-F6F2-4572-A7A9-F9773C5E2143","76ccab90f6ccb8ed0d032d12ddfa3af3c3a1a65e14d28603db8f151673553301","excluded","2468dc48cbb76b236c9718cc5f7b28b2e12da96b902e9afa0a7378daada4e2e9"
"B03D2C48-1CD9-4DDD-816B-CB0CE7E6EA9B","30e26663c21fd29edfbffec141704defa20bed0ed31b0372094843d873ae6a43","retained","21309d2e6418dc51ba9320cd0ed08a2b4460992c0d271ff24a4519caf81a16c8"
"C06CB6DE-EDF7-4072-ADFB-B1220A467D8E","b952cb4a9b4955688d540ab651c01c9fc54f264a4963895cc3ae0fb95082d754","retained","9ffe7537ac908ef344e2e1d540db9685b6881998acf822f7e8b29a1be9b48f84"
"3127267D-98DD-475E-B70F-3781BB6EEB18","5023377ee1ed1567bb26371fcba4c03f6ee8f0a0edfb2660c0d5deb06c8cfd92","retained","0b0a62c1937837021327bb2336d1454c0597039f3f1fa40bac9f78b4e2fd824d"
"03221A49-1C81-4AE4-B101-A4D9C8BCF04F","c594aa3234db20ae3b9b6801f107f6a57a7b743647abfc110468f86cbe12b2b2","retained","eb663a1cdf7d1aca1767ce8fa0bddf34e8a4bdc10a9db563a59b2e3981dadb1c"
"B47BB7D4-562D-4407-B970-0F9D4BD96FC4","ec5051d5ace9bf74626e6ecce1d56982bfa3e323c56c22302346188a5b66edd3","retained","fa6247f904df096a07b6994ac51847bf19c2aeca7c42491d44b787d8fa437416"
"B47BB7D4-562D-4407-B970-0F9D4BD96FC4","09b56a2988e2e989f420bc44d51b0f2c8fa638454734fa019ba93cda60f2e547","retained","a5242684b108b0421b755bbb1f3cfc96b833be696b14bb6b38dd746be9cbef4d"
"B47BB7D4-562D-4407-B970-0F9D4BD96FC4","09b56a2988e2e989f420bc44d51b0f2c8fa638454734fa019ba93cda60f2e547","unresolved","680d2347681e7cf746b2f72e794a87879b38e71a6b0fc6d1075cf3ae5a83123e"
"B47BB7D4-562D-4407-B970-0F9D4BD96FC4","09b56a2988e2e989f420bc44d51b0f2c8fa638454734fa019ba93cda60f2e547","retained","415e38d453e5b8d7537d18c6aa581c1a99ef41b65757975ecc828e323ceb6af1"
"744BBA97-5E7C-4AE3-B5F9-0515400EBD60","b79470cb58975cb3339a563dc408ba70007a083522d87d888f95afc469cd772b","retained","703bd5ac6de1d9df844dad3958974f4ea5f46246e5f28dd983e375897a4fa403"
"3C62EADA-44CB-4C7B-BA17-BAB7E81B6868","a8fb13289b815a5dcc8ecb4410df919bb8ae4a9b7be93a9a83746fa7222357d6","retained","dd99a1228c32c31927b7da1a6462b04ec45b5dbe2184d9e88d95add9f45fb684"
"B7625D9F-FA54-4B55-AFC6-6FB2C7533FE8","782c2661e165d08fefb8a5684f018ef54aa5a06d487d2fa85bc26e36264590e8","retained","ad7d13cedbbf22c36828d2b42f4b4954e233e1ed40ffc709926706bed15ab1f6"
"FE32E10B-0E0C-4E87-BD49-794F53E0FEB3","46ca1b487eb91056e6b5713d85cf2880d6b056dbfa5117c3110184a73dd38e80","retained","93e13791d53894b5e8f3d1da49c795eb83a6cffd9b8a74e9cb6f9cb07cf3adfe"
"FE32E10B-0E0C-4E87-BD49-794F53E0FEB3","82370ce8865df8cd51b5ea62b99c336e1a33f6d726123aa675f3a04a03c35ddf","retained","fa364c5d66da8cfebd815490d6d88c45243592a78b69ddce1e5da1816373e8e5"
"1D6F967F-F965-4C00-B940-8C65393A0B11","790dffa5a6eeaa674bc15008f94bf24613df57bab47b794d7dff1660585d62ec","retained","1d2bafcd519cc712f8827cecdee2c577980350ee71168750fc1a90d852c06fa9"
"1D6F967F-F965-4C00-B940-8C65393A0B11","8440f6c4c76a52d05c0b49f8b0cb7d8b303395c1b7cfb730b02f86cd0f8ee0ae","retained","a85731ba3fbf13e4c141f263f024119a3a7ad99a9718e97aff2d8d8217d399c1"
"16DC0F30-9C18-4D3E-AC85-58E435692FC1","7b361183384d21bce84bd41905c02ce7d75d0f6e566e477585f75b614a794ccc","retained","77018dc0b70f63e62fb24359bda2c60c62d951e77f7995e60c56822dbcc24e7d"
"16DC0F30-9C18-4D3E-AC85-58E435692FC1","526a23194faf8d6a176f5b6461082a2f10849c4275ce2bbb6338fab84eef08e9","retained","8943a401b0da413b4f2e38b79fec39a1dc6d10b2d29efc35f21257364d4b6248"
"2FA4B7B1-4E56-4C3D-B82C-6EB18A13B28F","e080861031a6c7a4c44e4a6dd29d0b5f691888391a7be26e9602d830270bb854","retained","3712c1c3932aa9d2ae8b3c2c26a862c393f6df47a0a08262b827e678c0b261e3"
"2FA4B7B1-4E56-4C3D-B82C-6EB18A13B28F","b055b00cd0662c4c34e140b0eec04a7b1451e2d59b0b283ae6bcb52716aee635","retained","e269f27389223da130cb04956e979ee66f5863950f3936f5eee447fe25205a89"
"2FA4B7B1-4E56-4C3D-B82C-6EB18A13B28F","8899a87f07446155c78a509a981f6409e48b592e16fad555c6ebd32f00695869","retained","345b32b905e7736f7e98d4e6159a1b2ec9bcacedf998e3fdeb75f02a789ac3bd"
"2FA4B7B1-4E56-4C3D-B82C-6EB18A13B28F","b956428b528b779f0f4ed305e5f7db1e356e41bf5e8e6737821a6daeec16183a","retained","7042e18012910153cc6565a2cd453ad3b1fbea35580a012a7a0c3ad870c5e460"
"2FA4B7B1-4E56-4C3D-B82C-6EB18A13B28F","135a76254fb0debd7c2ad6037c5534782d8e8ee84dab31b591c587e6718b4064","retained","b78fc709cb8407b9fb337575d5075d69138369218f97c7f4dc8582c151450ad2"
"2FA4B7B1-4E56-4C3D-B82C-6EB18A13B28F","9bd193d6e84bf2889c2aff68cce3ef4b4e856aa9be477722130f05a0ce5fc240","retained","31cef5a96ba4c2bb55e4068b567acb129775f2791cbb996911419507df7126c1"
"2FA4B7B1-4E56-4C3D-B82C-6EB18A13B28F","727c56d1ac68ad18bef3096906050670b17604bbcb574f993bf0be5e20b08493","retained","1ea727e7a9d46b0dc59a4ff607de91ec7dd124664b0a453e3f047c3e4b51a7fb"
"2FA4B7B1-4E56-4C3D-B82C-6EB18A13B28F","657af487f1e097e67f3fb7b45685395bfea94fb5b4671342f1b0d8c926a1307f","retained","71fddd3733dd3d4efe7ae08ba38b4d86b0617c70ef371938aed4c5fd03059b46"
"2FA4B7B1-4E56-4C3D-B82C-6EB18A13B28F","251d7b7c680d70aded6203d179f7cd04eebe01cb1a2465e56618b96c6889dd59","retained","59f31dbc641de0cabd9ec90883e67c9bf6500da08f8010ea4debbcee85f09e7a"
"4FC5A249-D631-4DC8-A803-3D33BCAEE325","cc6f3156ab0e969f3dbe3d30c969cb1ba18422934d6a2fc7c2939ebf1a8c1c0a","retained","6d3d937f972138845554d16809d61993e11a570d2415f5b13f85821d4dcb42cd"
"49613F81-E1D7-4851-A890-5C89C5C39592","cb2bcda0dc6fcf0b56d88c1419881744ac170062265c16857b8c9b682861ee81","retained","c4f5a98cda0a309358ee7c79befabbed7b774883baa72dea552c3bf7d7e9eab2"
"AF7ADC3E-C464-4109-BDD1-C0ACD6E2BC43","23d425ba029ac4e8a5995eb09d54185fee6b60f63f9093f2f43b3389272b51a5","retained","4e7ffa2db4361f6fca742794cce669217bc2182928f15001fd9907d6f0d30a91"
"9CD47593-EBEA-4442-91AF-32C23C7F7F68","bdf02bc78ed62ff764f3be74649f20b14fcb8d75c91833d21cb02c875cd15dd0","retained","bdf02bc78ed62ff764f3be74649f20b14fcb8d75c91833d21cb02c875cd15dd0"
"16CDF818-601A-46B0-AE4E-79159E67E43D","1d8161f8fa272e4ae5bc04a29eda11626dd967be17d9dae4f380763e57301400","retained","11f5b36927e6c813743d9b6f3f0776c6a19c7778e37d6edd6471e1512ab9aea0"
"ACE6CAEC-6BE9-4075-9658-4CCD95513525","ca52cdacf08a29db1f93504a0e6d40ace515b4480a75d08b06a4651d62079c99","retained","c30db3f179da126a97bfbbbc1470340ad48bdfc4a85b3b70eeabd2122b34b2f1"
"7DEAEF40-4281-4772-B39E-BBE2A0CFDCB3","b4448370e21f97558258947ee578082b2c646c6711bf5fe666dffaf0086c85a2","retained","623c113e517ff198df6a0eef80a79aeb1ac700e2acabf2feace1921ea519f792"
"5A26CB72-D7E5-4BD4-A5CE-D712FB235462","98f9188e945207a460962ca8368447d84a4bc06d96a647ff99b040beae68c718","retained","a2e4d7014493ce99edd6ea9aa177e5a595fde2c2ba9d15ff1d0b94226564330c"
"ED37F58F-59D6-4FC7-9030-12F129E913C7","d28e0a73b5b4a417fce139fab351df340ec9efe6abe66ce18c57280637f24b62","retained","5c44d1290a4d879059c00db96cd9b96307990b6973da66fda80fb9025dfa37fb"
"ED37F58F-59D6-4FC7-9030-12F129E913C7","d2ee0e9214149c15c596f8b356395d7d8fd15b687e2c13ccebba0330e212e9ca","retained","bb52666e62567e220beafae19cb9e0b1b487c0b7c145ebbbf79631f093b0c66d"
"01899207-18D1-464C-81BE-D921C5B26D7F","c597bb246e452857c428ed04e733716a0477000fb6bca38cdbbc4b0eecae6a88","retained","de014b739383284195f79980c9c4e703ce672a2329166c41350b3f7fb0437804"
"5624163B-2F8D-449E-ACDE-4A9B2ADB96A0","e6ef20975e2d9be11a44b191e1837885939289245082e0b16da10982839aa0d3","retained","aa91164b69e6ec7d92076045009bb04a2142a5e180bf2b47f9c12024a13a7ced"
"32304FB5-57F6-46B2-88CD-CE1DDFD14C43","5265f53a269f3814ff4687fe21b3ee6f3d54194d37b53f94914ac6d45843d799","retained","2661d2bc08e5a1cc304683ebb01e46c302deed1388b8bee3024932c6a40bba19"
"0AC30DB7-604F-468B-87DA-290F98BE15FD","19245c659207e1b5c346f451915cc6648fe707f0fbc17f0416cfe2affeb2a9d6","retained","0b3278ce4215c116fcd000b055af3bf99c7abe41a275d3e7bd50e01ca254c79b"
"0AC30DB7-604F-468B-87DA-290F98BE15FD","81465ad16de4008760fb13325946bdac22185e7ef7913cafa87cfc48174a932d","retained","91c27282c7448932c935e8ac9bd7cfaca2a083b368c70f7e5fcf1863c7e934fd"
"F18B784A-908C-47E2-AAD1-8DA73298861A","52f94fa82162841bf001126675d4d24cbb66246a22a388b5461116012575fc65","retained","5021097271e8121e31ec27629df73c969ae34d6f8ce211ea6f91d0828d119a38"
"F18B784A-908C-47E2-AAD1-8DA73298861A","25377681bfa6ab575264698a7697d26e920a8c4f695f1cd77c87e7e2d4e56521","retained","056f037009f2e4817961f28e6e82a46ad52eda7299eea8c91a7b2ac8305ceee9"
"FC1DF90D-BAF5-4539-92DC-35CFDA0770F2","07e1dc297659fca4226774d4014f5063186b09c8a253b9d9c3df04ca7d80f4a7","retained","b9a43536f1f72c6b3a5561332085fd4d0bc1477a40913cf44f0d50314bdf2685"
"8C204FBB-DECC-490F-A18C-F75855AED8DF","8d325e08f70d5bb87262d4f34ba0028d9d5165e4f6a61b4c20aeca081e300325","retained","d51a0b45eae5b28eaea79f77ab4a7939d95c47a5bebdd5a661eac11022f48516"
"8C204FBB-DECC-490F-A18C-F75855AED8DF","068a157acfaf7afcb5f77f62e38873d492b55bac7015469f20f642a91f045e28","retained","466eec7d8b4138cffcda12a62dc5ebc3e05dc49ac44691580190b0a841934d87"
"759D5B98-C68B-4A47-A7C1-3C5ADFDC1493","8a5f57765317a299e43fdd0f80f49982b00bc524cefbb02cfe21956da5fa8d58","retained","335789bb88346882d9581169248e19e60b6953e78e2cf7c7ade97762c8f00a27"
"00D6362B-2E83-4296-A5D3-90E1657C4527","c4c69cd217a340d74ca733a9d8cc634d9ce97b889e4e53cb05ec53eabcfcf30f","retained","1a5be6366aeeb66dd5843968d72f79c3cddaa976af15213ecf089083a03bcfda"
"CD994087-567C-4654-BCFD-0EB5D2B67E2F","1bc6aa38e0c9653d5860437b669465254e990e9cf1a4a170ee65d564da03a2be","retained","73f90e648e55ec74e4d1f0e7127a7cb55f8d89fa22abdeca386971ec495528b7"
"8FB66C25-79CC-4417-AEAE-C265025F7AA0","09599ea507da6e18427ce544e0c07d4c44dd1f5b708a31470b6dc6bbd146c234","retained","09599ea507da6e18427ce544e0c07d4c44dd1f5b708a31470b6dc6bbd146c234"
"6EA2EA15-7DB4-4448-A84A-8832AE1B2456","056197db959b0f235b5751338f85d679d35ec9a500b7e9a38ca96bb6da26c15c","retained","8576194a22fd1723757c4a3f4fbf84417db5a39e70188f66816a54f7008299dc"
"6EA2EA15-7DB4-4448-A84A-8832AE1B2456","7bb1f6fb4494a6e6cdf0e77f8d114c0097e4f3ca7e596d22c1d3c64d3df3856e","retained","4d3a8851ebee9fbf314143c3d6b4ed229ab66fd12810c0a57a7ab396d03a7845"
"3D08A475-EBC7-4B9D-8E59-EA1F4170A8F2","c079d73fe7145e2f2c95e46cfac05351af7687f171cc57f1f50f0f8638ea934f","retained","c079d73fe7145e2f2c95e46cfac05351af7687f171cc57f1f50f0f8638ea934f"
"53C7EAF9-3578-42E8-8767-378966E33EA8","d90779923a2753bc8ab6683e3584a4395872eeec30961cb4c4b69d7f18c82711","retained","d90779923a2753bc8ab6683e3584a4395872eeec30961cb4c4b69d7f18c82711"
"94BC1309-80EB-4725-9A87-F79DD52C10DF","3a7018abf0999d6a3d072cb18eaea35356b455926d30e4403ed7bea2f6bea3ce","retained","2566b60f6865eb31f745a9b51404a2ed37995e224e73ca19fb0a786fbdd194a0"
"8F0364AC-081C-4E64-A5B0-96B307E5BD00","38295673efe61723f6c25775b1631bf0f030c0fba0d844098869e38d8eef24e8","retained","623a9d759ae544f86f0022faa75776cd200e1f9a49feae31adc654f53c96e956"
"8F0364AC-081C-4E64-A5B0-96B307E5BD00","417a7300b4737cfdcd04affd9a330baff0017c195e3acd95c51e6ceb18b19986","retained","f52163f9826a33836b37f6556e158e55412a94f8bd78a04fd0a4a794f236f445"
"78B6F469-B9AF-48E2-B97A-FE8FA9C48D01","05ef7276b0898df02da746f5d077f046d185de956a7ccdaae44e375851b78126","retained","5036ef4cd23763322654d52369c17b6edf384bb2ca54595835ea71412b3b25e7"
"7DDDBC37-9678-4770-8975-B2B383EA4FA7","a81da54005e3c3d19edcfe79d01b552cc8ae6c596e841a0e133ee67689cf7e24","retained","880d07cbc2586cc2aa3ba1fdae95d34a9be36ffc9cdabde462ae99b98ddc3a0b"
"969F58E8-1DC1-48AC-8918-83D68A039B0B","87afd3011571604ff2bbd1e9d7c6da0882f31bb05827a5bb796e26c3c633ab3c","retained","9819fba53bf5ded50421a7b610ab0289447c8d51bdf828b4fa77f99c18ceaf08"
"969F58E8-1DC1-48AC-8918-83D68A039B0B","c4cdfe4a423035596260dec74b4a6ea448c23d77315fd6939458d6b25d192357","retained","c4cdfe4a423035596260dec74b4a6ea448c23d77315fd6939458d6b25d192357"
"689C7CFE-871B-416E-99AB-D76FE13FD0C2","c17fa1f3a772068e51f07af6b7c15546f7756f3a5351a6cff1fb9275d16ca8a6","retained","c53ca148bb9c376f82c7c40840534de88f3c9bf8980da94f46ebdf0b46f20e42"
"95C4C8BD-93D1-4458-89E6-B99E7C892175","788a85397b5ed31ce71361d5861c35b89e8bc1a6b9fbe9a25415f55601b1b6de","retained","59fcd43b60e06bfa04096a1774b672e5e1f5a2908659cafeb534b0f8dd049db3"
"95C4C8BD-93D1-4458-89E6-B99E7C892175","2126582e887ac3e3ae1af1de3de7873d29dc0e8fa4af0088e35e37dd4b859b95","retained","a7d2e1761b5fc03e6a8acf2c04e16a2bcfdb933d63e4b3e7fe74874219b56474"
"95C4C8BD-93D1-4458-89E6-B99E7C892175","2dd149f74830b36a462ad5506e30d6648f5365867ea02eb810d222287e4407f0","retained","45d8dd0baff604a42a54c1881e1cac659bae513fd50489137fcfe5b6c713682b"
"95C4C8BD-93D1-4458-89E6-B99E7C892175","dcafaa3bd264af97b82ceb093eb8196f12c02f9f1e36f742c4510e2118ed3069","retained","c3d7ee320a73a542a77c04fef02f48e89ffd38befaf1bef84538937ef25ecb9d"
"BCCF324D-B65A-4777-87BC-A575E8961A42","34cde74dc2c51ce7e6b834ffab521c113205fc04a4d89a0274481c541ed33ac3","retained","bebe03575d6ff0229b8c0fe40d45576e04c7e2de6cd4324ae5af0b0de85f78fa"
"3097ECB5-ACF9-44E3-A711-D036EE5657DB","6c84208286e837da8bafce50beb48e629121d499a0b039f75028163645967e36","retained","04a3080f9a41c68f900fc8246807891a8ac42d6f4bafe5f1797f871659cedb42"
"4992AF87-9BCA-47BC-82ED-69FFA396F57B","688bfe0241c78ae83b0cacf8962c9fba7043b7e9f0e499a54f425bdc20708f02","retained","1b5e9625562232fe607a3233d12ecf02932b8b5d12933f1f5449a15650123947"
"F58F589B-8772-414D-9593-B2A8B480E7A7","8cec324d11e1a106790aeeeacdafecd56a9970bd623ae734c346880febcdd747","retained","8cec324d11e1a106790aeeeacdafecd56a9970bd623ae734c346880febcdd747"
"E0BB34B9-7B99-4846-9F11-F535B313D2FA","7f00d624b834e705f80e43aaaa306af0d804ea2b12ec76284a986d27439b500e","retained","9712a8ef257ddcb9ab6c2487fde89f54ece4936688e8a221fba1e575d4f08156"
"06782746-AF83-498C-A382-AC3EA49FBB1E","dc8d63d4fe1f6d8eeb42811e38310fba603ab39ad5773333ccda9bae7096de75","retained","26361e81028b2262f91106bf78bdbe233507ec39eac4f440c55ba62e60537545"
"6FF5D6A1-166D-4CC7-B8DA-071EDD8C1BB7","0d67a194aa5a05f4a84f3a7b250d6a2eebc865efb66471a961c690bede86c9dd","retained","14bab778777e051b430097609b0e6064455dd6f59723f2ea095b343ad96ccdcf"
"CBE0FDB9-F13D-4147-B658-BA17C9A58C36","9f45aaf8aa01f30cd6bfebaca7761779a4b0f293aef7955e9a1ac08f58b7fa15","retained","8193805f0ce92666affbaae17c2bed813e0d829468aba3ff8d0f59f1d3e12a5c"
"CBE0FDB9-F13D-4147-B658-BA17C9A58C36","9f45aaf8aa01f30cd6bfebaca7761779a4b0f293aef7955e9a1ac08f58b7fa15","unresolved","a004ff1b231ee9a80c8142d0a9454c74f9fb58cbfbc957f70737c39324a60ac8"
"D5D8C813-8BC5-4092-AF92-E29334402807","c32449de9ae3403f7c68932d55b7ba731df5c08648d62f8339870aafda845663","unresolved","ca463dbf7e350e381483726c6eed457a8472f2752d1cc420701fa21f4fa5e6a0"
"3C37EF51-F9D0-47AF-91C0-55EE9103106B","506df39900ee22925c913f4762fe29202df0d7e938d7fbbab4f53c8a76045470","unresolved","7dc804dfa652ad824c008dc36904679b519f9f8d0b2e519ae704ee1956256f70"
"9E3D418A-3BB7-4ACA-B48A-88A4672DAE4B","710c8893062240ce7c176ea55e0f30013021da0325b98ad4910dc58f44ded55f","retained","ce2551c353a468f41ca487b6dbbae200861c85b4a3465fecd4a32654bdbd5de9"
"46B7EF07-7E66-4CE0-9F14-2993A9A5E720","d7f96a3e08bf8f0018de74211b11efdd9c92da7698087fddc72d77cd9b1cca87","retained","f5a5f83e65318f48d4279aec77e0b97ea4941e49dc4ef14d0b143086ea42c5e0"
"83706868-3081-47AC-800F-FF83D2AFC8CA","4ca8f7b8276cce8709d858c6f8b12de3c4d14d58a6c98a718e04781aefb4d0e5","retained","5df16485223486bcd26b8739f3bd1c9b7ddb8ea6f39265119fa838b318712741"
"C6A0854D-025A-45F4-B1B4-8496426642DC","cbb6669bcf64777ef113140d7027720ee36c2dc825a7420da078302be76bfcae","retained","52e4a8105ee3331209e458db2367f1e94fdcbddb5c606169834ccaa2b35fb291"
"EEC0742D-24A7-44B4-A627-42047FB3E5FA","929778bd78632a53d6a4eb2cb695fac2d3d0be0c8637e49fd4ec8998d98eafc6","retained","6ff775e6db09d137515bf8f131575ed6daf6851e1d68c2394fdce611238596b7"
"D8713159-8AB5-4E60-86B2-D8D6B67C8F32","188384eb2c67ca5ba33fd46c689b4455b3fe41035880d14d2f7f8e7c945d7a2e","retained","123c8f5d59c41d87cbb5aeafe18aeac5bdf1782bb28f0d10ef53ac5d7a7eeb42"
"D8713159-8AB5-4E60-86B2-D8D6B67C8F32","eb43ec794d254a3d13a8b7301b68a3d6a89b095f3bfe844f0e22342791e04e3b","retained","72a2649a39ea22701b453d06737c257115d19f029d94794fe3b104f00286471d"
"D8713159-8AB5-4E60-86B2-D8D6B67C8F32","fdbd8cad152f373b7dc9677f99e621a0802b64ee923f8d61ee99461e75b446f5","retained","1cae83d790d8d103a607c6a8594d059d69dd6fd6a21de34503c52df2bfb6d975"
"D8713159-8AB5-4E60-86B2-D8D6B67C8F32","ce83d81c18dfac591a2fa337f68fd960be72fe3041cb4708f4bb0c6457fd781e","retained","66a483a56919138bd3a6ee60735d06fd78d9ced74e4a0658b59951da9a950187"
"D8713159-8AB5-4E60-86B2-D8D6B67C8F32","366f33a385bbc4d58118266a93a3aa8c652d9da2a2f14c2b355fda7b699c3c4c","retained","3cd2792492340e48f5294620f650f0b1942cd0cfda95ff7257ed1429c52abcac"
"D8713159-8AB5-4E60-86B2-D8D6B67C8F32","76df450139d26d5f3a55e89483acee7b277313e9707b0c05a392a4d86177edd7","retained","3c6048f5099865270143e8a14dba7db366e52eb9e7e8fd20302a41fe406fd0fd"
"ECB76940-9CD8-4419-95A3-D84169439357","9557f1da8c49a52a3c3dc76362f0cf1b7784a9304548d735e4ac32c829d8331b","retained","76a0492c0fc57bc02602b206619fd057dfe997e78d36443bbb1edfd998b36aa3"
"B1803652-90B9-4C26-8831-6E05F87DAEF8","96aea595c610910106aba0782ffad094ac832da2838ca9c76cfbbb57dca62886","unresolved","623a8b6f1aa78779f769a0882afc8e82d640174cad960194d79d25f75ebe6879"
"B1803652-90B9-4C26-8831-6E05F87DAEF8","96aea595c610910106aba0782ffad094ac832da2838ca9c76cfbbb57dca62886","retained","ef6d01bcc1171b73bf6c8222d49e2b47e7aa1ed67af1235114ec1151560af3a0"
"09243057-6DA2-42BB-B62B-8DF97B36F0C2","9ef808bf7e546aee6ea5e0c89e883f531cd0c99e43649802b02bdef818ef3fe9","retained","d387770b45e6a48cd348cd6ec71739f0ee4b16d8c458a7390b55874c4f88feb7"
"09243057-6DA2-42BB-B62B-8DF97B36F0C2","a8f828f7cc9146896d17ac6055d8bbd1762863886ddb8275cd3268f4af89b9af","retained","03713099239a38dcb3ab9e41f2314b6319c9a36104ecc39e2d758c3d030ce665"
"09243057-6DA2-42BB-B62B-8DF97B36F0C2","72d8c93e46e3b56a0acab743a23c765bf818f630993da43013d1115bbb7afa03","retained","70f263b4b38fe735ddefe09fd777ba2dc6d86143e828f55b8401a846bf57b645"
"09243057-6DA2-42BB-B62B-8DF97B36F0C2","37dd89eb9511ce98e3ec9766dffc5fcaa0fdbe7b1a5a8dc9bab7bd511c1dc6c8","retained","70e2c5b39e62fc813f2118546956a7c546420ea0fc51f65f312032eab5a82167"
"09243057-6DA2-42BB-B62B-8DF97B36F0C2","e4f29af93ff739b72a42f41078c508106d456cd20f9ca0f3d56372df878e864e","retained","809f33dc7ca2443fdb85e73dbbc584720b85f98e98bda76c26564d960785fd6c"
"09243057-6DA2-42BB-B62B-8DF97B36F0C2","e4f29af93ff739b72a42f41078c508106d456cd20f9ca0f3d56372df878e864e","unresolved","2b482d567c292b9de93161510a9f6c0a386eb581c7d83a9db90fde6f26ddf0a5"
"09243057-6DA2-42BB-B62B-8DF97B36F0C2","e4f29af93ff739b72a42f41078c508106d456cd20f9ca0f3d56372df878e864e","retained","884102e5e296c867b0216c04c52d0f43c0c0ea4e874b21ef3cd1ab18edc6eeb3"
"09243057-6DA2-42BB-B62B-8DF97B36F0C2","0fc865b64ce8f6d10cea745cabf26ec0235beb99545b444f9441326b0892a21f","retained","584e05d6d5b6f2143cc6c8d7e0e505a2eaf8184a7b6d2b12eab069a4901a6f20"
"09243057-6DA2-42BB-B62B-8DF97B36F0C2","0fc865b64ce8f6d10cea745cabf26ec0235beb99545b444f9441326b0892a21f","unresolved","274a128b1c5ded784e02d079cfc3d1ae9c2cc022c868490504564c679aeb8822"
"09243057-6DA2-42BB-B62B-8DF97B36F0C2","0fc865b64ce8f6d10cea745cabf26ec0235beb99545b444f9441326b0892a21f","retained","5edee8cc1417972587a76dc3f48711fb2099feaee1fe155328d424bc37c13f8a"
"09243057-6DA2-42BB-B62B-8DF97B36F0C2","8228895f3825f3c83a42d4b6fc3a6a9229c19d96aa8e3b6063c7b8b2d086466f","retained","9828b48c1e74e565be7dd7feffcafba785926f1b5051338dc193ef44e67ed6b6"
"09243057-6DA2-42BB-B62B-8DF97B36F0C2","273ba5866c9d2625b2f2a8aa003f698d455ca9f17c1a0c83d0ea502e32315b79","retained","9a0abaabf55031bc73966768fcd5cf20684a0cb555f956c660aabb0441b76e58"
"09243057-6DA2-42BB-B62B-8DF97B36F0C2","273ba5866c9d2625b2f2a8aa003f698d455ca9f17c1a0c83d0ea502e32315b79","unresolved","8da6ca619947cd749375f6883a5c800bbfd054689eac6fca49025f3f2fc1d6c1"
"09243057-6DA2-42BB-B62B-8DF97B36F0C2","273ba5866c9d2625b2f2a8aa003f698d455ca9f17c1a0c83d0ea502e32315b79","retained","bccc9fbdeedd32d28e1e0bcc55e81e01682748f638b249193029cb94b61c17d9"
"09243057-6DA2-42BB-B62B-8DF97B36F0C2","9489ac45ec91833b37b759440169fee701f8c618f61377e6f285a27a3e79b4da","retained","701555079890235ba556826b2f12cc879efe65b242d0a07b609f61cd0cdeba5b"
"09243057-6DA2-42BB-B62B-8DF97B36F0C2","da4146d9466985bdd1dadce960ee513f581f11a480d947bc5c64cd47e6d5063a","retained","94edf3c113d586b2079119cd05807af675a97762dac2f07df0bffd735b5c0bf9"
"09243057-6DA2-42BB-B62B-8DF97B36F0C2","1ca51acb967027a5edccd9d50cf457c57121c568fc556565497435268aaf8b92","retained","937d388d0d7a9cbec5314cb78e73e23cb9ebc67474d6c77532a9178b5dde2e40"
"09243057-6DA2-42BB-B62B-8DF97B36F0C2","66f78599448d01592912c48ea92f3201f995ae007765127c84ffafbc85458f91","retained","c0b5b3e0accc9fc1353ebddcaff07fa65ac5b8c4931d0f961be8af9e528ac0df"
"FB070A23-9B4B-446A-A28B-5260FCAE8A27","e36fef71ae0950b1caf0b6c45bb9b53be2f3f986d2f8a015ae17b67afe5e0ef1","unresolved","87e5b56767a8c83aa41a30f2f37b783b725ac6b8f5e2d0b721694ee24dc69171"
"514FFA67-344E-47FA-978C-4FD8EB66A768","e47f89d100fe0772ceb2689e951fbd5e43a290494834fa0f57f683929fce07b4","unresolved","4ea3df46c2512cf4b6af5a9f0b2e650027e7343476269eceb9482660bcfa0d49"
"514FFA67-344E-47FA-978C-4FD8EB66A768","e47f89d100fe0772ceb2689e951fbd5e43a290494834fa0f57f683929fce07b4","retained","6d318cd98677a16a29b931e4f090f871e03106c2da2905f397665b0ad3c85ec8"
"26FEBEB9-A201-482D-845D-D85980D945A9","58f857206f92b68f61991f9b4bcffd1a14fbe31189810e9a8594ff69a33596d7","unresolved","62208c1c1bf75aab35e56f75313e5fcb8d39b9cab702962965563320a33b943b"
"26FEBEB9-A201-482D-845D-D85980D945A9","58f857206f92b68f61991f9b4bcffd1a14fbe31189810e9a8594ff69a33596d7","retained","92bc759df08948cc123741d08c5ccb2fd944ad75ae283ea6451d78b295483bdf"
"33B44F78-54E5-416D-B967-7FF2865C43C6","643c588c2d896cd24982fff2c6de6bcb26eb085534a7c8a6b17adcf8c4c1f496","retained","06ac44cbda26a5bf5652ee4219b4ca310a58511c440822e32d7df66c13d4e3ee"
"0A33BF00-E360-4E04-80F5-7F777AC1509A","b3e1f55ce39f284d61af29a84f76ec5877636ecc934265e49f59d5a9f12088f2","retained","34d041bd9dd8dfd756d6d926b20e5b38a19bb7f5a8b2f0d2f3647ce2a5345c13"
"05169219-DD7A-4DE8-B2F3-AA8259B676CD","e479208338088c685ffca8094fa6e2d0a2862411abe50fc46c64ecbe8ac58afa","excluded","1a17498ede4847ba5d2471eba074589799c836a896146545d6d03d0394875404"
"05169219-DD7A-4DE8-B2F3-AA8259B676CD","ac12fe94a1d79b22dbd9dae043fd936a55307237a3b5ab836a91781dc53e8f0c","excluded","349f9f6d048d0fa9ad0c786eaac5a0956aa0521f7c405d97f6dcd1548b220c81"
"05169219-DD7A-4DE8-B2F3-AA8259B676CD","86e16f28854d7122d6a1da2946f5654f12076cdbdeea5edeb6c886a8b5efe5f4","excluded","ae0c03ac2ef604ace08d21655d87ea04bb24df5e8df6ae310d2525bd1a43bbd6"
"05169219-DD7A-4DE8-B2F3-AA8259B676CD","86e16f28854d7122d6a1da2946f5654f12076cdbdeea5edeb6c886a8b5efe5f4","retained","3f518665f52da822f877854077fdb8335efb6cc23afa077f9e9cdb4a9f48566e"
"05169219-DD7A-4DE8-B2F3-AA8259B676CD","8517a5898823b7076433fb2c9e603ea72517448d6113644a4ae7ca49a992b3f3","retained","fadea92a141d8ea43aaf54535dba834c01e4296cf18e7d73cf18f76e122a9d28"
"05169219-DD7A-4DE8-B2F3-AA8259B676CD","5fee302ce5ce601c24a948933159d445760ab2cb869c3410ae4fa406b0ba6abd","retained","98815bf002dfdcfa80751e11d96fe84f1ad4a133ba656c6b6ed71eb3e3ced0c0"
"D1363819-E2C5-499F-B822-B2FB5769A08D","83d5a2402cc58e32dce2f80e1ebaf28e8331132465ee1933d1d18f1d28557b6b","excluded","4a39bb7f23298724f38dba425782bea4fd56b21f05c8b5346dc134d87938e6e1"
"D1363819-E2C5-499F-B822-B2FB5769A08D","83d5a2402cc58e32dce2f80e1ebaf28e8331132465ee1933d1d18f1d28557b6b","retained","621ede140e71d95eb1d17ddeb5c8ab69df6e4140ff9f4e19e85aadbaff3a941a"
"D1363819-E2C5-499F-B822-B2FB5769A08D","83d5a2402cc58e32dce2f80e1ebaf28e8331132465ee1933d1d18f1d28557b6b","excluded","d9565905d44f34adcde410caa0072ccbc30ab7bb32425fc5c84dd28934f2089a"
"E0962737-2B99-404F-A72B-9133B5F864FB","ff7c1b817b2b7456464a6921f20c1fdd3ce0839e6fa3561b4e1bf919ee58e533","retained","761218186e5524d3f5b47083d5849d16462f5212db5a7add25e08f112e92f3f5"
"E0962737-2B99-404F-A72B-9133B5F864FB","0e4cce5ae058793171192e7bcdd23ca967b6c49553bb86e11ed0bfdbc370e408","retained","1801b51e14ce054dadf6e557458cf9cec28630b930fc4e0e05fd6b3c5fc5018c"
"10020169-0F6E-4568-9A65-7CDB9363B80B","8e81aa2f1164c7b4811120664f5ac2cf4f09d4de62db4c8fe8809369bff4ff71","retained","edced76c2dd20ecc8d11360938fcd172c7adb4fbf025c6673fcdf0ed4fdbab12"
"0EA1C47A-65ED-4586-8A8E-BB543BDF51E8","dc8fa3b2dcd5e289129190c53cee5a6ab0618f743f5bbeb5b18828974808fa8b","retained","e247cd4675674f4c7b1b0deaa2661ad37d96a7491ecfc1f8598d0c4839763c5d"
"0EA1C47A-65ED-4586-8A8E-BB543BDF51E8","1bf52b15e25352b6e7c9359425a355c8643c4a29cf05d53a01b956af3ff5e39f","retained","6108978dbbb244ad5052224fe8d1e8a3fe77f03297f0d9b0bf16799009ae610c"
"6917D8E7-1828-4EAE-9537-8DAA97D9A527","caebdb4df7f5bcac37a9c4cd86a1000f98412ead9344ccc8e91d879303ab736e","retained","7be4fbae2fa3d232e308da7bb25be9bfb9fbd9b76bb355dd7e109aaf5c34847b"
"0DA0D39A-9B96-4ECD-96FA-94F4D82B4390","77f114387c45770f6cf208834fdd6e397a79eabd8d07d8b09b9e6ad1a62b3bb3","retained","707b5d7cdb5d1b00138e992d883b3e888759e636669c654c2531483e6ed57e45"
"BBB65032-A793-4991-A158-115CDEFA4B24","d1c825904e9bcbb6d7912bfbc324557e980a1c37711e5af7c22901df39b72678","excluded","ace63de24433f0dc0410cc66d94d96e93d73b7c718a3ab0f08d79899936b847e"
"BBB65032-A793-4991-A158-115CDEFA4B24","d1c825904e9bcbb6d7912bfbc324557e980a1c37711e5af7c22901df39b72678","retained","fd70b27cad10450d440606b6ff0fce6d528f8077068c8e8fe1cf980e147cd190"
"6563E853-6197-49E2-88BC-303EA71E9AD6","09bfb7c5e0cd6fa13fef019d899c54ea7f34b9ec607a0b40a5b323fe704fffdf","excluded","fc7f60dedf8064ca81fff2d17836ea728dafdb6e29cede6a19e996d22dbae154"
"6563E853-6197-49E2-88BC-303EA71E9AD6","09bfb7c5e0cd6fa13fef019d899c54ea7f34b9ec607a0b40a5b323fe704fffdf","retained","fa8059b78fbfe22ec38d1095d4661908d20cfa82082437f04f12e342c9ac6a6c"
"2C9A43B2-CED7-458F-B1C3-F35A280830D0","70d2f50293269fc36577c31ef09702c04e76c4bc0bd4c99488bbbd1b6e88929c","unresolved","d3d872b18b0aec1059a418928667ec9a1b11c1b4a3c8bae8aac53eda130ff118"
"2C9A43B2-CED7-458F-B1C3-F35A280830D0","70d2f50293269fc36577c31ef09702c04e76c4bc0bd4c99488bbbd1b6e88929c","retained","99fb5e440b5ff6b508a65b095c5e13fe124f1b517b7fd7c65376080e7aae821b"
"2C9A43B2-CED7-458F-B1C3-F35A280830D0","6e01496bde657261a5b22e64cbd95198bf235bc9ecd76396e3ae57169b838b1d","retained","208efe1117b1ea0e4ad23e188655c583cf2c3ec8b9814d4d975dc1232995b5e9"
"2C9A43B2-CED7-458F-B1C3-F35A280830D0","6e01496bde657261a5b22e64cbd95198bf235bc9ecd76396e3ae57169b838b1d","unresolved","022a0c94ee3853dede6d3043fd3c934a41a5099f809f8fe12d07733aee49b14f"
"2C9A43B2-CED7-458F-B1C3-F35A280830D0","6e01496bde657261a5b22e64cbd95198bf235bc9ecd76396e3ae57169b838b1d","retained","e506aa7908a00e1b1e87bc260ecc45a5e772671a5590f2e32f819893164fa6bf"
"2C9A43B2-CED7-458F-B1C3-F35A280830D0","ca02cfa4590ff07938a1c65c65d8c892493acec1f23293c4b1a4bd99748db5d2","retained","695ec91e08446810cc954c65567792dcdc48dd2855cfb606fad036c870d8d738"
"2C9A43B2-CED7-458F-B1C3-F35A280830D0","ca02cfa4590ff07938a1c65c65d8c892493acec1f23293c4b1a4bd99748db5d2","unresolved","cfce1a7159307284a9ea7cf2f619499ccb28165647b56a64196131f143c88294"
"2C9A43B2-CED7-458F-B1C3-F35A280830D0","ca02cfa4590ff07938a1c65c65d8c892493acec1f23293c4b1a4bd99748db5d2","excluded","becbbd8f3245fb78086d8893e5d2aad724892f9b8cbf9b9ea8731884fe92aaaa"
"2C9A43B2-CED7-458F-B1C3-F35A280830D0","277f0526f6ba66ffd70583e670750bab8eb8e795c6991db2fa33a9afc680f69a","excluded","8e843cacf715e053c750b0caa31ef9294fefdbb2a7d59a1cf0946a6d90c18157"
"2C9A43B2-CED7-458F-B1C3-F35A280830D0","277f0526f6ba66ffd70583e670750bab8eb8e795c6991db2fa33a9afc680f69a","unresolved","f1b6e0a5e818736fc085aab99396cc0e35b5fe8e3b7724f46d930db3688c7e74"
"2C9A43B2-CED7-458F-B1C3-F35A280830D0","277f0526f6ba66ffd70583e670750bab8eb8e795c6991db2fa33a9afc680f69a","excluded","2d64fc30e710c584c9535ab45f81fe0bf7c702c00e0a85e324326888e63e6ea9"
"2C9A43B2-CED7-458F-B1C3-F35A280830D0","cc32ebea0ebe4a96dcb8b8a1367c78c3cfd6c478b3f719a5929f43938e13b2bd","excluded","41334685fce749bd4acac5279914ab1e4886c5486412578c49e1b4193c0cdf3e"
"2C9A43B2-CED7-458F-B1C3-F35A280830D0","c6f225fb3d76a789e9b6626bc134b8cb6891a68992e4ff9e75ca7f6ba70364f2","excluded","3928fa373699bed6beeeb1f365edcc34ec49d5f314fc32ce9228087bff872b52"
"2C9A43B2-CED7-458F-B1C3-F35A280830D0","c6f225fb3d76a789e9b6626bc134b8cb6891a68992e4ff9e75ca7f6ba70364f2","unresolved","a4b9e2d667a5c1e75370493631cbfaa2fa831918ae077d53b71add933a47bd77"
"2C9A43B2-CED7-458F-B1C3-F35A280830D0","c6f225fb3d76a789e9b6626bc134b8cb6891a68992e4ff9e75ca7f6ba70364f2","excluded","d8e51396a6be0bfaadc646562e11bb689665f42681fb3faf3e44ce36698f2a6a"
"2C9A43B2-CED7-458F-B1C3-F35A280830D0","c6f225fb3d76a789e9b6626bc134b8cb6891a68992e4ff9e75ca7f6ba70364f2","unresolved","398b244e81455f4b73e585fd0649abebe2a00e5e9bce08a4f72336d2e2ad58f3"
"2C9A43B2-CED7-458F-B1C3-F35A280830D0","c6f225fb3d76a789e9b6626bc134b8cb6891a68992e4ff9e75ca7f6ba70364f2","excluded","260f2bdda7f1c39ac6b91212ecf02b12f6ddf2e1b6c575ab61554fe432d71d79"
"2C9A43B2-CED7-458F-B1C3-F35A280830D0","92fdae96af9d50d4dca3d68eb339533e2068991eb9ae3aa99ba6a07dc6028584","excluded","46f698fbce7d79c4a52010f2eafdb4fa268b1a27a92251d8f296a8c146c7c2d5"
"2C9A43B2-CED7-458F-B1C3-F35A280830D0","92fdae96af9d50d4dca3d68eb339533e2068991eb9ae3aa99ba6a07dc6028584","unresolved","abcec32ee34f5dd801b6f2e3a858a56dce3d48ffda606f80df54e4620e263ff8"
"2C9A43B2-CED7-458F-B1C3-F35A280830D0","92fdae96af9d50d4dca3d68eb339533e2068991eb9ae3aa99ba6a07dc6028584","excluded","9877a38d5d05ffe3f6ded404c2cee46107205868fe2b4325468cc02d62cc5a89"
"2C9A43B2-CED7-458F-B1C3-F35A280830D0","4e7c34d4d9a7814838b5e417d8a3cc0fa357f1ad9644fb5a6123ea1783c3beac","excluded","2ec59f090d848f1444dfaf7c2ffb4fb8b04c95fa76b2b991aab4c0d9b58f5e4b"
"A629A4CD-1F15-4734-B345-115381E696E6","2304483cc4ac0572bb036194613b1f10ee42413508176f04524d648f8edffec3","excluded","2439b9e1791fb8b51ae0f20e0fe930b0ea0e3c8565e0558a80c380b1eb64d7a5"
"A629A4CD-1F15-4734-B345-115381E696E6","2304483cc4ac0572bb036194613b1f10ee42413508176f04524d648f8edffec3","unresolved","6397d82b9ed136bcd3db0d57948810b01073ebf750274689b471160e7ae0442a"
"A629A4CD-1F15-4734-B345-115381E696E6","2304483cc4ac0572bb036194613b1f10ee42413508176f04524d648f8edffec3","excluded","a779d811283fdaea9e754be299c1069b2b53b056fffd4501a8695489ec7a40b2"
"28F0A666-12E1-4D5B-8ACD-110131AD386C","7ecf695fd7ad6e3e8ccfe65e526f02ab9e8f39dec86c7f0952f6efb251ecd73e","excluded","1ac0af7302dfc432fb70cedd635e09759f26bc3688ca8d8538510418e81f3a41"
"C44C674C-D33D-41F3-8705-A73349505DB8","3039aebcdd11744e037c35b3e1ef6cf5b9ba5b7b175010f1086ec7d8137ec352","retained","4988cfd4d290048fa23c8300e0c720408d1c14788dda0823948c9275f2bee0e1"
"C44C674C-D33D-41F3-8705-A73349505DB8","20d30ef7589efda045e3fda821691d0914963ffaf63042f67f9be5c96ed4fe21","retained","0067bb0d246dd939ff5391c3f4a025960fad8fe0bfe681e2017dc694ca776e12"
"4EF5CDE5-415B-4BC5-9D5B-F74C354F7853","ef13bc12e0f90e00da22eb724c472643b4bcd4a7542884610b6fc7854406f27d","retained","15f7e15cbe63a34e4d40da19a0e26dba7005d7c0de71d76bdf76144f884e264f"
"C3674CA6-9CEC-478C-93A4-970BB0167DF6","dda04fa0cea0bb5eab0b17af361a8dca56fe0a1e85a43b8ef07f4b761e6ca31f","retained","976bf00ac679c5e3ed89fdf686df58d74735c4d6f2345f59edb407c04417d3b4"
"C3674CA6-9CEC-478C-93A4-970BB0167DF6","dd0ada57fdf349e9b30ea52bac1d0386376a9c112509520163a914867d753afc","retained","43c5027fb90eda1fe68415d666a7ed569815c674016ae86437c0337d56381c03"
"8DBB43E3-A26A-468D-B290-92A6299B99C0","ee70a0340791912eefe99c40b6a4c26a92dc7301c5e6b83751b70242b2d8a0b6","retained","ce71aa9ac877525db4ab10c3261ca1843f03eb3e1e2742f1b50f50db2688cfe1"
"DB92781F-76EB-41BE-9FFC-C30832C2D4B8","061ec6302d79d184fab88fffa183c544443578bc17a77300762447da038e3c4c","retained","763b5415cd3c99567521f88e9707c8661efc15735bfcbf898cc2665074837931"
"ED060D7E-970B-4294-9BF5-99662D6D36AE","8bf46ecc097296098256b5c734beb59fb8cb155f84bee2bce7f254c10419207d","retained","11d09195d6a0fb82158f162767e696e8334561f68b8980ba9e504d2198ec736f"
"ED060D7E-970B-4294-9BF5-99662D6D36AE","510b38f81c08821f11c1ebcff3e4f5c15b7a0ba74660f31b58063433f5015df3","retained","88a16a61be532ddfe0685087f59f890b9a936701556200970f428d51a3485ef7"
"805BAB13-1D55-42A2-B2FF-645E72C7FD0C","ca951c48d98bd06a9dba3442bd1e8a45f3bab87426413be324cde6711496775f","retained","f5793f9737d6a6b5965db4dae9544ced4c2a9c5003fd95c3968eacd34e4551e4"
"23E0ED67-4429-4A7B-A117-058998494663","1f951c3dd0a93eb26c22d4d05994bde0ddc86cb6a11f7ed7ebe220e0f8df3bf2","retained","0fd8d3c199184f89e1c3b1adb84b95bee40d563e1f8567af68ede055e8c8a7d8"
"23A14F20-6D96-4483-8E2D-6E6EB0D3210A","613b53f234bfeecf1a8e1450cb02c6f5205b6d41844d8936ff5c7f7764af5c9d","unresolved","8d25f51bce08742e0f09a31fa39c95fbb125dd8447c8382a6c9fb831048f6e45"
"23A14F20-6D96-4483-8E2D-6E6EB0D3210A","613b53f234bfeecf1a8e1450cb02c6f5205b6d41844d8936ff5c7f7764af5c9d","retained","492dbafa7028b6fe54b4145c808de43a90c1e6c5fd5fdd4041ad232491cc026e"
"9FFE6833-B3A5-4DAF-949E-337F35BB13B8","fab98f3424137491be10ff49c312c4a8a0edeb9e0a388f5d9782a06bc453e451","retained","468732698f3d2eff640f99bebed8ba68d56779780de3a31634750a7c879a9392"
"9FFE6833-B3A5-4DAF-949E-337F35BB13B8","3a655ad5ca1b317571b56bcd47ef44b35a5c029f236ba102b2818d14f42ad55d","retained","3eeb805435a66b42feaa35e797f32bed3eb1373217f47773945f29e02b3e6576"
"380C3835-5592-4A9B-99D6-86AE8085BED2","a9046f91118935a45273e43fc4e5dde41eb35bd176ccb1cbc77bad7bef8b0afb","excluded","344ca26c1d723ae9e751ee7324022e160917d19c095c91113810e38bc341a8bf"
"ED6D0821-2587-43F2-AA6D-3669E0950E6A","24bc8c75731f03beb81b4b449c568fa2c5270ae0b445c02550487eed53b1e91d","excluded","3f05444354c61677db18e003a01413d423e67bca92e133269f5b1861b62f9b16"
"ED6D0821-2587-43F2-AA6D-3669E0950E6A","24bc8c75731f03beb81b4b449c568fa2c5270ae0b445c02550487eed53b1e91d","retained","0f3053d3d26ba98f09a460bc7a541523b25699d3d735b25a563c6b1270ba0f26"
"8D8C8DC6-2356-44AF-9B88-3B27FD861DCE","ebd8e97dbc79e73d028e7dfcd9d94b7161a44207f42cc89d336a861e0b57f090","excluded","95a8893c1bf8794d093f130b72b64565f736f1a54bc42a86319e524a5d52c053"
"8D8C8DC6-2356-44AF-9B88-3B27FD861DCE","ebd8e97dbc79e73d028e7dfcd9d94b7161a44207f42cc89d336a861e0b57f090","unresolved","e3ee51a8c3273942702d871ee33b6273a179f80fb5249d05813c778fffb9b1e1"
"8D8C8DC6-2356-44AF-9B88-3B27FD861DCE","ebd8e97dbc79e73d028e7dfcd9d94b7161a44207f42cc89d336a861e0b57f090","excluded","0b22391a3a935913a9d08d3db88877f65f59ee3f56eb356ae77a7fe69897e2b2"
"8D8C8DC6-2356-44AF-9B88-3B27FD861DCE","ebd8e97dbc79e73d028e7dfcd9d94b7161a44207f42cc89d336a861e0b57f090","unresolved","c67e902f0ac87d06a694150a882c1bfde4368cdccdca8f96ca4cbeb641dd0ae5"
"8D8C8DC6-2356-44AF-9B88-3B27FD861DCE","ebd8e97dbc79e73d028e7dfcd9d94b7161a44207f42cc89d336a861e0b57f090","excluded","dede68c6b0576b31d8f41dd7ea3a2ee304050a23c9fa40b74d17f424dc0f1dea"
"8D8C8DC6-2356-44AF-9B88-3B27FD861DCE","df5062063182291d7e6ad71373383610619930803691f2e813ae771f8da42eab","excluded","b66a3335e270d230d94eeebc43297b6520ace6c1a7596c5004a0cc1ad5189a31"
"8D8C8DC6-2356-44AF-9B88-3B27FD861DCE","df5062063182291d7e6ad71373383610619930803691f2e813ae771f8da42eab","unresolved","6738150519d8d0f48e5027e8cdb2fce25d1e494aaad0386999648e8a93a6375f"
"8D8C8DC6-2356-44AF-9B88-3B27FD861DCE","df5062063182291d7e6ad71373383610619930803691f2e813ae771f8da42eab","excluded","b80589eb60b5abe0c77f18dac3cabcdf8cbdb674f8b1ce01d49e12f424db512f"
"8D8C8DC6-2356-44AF-9B88-3B27FD861DCE","c7f9afc71e0e92d4e9d2dfe9cf74c5a8c9ca5213ef5878242702d54517c650e7","excluded","ae5b48dbccbb64b5bd0da54d872863b9d7e9daca81f6f900ddb5fce9ed66f20f"
"8D8C8DC6-2356-44AF-9B88-3B27FD861DCE","c7f9afc71e0e92d4e9d2dfe9cf74c5a8c9ca5213ef5878242702d54517c650e7","unresolved","46d423911a85f4545fb1e2759e40de3008b51fa5ee3165049861d23490347bf1"
"8D8C8DC6-2356-44AF-9B88-3B27FD861DCE","c7f9afc71e0e92d4e9d2dfe9cf74c5a8c9ca5213ef5878242702d54517c650e7","excluded","2f96bebac19af08782eb1c80efb4e9a260dbe17d6a8327e9f293346582fd75ec"
"8D8C8DC6-2356-44AF-9B88-3B27FD861DCE","840e1096c22bb39ad2a7936704e81afe3ba7986fce677304901ac838b7816481","excluded","efc0e940e111728c7e384539b005a6eee29337309ebc969bb1b9464a8451cc74"
"8D8C8DC6-2356-44AF-9B88-3B27FD861DCE","840e1096c22bb39ad2a7936704e81afe3ba7986fce677304901ac838b7816481","unresolved","fbccacb485734a0ba9bcb7181e4fe76939c16a066aff271610f5697b969df19b"
"8D8C8DC6-2356-44AF-9B88-3B27FD861DCE","840e1096c22bb39ad2a7936704e81afe3ba7986fce677304901ac838b7816481","excluded","3439c5520040cb124814b67da49a62ddae2a700791dcad56906c70dbd136462d"
"8D8C8DC6-2356-44AF-9B88-3B27FD861DCE","840e1096c22bb39ad2a7936704e81afe3ba7986fce677304901ac838b7816481","unresolved","b33c302f422cb1cb8a633a1b9321ee2fbf041967899a45f1b2d823034012ab33"
"8D8C8DC6-2356-44AF-9B88-3B27FD861DCE","840e1096c22bb39ad2a7936704e81afe3ba7986fce677304901ac838b7816481","excluded","cbe20035bca5149441d6bc43f2a5101b22aefda106350209252db9902b1d0332"
"0F35CE33-DC8C-4471-B103-4CBB8C7361D1","8df90a782355aa10a3322c00f6e1979efcc309a544b7e24ae6e55f15df2ed994","retained","60b2362eefbdb949805eb0dede02b20d71d4fe06ede54a2c5807bffd28222dd3"
"0F35CE33-DC8C-4471-B103-4CBB8C7361D1","8df90a782355aa10a3322c00f6e1979efcc309a544b7e24ae6e55f15df2ed994","unresolved","01e6f06fadd8cb3e27adf3ee794df9d846dfc8d241ff0395d2e7ec09957b2d84"
"0F35CE33-DC8C-4471-B103-4CBB8C7361D1","8df90a782355aa10a3322c00f6e1979efcc309a544b7e24ae6e55f15df2ed994","excluded","86883e30127662b6c1350615068f2443a3f9a478f5bb5ebed394d880ded97ef3"
"0F35CE33-DC8C-4471-B103-4CBB8C7361D1","23649b59e68abd141b159b05fc66d04d3c5b6051435e032405b9f8b0a5c87d8f","excluded","916e4b0e29f92b99e5daa00640f4af2a311bae3e6f06962f8daa89110d87f831"
"5D8FF5FE-A770-451C-91E5-4CB1F6F355AB","58262df15cd7189df73e84478b5a253390e7890c5789ca752ee6e78ca3847049","excluded","0826b5518bcd26a52e75b0a3d6e382b42581c1c5b8f785ac06d11765250fd512"
"E082ED40-45DA-4044-A0AF-CBF7C6FE240B","381aeed2618b5a110db28df6f7ac48cd63aaecaf152a3232b3850916ff87a85a","excluded","6c1973818453ee18bfbfb106f224e70a5aac31411d42bde7e9c4ef4f9f06d80a"
"C42BC2F7-A896-4DF3-A489-3321495A6467","f5d16b261d7905b70eeebc993b7ed87fde9a23b4f1418b4a26e93a3e8f345b2f","excluded","fe7d58564146ae771eca38567099aca71be65721428445ec973030327fac763d"
"1B2FF6A2-6618-48D7-9DEC-45F5C124F593","e2a592686477850115834c112157517ca01132d7f65380c6323c9f9ccf1012bf","excluded","2a36a5f4dd9e20fc1f16baf609c0c0d8f9bca44642c2c2983e280e18d96957de"
"1B2FF6A2-6618-48D7-9DEC-45F5C124F593","e2a592686477850115834c112157517ca01132d7f65380c6323c9f9ccf1012bf","retained","5fa578a69327842f450f2a552d3e6deb24f03fc5c5992b8da477c65fd660fb9f"
"7BEE1CCA-A2FE-40C9-82B2-0C33207BBCDB","d85de8e06d62dd1eb9aaa4f3f1ad91a39dc1fc7664133b6ebeb0a03902771835","excluded","214b106e51d609846119efc69ec6314b2f5263f378205f12cafc8f0af33c101a"
"EB985900-431F-4894-935F-27352D085D03","7abf3d9ac6994877824bcf5a6eea69d95745022090d5feb969dfae743ca18265","excluded","76eb4b8fc91f2cfbb55bf0d1c471ce375655f14484d7caa5ede91d79f826eaaa"
"1456807B-ABBD-4C0C-9DF9-9729A7304CE5","b3b422c504379dfd552873a00572fad4cb3ed24098d33de618fad60d9c10f0c0","excluded","6d3334c5b90ce00a2a51b22ec502a35e87473b994ed83d5c860ca26cac32f4c6"
"1456807B-ABBD-4C0C-9DF9-9729A7304CE5","080ebb83070be196b20fae40fbc162283e58e32b6e46201da9e553708df5a845","excluded","c679c0b9da80aa782d10de1f37ef58a4eabc4b604e27aa6b2bb9e5c7296e7b10"
"CBADCC3F-4676-4484-9D52-B1D47F97CC88","7d5df62fb0a8240736ef664451d397ccc4bf31ba9a9521ab3f27f4ac576fd982","retained","934e9c791a4e582970925b00c92173dcfec0e9976739a5ba934e787409f1f38f"
"CBADCC3F-4676-4484-9D52-B1D47F97CC88","71377cc33062de87e6a61989a48b3602a424e86fd2f55d2147b97fc7850039c4","retained","578a093aeca41ac4164bcc9f57ce08ba04f8a41a8c01ef6503739d8bd792bf4a"
"CBADCC3F-4676-4484-9D52-B1D47F97CC88","27ddeb9c03b265f64a90b5eae71a20da7a4efbbc9e1bb91728a8e73a7b208c54","retained","c6187041195045c0a5cd47d87493dbe51421bb893126c4cd8320588d0df40bb1"
"CBADCC3F-4676-4484-9D52-B1D47F97CC88","1d810c97233314ad4d8e76f08c2ea1820e3a2dcc422f27d72ea030fabee05c55","retained","7bcfc8702af87be36a6fdb236d99c4c3cc6a56b8e14b4484ee6d7ae15732e344"
"CBADCC3F-4676-4484-9D52-B1D47F97CC88","e30c65ada6b746263efb69588aa68184f23b118c555e7f5099e4f39dc5530465","retained","810a130530aa2e0376a37c7674c625583cf302cb7ed00cc73a6dc4b92c9d223c"
"CBADCC3F-4676-4484-9D52-B1D47F97CC88","470efa55b6f5a52c94eaabbdaec2b167d3b50b77f4aa18fbb155b2873e72e2e2","retained","e1856aeed376c3d08889b78b9a7f8757e601f720c7aedd44faef496ff9b2d75a"
"CBADCC3F-4676-4484-9D52-B1D47F97CC88","f0eced8fa03e6b726fc1bbb070ba535517866f13d73e3a2b97cf792b736f46a3","retained","165555302cca4ce080b461c3d603b3c79b0760dcbf7ffb58efc2c6730dae7430"
"CBADCC3F-4676-4484-9D52-B1D47F97CC88","f0eced8fa03e6b726fc1bbb070ba535517866f13d73e3a2b97cf792b736f46a3","unresolved","bde3dfcaf898777a2aa68221e59b3b5a966acb30520dd2cf8f9be99f7dfc27b7"
"CBADCC3F-4676-4484-9D52-B1D47F97CC88","f0eced8fa03e6b726fc1bbb070ba535517866f13d73e3a2b97cf792b736f46a3","retained","12d0de109e8fa916e7caba8e4aa9fe361a8eb3fae1c6b33f5b57e956ab1ea3c4"
"CBADCC3F-4676-4484-9D52-B1D47F97CC88","f0eced8fa03e6b726fc1bbb070ba535517866f13d73e3a2b97cf792b736f46a3","unresolved","2a369ea4bb98906da2e868ee7cdb9263fe8699350d485b5b5ca48a53961bb0b9"
"CBADCC3F-4676-4484-9D52-B1D47F97CC88","f0eced8fa03e6b726fc1bbb070ba535517866f13d73e3a2b97cf792b736f46a3","retained","9e842ce9757df32049a80c47cd8c338fd3a355c51ed2f634249301e9410bacf8"
"CBADCC3F-4676-4484-9D52-B1D47F97CC88","f0eced8fa03e6b726fc1bbb070ba535517866f13d73e3a2b97cf792b736f46a3","unresolved","eced1dd6fb99a2ad4e2e9151316b90fa6b9798dbfa85aa460670578f994b1646"
"CBADCC3F-4676-4484-9D52-B1D47F97CC88","f0eced8fa03e6b726fc1bbb070ba535517866f13d73e3a2b97cf792b736f46a3","retained","5dbfef37f9496e8fd3d4fc2cb84e7ce7acd900fc7e1eac0464492120d00724c0"
"CBADCC3F-4676-4484-9D52-B1D47F97CC88","5d1dc4cc91275378690e33ed3ee80e1afe9d2d6b7190853504b43ecc74eb47ab","retained","1d7de6cf3796ef3c249858d09dd87b543c558636e7a74654e39b4481e0f64426"
"CBADCC3F-4676-4484-9D52-B1D47F97CC88","7addcbae122de77e21bec8694a49b1dfccea5525f5a6a8004ee9b1f29b8e953c","retained","20b504a9b752ee33ce1bf11b030d028419d3a1879335af9986fd3501ed283591"
"CBADCC3F-4676-4484-9D52-B1D47F97CC88","7addcbae122de77e21bec8694a49b1dfccea5525f5a6a8004ee9b1f29b8e953c","unresolved","536967256af51b3c2d2df9589f25331f3be2804a93a3ae975a32af1a699a4480"
"CBADCC3F-4676-4484-9D52-B1D47F97CC88","7addcbae122de77e21bec8694a49b1dfccea5525f5a6a8004ee9b1f29b8e953c","retained","ccbbb3d665b5b54663eed796cebaa8ea35d72643255a2a154355ff8bac365e6c"
"CBADCC3F-4676-4484-9D52-B1D47F97CC88","7ee009d197af36b3ff99a10b6f9b39989ac21d64edd0d5bfe17e9d2da53bb1e7","retained","4cba6370463a37f96262dd2f584aa4567ea3bb462fbf45e6603f524da22134ea"
"CBADCC3F-4676-4484-9D52-B1D47F97CC88","cf82b2ba990528408d290603a1f9a2165866c673b137a01238660033e728af63","retained","64bcdcfb07770647a1aba94447e85db5fd2af76e53bbcc5b74d75fdc3bcc05df"
"CBADCC3F-4676-4484-9D52-B1D47F97CC88","312697163cb92f342c484d02c6522af60407f700a4a42fa5f0db9892a30262bf","retained","8d4edab5d1df7d153a105fe9f71faecc21b05764dc4de877aea01e4a9a8cfbb0"
"CBADCC3F-4676-4484-9D52-B1D47F97CC88","a81008ba684d5d2fce8f3282d7320e418ef8e55ea0fde95a7049381f1e45d4f7","retained","2bea27c4d6fc6b82d971bd540671667b2f4a90343274e7d69974b40821b91810"
"CBADCC3F-4676-4484-9D52-B1D47F97CC88","2803ef6d04029b10e653340bc5f998c31959bfb66d67a2240017fe03fe57bf18","retained","9236164acb10c1288fd3f8349e3e0e41f659e03fc9ee9385d51fbc94440bab26"
"CBADCC3F-4676-4484-9D52-B1D47F97CC88","2803ef6d04029b10e653340bc5f998c31959bfb66d67a2240017fe03fe57bf18","unresolved","9a8a7eb628e4a3a969fcabf857023d4ef16046ebaa92bd7bef9cd2de3a3b69d0"
"CBADCC3F-4676-4484-9D52-B1D47F97CC88","2803ef6d04029b10e653340bc5f998c31959bfb66d67a2240017fe03fe57bf18","retained","612c1b41feb69bf7330b47d59bb5bccb83faddb42786201e3176bddc1382f0a7"
"CBADCC3F-4676-4484-9D52-B1D47F97CC88","8536a8807ad21cbdde3f07936e23ed202e6bb09b46cc99c553a160cd1b3b7ae2","retained","aaaa48c38d95061f6af3cabc5c822ce95ca8eaf2e7a03901d1e128c027d6ba6f"
"CBADCC3F-4676-4484-9D52-B1D47F97CC88","2b32522617e00e71798a56434858d14a892a757816700b551578ae663fc16a30","retained","178efa74818462c4f480a030a4554271e5bcda66d1ce51ce0b035d97380563f5"
"CBADCC3F-4676-4484-9D52-B1D47F97CC88","2b32522617e00e71798a56434858d14a892a757816700b551578ae663fc16a30","unresolved","16714141c1807f96f5b4eb2c41f7bab8f0bea3f6ba7556a95f845ed0fa9e216a"
"CBADCC3F-4676-4484-9D52-B1D47F97CC88","2b32522617e00e71798a56434858d14a892a757816700b551578ae663fc16a30","retained","6830357bc6da7f1a787b56ebeca3fc987f6c4c62e16056745a90257969cc45b3"
"CBADCC3F-4676-4484-9D52-B1D47F97CC88","2b32522617e00e71798a56434858d14a892a757816700b551578ae663fc16a30","unresolved","59eeb77e3e28de43678e265dcff150866ba9e5b0b223e79d5badc0920136d889"
"CBADCC3F-4676-4484-9D52-B1D47F97CC88","2b32522617e00e71798a56434858d14a892a757816700b551578ae663fc16a30","retained","a296089998b7c5c0aeefbc6236d18d56675493cb6106684075c9f0a8a3b806dc"
"CBADCC3F-4676-4484-9D52-B1D47F97CC88","f2f8fb23525d48426e14465878f263b248e993c20a4281f7e5d7c02258378964","retained","062e0354805ea8548007beba843fb78e76a4f5e806974437d44cf878abe16983"
"CBADCC3F-4676-4484-9D52-B1D47F97CC88","f2f8fb23525d48426e14465878f263b248e993c20a4281f7e5d7c02258378964","excluded","17c700c34599f251e5c25cc5b6c5477a3ff741660a32647b8869c99a22c1fa60"
"5536C54B-35A7-4CC8-BEFA-BFD0EDC9706C","f499d0288c3e93f3208fb1c9e116973dbce2b9bd74aba284e0ca3f991a317549","excluded","8cde64428a8469690c4d68630c4d1f36f19e7c4fade97fa296ae3fdfd1ad4eb8"
"5536C54B-35A7-4CC8-BEFA-BFD0EDC9706C","f499d0288c3e93f3208fb1c9e116973dbce2b9bd74aba284e0ca3f991a317549","retained","458d55e5b7189ddcd50256ae81f55fe9762e7379a1bdd965a3192c6ff4e3418b"
"EB02EE86-ACDB-4E4B-92F3-4F93BD66318E","f48405cc5656e3d5e6a706e319a13c9bbe655633c66dd674bd55a433873e6fd2","retained","910c0ab1d73bf507facbccfb79c37f689d0d9689f3943db99cc28efe07ae3d94"
"EB02EE86-ACDB-4E4B-92F3-4F93BD66318E","f48405cc5656e3d5e6a706e319a13c9bbe655633c66dd674bd55a433873e6fd2","excluded","46e97947ba84cc9c65fa679fb54cd16ba67a2d88fad3a92c8782868818e80dd3"
"EB02EE86-ACDB-4E4B-92F3-4F93BD66318E","fc5835c2fe9498a5fe0d62feaf0fd97f6a20dd7b64408d057c0d940f911a8400","excluded","df737ee515456dffe50366e8ead4fe90d33f286e2976920f3ece1597edf78eec"
"EB02EE86-ACDB-4E4B-92F3-4F93BD66318E","fc5835c2fe9498a5fe0d62feaf0fd97f6a20dd7b64408d057c0d940f911a8400","retained","7c9af763adbc747f4f80252afe3cdbd5f467897b228c8cd3683ded7c92fc9032"
"9503924C-659D-4938-B016-F54766DFE357","79fb9edd8e7d5aade225e63ab4f90916986a6cb48854ce37788fdb3baad379a7","excluded","363affae726a255962c0ffbe0f7f4328cd98f5ed728a6d1579036daee6726d4b"
"06FEAF0A-96F3-45F8-8E55-D776D05276CC","9c757136bc9f45aa93b7575b76998db45ea114143b1e806f9989369ba3cff081","excluded","ead84c071b30e27f625a677a162ce73b1fffee7c9777ec6e2b4b8d9f87c2c300"
"919A5218-B1E3-46C5-A7A1-7120920CA1EA","2a0e92be02eb074f559b752ce0d5dcfb173d19b545df2ce0253ad6d539be99a0","retained","6f07c9b6d25ca6bf68ac19ad7fe7078530140e294b504d6dce388ebe5a048173"
"919A5218-B1E3-46C5-A7A1-7120920CA1EA","5a46fa3ae01e469915e1f06c62efb42302bddc7c22085c2f957306cf51d5731e","retained","621055813bd49fbf55c1b1ea1eed43cb7bed3ec4d27e557ccf0815c1448bbdd2"
"919A5218-B1E3-46C5-A7A1-7120920CA1EA","5a46fa3ae01e469915e1f06c62efb42302bddc7c22085c2f957306cf51d5731e","excluded","6023a3c3f30f41195992034a75c1f77dfaae1c2a5fc9dc275c2022712b5ee1df"
"B660F83C-0A4A-4A32-93BE-53BD51D997CC","77716921e896ad1f63ab28412473c1e18c2cfe0f5527c623f7433303ab1d8eb0","retained","d41f8932ff43963b62ab15eeefd5943a952c8b21cb7f5c82c5e132bd91d95456"
"B660F83C-0A4A-4A32-93BE-53BD51D997CC","77716921e896ad1f63ab28412473c1e18c2cfe0f5527c623f7433303ab1d8eb0","excluded","e0c21e14cb44b7ce254b825d3f5579a5fc64756f26b6a62e71ba107fa5060166"
"B660F83C-0A4A-4A32-93BE-53BD51D997CC","77716921e896ad1f63ab28412473c1e18c2cfe0f5527c623f7433303ab1d8eb0","retained","2acb33073ea840c70585f366091bee020e6055dea793d8104ebf9b69f2b5469f"
"36CC5789-705E-4EA1-814A-156CEA55DBD6","007c7936a66541c66d61e74e10b2ecfde1a0be30d8011bed7f4d93ef9e145021","retained","b4bd341932547b4a782e7668cf8ed91c80dab6f5e3f13e39b2ae0f44b77b5234"
"0399FDF2-CF34-414A-AE3F-900E8C68CA12","98aadf31f2fc0cc0d7fdabdee3712c5e38112d0f35fa771b15a6fa8349afe0c5","excluded","76c4bb84bf615a89f7141ebaf90acd5d8da830b48fa9d10a0a65335c0ae4bb51"
"0399FDF2-CF34-414A-AE3F-900E8C68CA12","98aadf31f2fc0cc0d7fdabdee3712c5e38112d0f35fa771b15a6fa8349afe0c5","retained","8f5d60ce67c3e4bb8caf42b95a03c14a4e4c6a2abd11534cf9e17b3952fb93cb"
"0399FDF2-CF34-414A-AE3F-900E8C68CA12","98aadf31f2fc0cc0d7fdabdee3712c5e38112d0f35fa771b15a6fa8349afe0c5","excluded","a20b0c9c9ebeb5386534efe5ad4a1d083d36bf0210a5c3232b2bf24ff88c6eca"
"0399FDF2-CF34-414A-AE3F-900E8C68CA12","98aadf31f2fc0cc0d7fdabdee3712c5e38112d0f35fa771b15a6fa8349afe0c5","retained","c970df38baf379e156996cb2baec2bcc3a37c18eda8dd4f4be6b32538663b520"
"0399FDF2-CF34-414A-AE3F-900E8C68CA12","8582d45fb4daafb1879be04214418ffac1259a6144d0266e579cb9f5ec3b9764","retained","3df780960cca2a33853a0a93d380f0252ae51bddce0b6b38d37c25f5674205c1"
"0399FDF2-CF34-414A-AE3F-900E8C68CA12","8582d45fb4daafb1879be04214418ffac1259a6144d0266e579cb9f5ec3b9764","unresolved","e1fa357cd5b65a66c40f4f765d4f92697f803b788ea81591940b36aaa293d24d"
"0399FDF2-CF34-414A-AE3F-900E8C68CA12","8582d45fb4daafb1879be04214418ffac1259a6144d0266e579cb9f5ec3b9764","retained","3366d05001b09a69f596666ae89e35c3f4d311bd34bbe759278bab4fceb883a5"
"84DCB7F8-BDD7-40D0-BBF2-E2454B741605","19ab97f7eb7144b2b8378393b551275ce09015cc7b51d81df31e054c272eccd5","excluded","fe7e98fd2fc61f14dca52f90f2875ed42f2df8b56e9fe7074c3534ae27800b7a"
"84DCB7F8-BDD7-40D0-BBF2-E2454B741605","751a639420602ab4cab85fc0bf03fec7d7c037026793c78ba2d2e2f7810fbb7c","excluded","ea47281d8fce406520f299a63a660c6e11a7e99509558d57ea745003149f58f7"
"4F0919A0-1C81-4279-952C-E9D292ED32C4","3f44a4a0cafacf4957c426b7f94b4a7af79e1b4f67149d9d4fbca795967880eb","retained","9406368d02266954c33feb54c88a7c73450fc9f4e30073af68379bbc3253033d"
"4F0919A0-1C81-4279-952C-E9D292ED32C4","3f44a4a0cafacf4957c426b7f94b4a7af79e1b4f67149d9d4fbca795967880eb","excluded","92517f2973237b1831acc035a59d6aa81f9700d75f8bbca8be668c16f836227c"
"5346C476-993C-4964-B1C3-B2D616B0FFE9","ba97ceb461fdb06d9db9c7705f8dcce5b334f8278153bdeffd3e8a047f8a48ce","retained","21bf2036d19a6616f3f0ff5d180353471c7cf3ffd374841aae8b09351221589e"
"5346C476-993C-4964-B1C3-B2D616B0FFE9","ba97ceb461fdb06d9db9c7705f8dcce5b334f8278153bdeffd3e8a047f8a48ce","excluded","5cbbcebb20319fa8426d2e88b9e9a321355c4ee19256dbd0d95fba94718c2400"
"A5324DB9-2BF6-447C-BC58-EF65874BEACF","a6f53e107c77d56e85b5cc8a87867e31b288419bcd44e296ecb1cebae8c840ea","retained","b08f799d09090032409dc5a6c93603e69529dbb5f6c89394aa66b7748bc7b583"
"A5324DB9-2BF6-447C-BC58-EF65874BEACF","a6f53e107c77d56e85b5cc8a87867e31b288419bcd44e296ecb1cebae8c840ea","excluded","1de234911204b6ee06496be0f687285624640f3e3f205ece1eceef5f9d570886"
"A5324DB9-2BF6-447C-BC58-EF65874BEACF","d7b755476151961361819bda168eb5a89794b3df1cdaafa3198ed54f499ce25f","excluded","318d56c5a5788c7f429d8534b08f0366b5323a6f5c2e5caa2e5556fcf9667cbf"
"05CE66DB-2411-4C44-B8DD-43AF332318A0","6dbd2d8ffcb7276752d6054f5d3b2c803e15c8c7526aebc4216351dfec280eee","retained","5e0c5d167a987b1d6659248612c091df0ee7e980e203e203b4255bc2d4daa5d9"
"05CE66DB-2411-4C44-B8DD-43AF332318A0","ed58482e21c31155cbd814774f3fa47c9a68339223b42fa81a9bf02ef1bca88b","retained","31ba59f5b8697814a4ac428c24c289fc92a6db8036321ca4160ebefe96878518"
"821F0ADB-9125-4E5E-8049-811BADDA99B5","77f7ba106983df3bb6c12a17a4aa4918746ace10d78983fa08ba1143cfc051f0","retained","18ec036840b12eddfc7d3b278a3cf1149d2214dcf186d1af3264c4376ef2272d"
"821F0ADB-9125-4E5E-8049-811BADDA99B5","77f7ba106983df3bb6c12a17a4aa4918746ace10d78983fa08ba1143cfc051f0","unresolved","a1b45db7fa23c36da107bfb15b706410702b950aea01ed5d26597dd38dcdd30f"
"821F0ADB-9125-4E5E-8049-811BADDA99B5","77f7ba106983df3bb6c12a17a4aa4918746ace10d78983fa08ba1143cfc051f0","retained","b76380c89b1f5c4e92ac2bf591881e7bf76de382666027f30bd847c230fad79e"
"C3881E83-320A-46F5-9CF6-9E7DE1EEF357","d0f861c26fab3bcc9103c69c151301453666ccbb58434d8207b7aa8848f5144e","retained","6abcfc24a0b8ebf2c0dedf207fd8141ebc09b063c9e13b08cf383f31e61a8f73"
"C3881E83-320A-46F5-9CF6-9E7DE1EEF357","1b8f02c7dc5a0bb7c141872f5aacdaf79a7e093a097b2e3c2e2731a982ab888d","retained","fb88673f18c58f68ffb12b783c0b3fdf0f151a76574c38a97da08be2f7ea1e23"
"C3881E83-320A-46F5-9CF6-9E7DE1EEF357","0308cfeb0050e4b5e88076adb7d0592351e3b87677c4fdb103bce5eecb153b7e","retained","5de0f20c31364ca906a8dc36a2bd3692a32b64dfa9c7e3b3ea4183dd6bca550c"
"C3881E83-320A-46F5-9CF6-9E7DE1EEF357","e813605d35a3e8d44afff4d2d1edfed07583a93b0b33959e46f72fd063573b62","retained","2e68c184fb72a87ae383bb9898cc8a042ca4c1311c339ce220cb86f428c0347a"
"C3881E83-320A-46F5-9CF6-9E7DE1EEF357","8263a36d6c9f07108c7eed36447e5891d8c35c186ae85aa6f8a8e73595d19074","retained","138efe395daff746111dcbb99da9decff4a82c452b5f9bac69e02a4b1d027a64"
"C3881E83-320A-46F5-9CF6-9E7DE1EEF357","f6d079f71fd6ba1a67bf4eb5b0748f6b6002bec0e4a478bfce83567c5579e694","retained","45b00eb23f462dd04ec8eb32266a7eeb4cd74022066ccaec20be732acfcb4b18"
"C3881E83-320A-46F5-9CF6-9E7DE1EEF357","1a6d6db22e723ff5665baa4678f3447f3164d73924238a2fd70b79013b59bb50","retained","13748c002d3c7285abbb35ee088225be033c1d83244e4b8e217ca73909decbc3"
"02A52253-D0D7-499C-9BD3-02C2A956E8DB","d1337600d0d01d1ce4e0d9a7f511ad8c631e172f94b79cdeac09d8990a87a2dc","retained","ac6c866c83d2e37305fe4854e6652a06ba3862fdcc47380e111f4c16757aa3c3"
"02A52253-D0D7-499C-9BD3-02C2A956E8DB","d1337600d0d01d1ce4e0d9a7f511ad8c631e172f94b79cdeac09d8990a87a2dc","unresolved","90949f7d6af076eee2f7a0f062ee8ea10ee22a1f4ef832919e1af8b8abad369b"
"02A52253-D0D7-499C-9BD3-02C2A956E8DB","d1337600d0d01d1ce4e0d9a7f511ad8c631e172f94b79cdeac09d8990a87a2dc","retained","59cf657e4ca5f65714d76f716be42aa9657a4f58db7eb0fef9e7b4aef8399e5f"
"C9CA5B6B-2C27-4450-AF7F-D30498B8AE25","d4e362163858ca2e420fca9f47518078b491dccb0af4b27d9d633f1133407c54","retained","bfe10842353c4522b84ef30fa1a79abdd83863daf95cc06f2b1074a4f5564072"
"C9CA5B6B-2C27-4450-AF7F-D30498B8AE25","d4e362163858ca2e420fca9f47518078b491dccb0af4b27d9d633f1133407c54","excluded","887f0efa5ceb3dff273f85a736fd91816be09c76a04f906556d1bd0b9ae2e502"
"1B2FF6A2-6618-48D7-9DEC-45F5C124F593","a7a1febb426ef590d8fffcf99b933991d8498712057a14a438897b7b2e3388ba","retained","d83f4a90557e9c3059db733819d82e7996af56f55787624a800e8cf7b5899bda"
"1B2FF6A2-6618-48D7-9DEC-45F5C124F593","a7a1febb426ef590d8fffcf99b933991d8498712057a14a438897b7b2e3388ba","excluded","c7c5c841e5946326e76a7c8b130ebea64784e7a2906edbab4ead33035f6486f0"
"1B2FF6A2-6618-48D7-9DEC-45F5C124F593","a7a1febb426ef590d8fffcf99b933991d8498712057a14a438897b7b2e3388ba","retained","d115c664e5ce53bb847722e298b26c270cd96fa2a17559263782b9a6961c2450"
"1B2FF6A2-6618-48D7-9DEC-45F5C124F593","f7c308fc5a9cd9064414ed0d976aa4c4546ff809f4ad4042f2163d76c96ec8fb","retained","0c7ef5c44379d3eee801d64487f978578b1e890f4a2c897cb44c4b886bfa8572"
"1B2FF6A2-6618-48D7-9DEC-45F5C124F593","f7c308fc5a9cd9064414ed0d976aa4c4546ff809f4ad4042f2163d76c96ec8fb","excluded","246d27592fff69577bd03eeaf3d50982806dcc7c348f22c188f633abca9a229b"
"1EAED434-3B21-476E-ABBD-DE96E368E87B","4f0baf93b8d178625ddc0df580eabb3c7021277ce0570f070572139067d9afb0","retained","6027ab74de849e4ea0cb6c58357cde23aeb75994c6177fddec22b32353d33ced"
"AAEE1948-FF8B-4DF6-BF3A-850B2A258EC8","6120978dfcfdfd2e8e8a64353ced73b1c8978e7950e0415f87c5cbdd9d9c3ffb","retained","f17a7f6366961e3746f083a29bf81f7f679719f13a56e0aa5481b8a86bb2d6c2"
"AAEE1948-FF8B-4DF6-BF3A-850B2A258EC8","6120978dfcfdfd2e8e8a64353ced73b1c8978e7950e0415f87c5cbdd9d9c3ffb","unresolved","a11bd9e462b915a778db79827a4ff8dc44f1eb67c259ac9948acd45630109e40"
"AAEE1948-FF8B-4DF6-BF3A-850B2A258EC8","6120978dfcfdfd2e8e8a64353ced73b1c8978e7950e0415f87c5cbdd9d9c3ffb","retained","27f56ad86d308f825c44d57df2a9a09c7ed5e3af686b5b32df10b95c47969a50"
"AAEE1948-FF8B-4DF6-BF3A-850B2A258EC8","1c402292bc507dd53bd6c112ad4fdabd84f8dcc09372e02da19b1377dd316c00","retained","d7215165428bac617ed68d097f4604b5247d2156db02e7efe2709c156b184406"
"4395FC54-E6E3-47B6-84D8-A0C55B906366","16b821bef2027ef847400a0e0b8e8c1f7646fe08f2142da2c17eca0f72b37b79","retained","0ce54c950ae15d9342070a1a0af053d70d1ef0084b5bb27d6333ff383d9d768d"
"4395FC54-E6E3-47B6-84D8-A0C55B906366","ed4fd77304108e6e863c398c8b9a4b912cc3142ac44beb83b2a11e1758d434c7","retained","3ca1dfca7949145018b786d0d043bed699ba3f43ff071e31ed264cc9b085c831"
"4395FC54-E6E3-47B6-84D8-A0C55B906366","4733bb84a40832421487a55e989e178abe53fd3f857d9833cdb536a6caa0fd0b","retained","90c890f4ad20e1ccd8fdb34256ca87214e30c1eab9731fe8febf393f057a3783"
"4395FC54-E6E3-47B6-84D8-A0C55B906366","468ccf8ba3f15c31332c2abd77750a808d8170017ec3c4cb816f26e30f23ab76","retained","1ac29f716c2ae593c996d6a0ad6e22c510dd91a50e8e0a67d92892c1b400729f"
"72662227-95B1-4793-8073-B937EB72713B","e6562dfbd7c4a492e1f33a24a70a94ffbd557dc3ba75adcfd1c057e9dfb13257","excluded","561cfa265ff2b9dd7714094f963b31c3aa63f114cf143dafb9033b7eb5b2f758"
"72662227-95B1-4793-8073-B937EB72713B","e6562dfbd7c4a492e1f33a24a70a94ffbd557dc3ba75adcfd1c057e9dfb13257","retained","0bf4e9530212719ffc1a91e32de6e329bb16cef3093a815732fac29ea0fec150"
"0A587EBA-BCCC-4437-9C0B-85418C7D89B3","5c90deea18ceabc34211c98dd4f1dbf82db5fbc52989b216f373f1e5c5f67ecd","excluded","49cf8ff5bbb0f3534ea9885dada134cad7e77b4e07f4416b29df085d4e964eae"
"7EA6F069-2C32-4ECF-94DA-7D66E426C9CB","9284dd122dd22d2d18f2a7c375935461f4db9db77396f6fa41476fc210ccf9e6","excluded","0079d0f46e0108f655cdb08e0026b4a8f959efff4e1d9ac971560863643b0e59"
"7EA6F069-2C32-4ECF-94DA-7D66E426C9CB","9284dd122dd22d2d18f2a7c375935461f4db9db77396f6fa41476fc210ccf9e6","retained","99ad580da930dc65f29b0671f1607d949a6db583e4672a3f671939d8c38dd71f"
"7EA6F069-2C32-4ECF-94DA-7D66E426C9CB","ad5e30b1f356778b2571816f5c9611c0477dc2b5af8b48b298ed57d8a6c25ac5","retained","ce1b32d13352430d71994531d2f80a55f64355fc6066d49038788b286872bc79"
"30E9B165-ED19-4885-BE9C-311967EE3136","e2d334e5dda06cafabb8a02d52a32693d8bfc88cc1f1ab81cfe6465cf3c6f7f4","retained","a73b0ae85f30aaf4e69a7e3bdfcbefd078125308765416bffadd9f1c77324207"
"BA1444A4-1673-45C4-88DB-8B15A267A6EF","a9d7fe68e7721b9758e6dba4a7858414b4493637cd05be766a7ad02f92351bfb","unresolved","4b487acbee5e7f39b3b778a745e041723741bdfec44c43c165ee54e9ed2d6d99"
"BA1444A4-1673-45C4-88DB-8B15A267A6EF","a9d7fe68e7721b9758e6dba4a7858414b4493637cd05be766a7ad02f92351bfb","excluded","141606199f64fa82d858f5cfed934a9ccf4a6826ca886142c1d56a7e3628e27e"
"BA1444A4-1673-45C4-88DB-8B15A267A6EF","bda0410efa7b2ef1710203abb716fed0328d3f4536cdfc54e2dfe2fadaa16c77","excluded","68d3092081ca7d0e04bbe78f0a21924f81fd7202e92a198b2ab612e355483e46"
"BA1444A4-1673-45C4-88DB-8B15A267A6EF","bda0410efa7b2ef1710203abb716fed0328d3f4536cdfc54e2dfe2fadaa16c77","retained","0b84eb8af2facc0e1f83d1cad42b2b0ce257b5930d626709559832f900d022ca"
"BA1444A4-1673-45C4-88DB-8B15A267A6EF","a3a3b33df3310f8c7dd6d976086eb84cfc4ddbf2272b77a72881b502fee341a2","retained","c3a002a7667d5bc8eadef23573ca75ac2f6a674e3dd6eb1f2e0e1857062289cf"
"BA1444A4-1673-45C4-88DB-8B15A267A6EF","f451b66fd4e19ddb94de99b8ffcc875470584c027818c107f128dfe010f6c03d","retained","7b5eb13db48b439bf20dd5becb985f7ef35d36b9eb67d1fc252d09841fe993e9"
"DACBB917-5C1F-42D4-889C-92EA847488FA","cdf304e7ab23315f0e1c5e87d7972f52868c92b67da99a9bf59c9ddae63a9e0a","unresolved","19aaa1b050005e0343e18f6b125c91e7ebb57be65db9b208adc890c462bf6cc3"
"DACBB917-5C1F-42D4-889C-92EA847488FA","cdf304e7ab23315f0e1c5e87d7972f52868c92b67da99a9bf59c9ddae63a9e0a","excluded","79b7c4626e545b5f88b8ff190c37f65dc706b3b5b97ac558326eaa81f1693741"
"40AED45E-2D95-4AC1-96E5-015E3AFF9213","133425c2ef20a96e26ce33e900c4a9afa47bf5eafaf951e9bba126eabe74bc48","retained","14172ffc2a76824c64095943ea9d0de7617ebe910e96e0f72468d6f9f67d2833"
"40AED45E-2D95-4AC1-96E5-015E3AFF9213","c4305f98a86e673e64f95a0c72e6f11393dd18f3ed22c0a90a0813ab0270dd14","retained","fdcf50b5e20028ccc61b3ee8ad66268fa72161d11909e476b18d915d825b3627"
"40AED45E-2D95-4AC1-96E5-015E3AFF9213","dfe27de97ea85451177f02a2538e4eda6a0a6e0e257553fc25a19581937f75bd","retained","8534ef54ecd016980d7e0f2abc8f2f8c64791671910a109dc1d61e65bc689d51"
"40AED45E-2D95-4AC1-96E5-015E3AFF9213","dfe27de97ea85451177f02a2538e4eda6a0a6e0e257553fc25a19581937f75bd","excluded","c5b52023c7e435fc03a6d5ad00b50350aba7afbd2fdfd1fdc734034cc8ce6310"
"40AED45E-2D95-4AC1-96E5-015E3AFF9213","f6844128aee2ce486cc6c06498ba6eb0e5180d2e643ca6af5e192ba809bc28d0","excluded","7720c8d2cb6029a0b8da1ff75ea70e94f06b78b8c4f6ecccf46da63bfeea0b3b"
"40AED45E-2D95-4AC1-96E5-015E3AFF9213","f6844128aee2ce486cc6c06498ba6eb0e5180d2e643ca6af5e192ba809bc28d0","unresolved","93d8763b699543e1d982b99b282dff5994a89c0f7236575e2fa1549bc0dd299f"
"40AED45E-2D95-4AC1-96E5-015E3AFF9213","f6844128aee2ce486cc6c06498ba6eb0e5180d2e643ca6af5e192ba809bc28d0","excluded","7bfea95030356bb457f06bb6d3193beaccc1e1f9e50eb7d1f952e9ac34d7e6d4"
"40AED45E-2D95-4AC1-96E5-015E3AFF9213","bf7ad10a13cbd4d8b983f4ea7ab0a17f53af9cbd2338e1142dcf3851a3ca00de","excluded","a500b8a3b0c8a9fcc3bb927ae60cd939b6ec02620c1c55838cd6c15b48ec70a4"
"40AED45E-2D95-4AC1-96E5-015E3AFF9213","bf7ad10a13cbd4d8b983f4ea7ab0a17f53af9cbd2338e1142dcf3851a3ca00de","unresolved","1af1280db46c30d09eb93f93100cd1015f97005d34d641408403e65ac1bd8c25"
"40AED45E-2D95-4AC1-96E5-015E3AFF9213","bf7ad10a13cbd4d8b983f4ea7ab0a17f53af9cbd2338e1142dcf3851a3ca00de","excluded","e04520abd6c24acbffa1adf5fe3379e5eafeff15dde4257e073c5bbec21b03d1"
"FD5C6C8B-8F0E-45E5-86F4-BA6EB6F8DEDB","e5a9d757074bfbdf721fc5450f9a3da82f5b1ca842be01c7699cbb2d688c4c4d","retained","7c053b88358a102b9bac4b58ca55b5c987626cd65ea30277ece810200b06ad1c"
"FD5C6C8B-8F0E-45E5-86F4-BA6EB6F8DEDB","d49dea4f61e557a9d3482704951d0f56d3b365158dc825112026ef3fd6c2a9ab","retained","8cf557be035b85bcc01e5ff7c81304c6698e4d65ab503811068e3815966b8bf6"
"FD5C6C8B-8F0E-45E5-86F4-BA6EB6F8DEDB","d49dea4f61e557a9d3482704951d0f56d3b365158dc825112026ef3fd6c2a9ab","excluded","9bb1c2a289799a66f3ab494ced8c16777a770088e0063a7d6800b860daf62bd9"
"D3B48B79-E431-4EC5-8808-76BC47EF1C1D","1fe0406de0e3006f7d0ec3f1849b12c2a041d9b0d4f62ee3eed1d953d1b71b62","retained","6174b8fefca614690edcfc255a9bb22b36d2e73a0a26af06445bb359cb7628cd"
"75A0D2E9-23F2-4DE1-B261-C28A0B4F2688","724211891337d17479ee8784134221a17038a18623e5be4ba36984da5cc41ba0","retained","1452a1646bd104aca2e203f10852c82a5ce755164d00501dbade5b6ce15247e4"
"75A0D2E9-23F2-4DE1-B261-C28A0B4F2688","724211891337d17479ee8784134221a17038a18623e5be4ba36984da5cc41ba0","excluded","7df787a76c31a54f0eab7f3bb7b790de585234cf4c5103f9f79404b6e1ee84ac"
"BC5C868E-E91D-43C8-B6DC-7A9A5B11E614","44fab5df987d256bb4669accd645805f175f62ef768f5ce37b4ea1ef168c6ad5","retained","41ca84cfe5cc7454cb0a493ebae8913344ccea1c8ee2259c7914e6a6f3cde982"
"BA537917-6212-4C93-BCF3-90466A905F22","bc43143c9e6076d568a5eafc3d294a6b2ce02f2c2d241972d93915166e85dd84","retained","21c7f52723230b195e16690b6f042ea97d0b52e581d35daaba56c40ca2310318"
"BA537917-6212-4C93-BCF3-90466A905F22","bc43143c9e6076d568a5eafc3d294a6b2ce02f2c2d241972d93915166e85dd84","excluded","17f79d631fb7c15358c21adf5cc12ba7b5084c3682bedc0bac1b041892642f30"
"1CD80017-92BD-4B47-B516-B371098C4637","874ebda0b57903fc6fe58a8d9c647894f073935e4b8f8874f6e8b1b7c9496d82","excluded","6992f30f599029a4bbedbf3dfedd648c76ddbc90abe6eab5b7b81a4de20c5a95"
"1CD80017-92BD-4B47-B516-B371098C4637","874ebda0b57903fc6fe58a8d9c647894f073935e4b8f8874f6e8b1b7c9496d82","retained","9c249c51c9865ea2458c151dfa055dee46f570efa3c5f9940245b1aab31649d6"
"899063F3-7A36-45F3-80AF-BF1E3712B907","39f36641d651ff1dbab5a37fa3211631acf2cec744ad675c53788dc7078272f9","retained","c09fb3127ee959606e465077db1bc6a46c73b8aa87c555d1dd6b8711a97cc8b2"
"899063F3-7A36-45F3-80AF-BF1E3712B907","0838d621c8763a308c9cd0340a6c52c1e19b22d0e13def425811a85e3e383ee7","retained","f71685515c1ae429de18e04d437d9ae12229897b957b1d6a27fa673188e8356b"
"899063F3-7A36-45F3-80AF-BF1E3712B907","69c5d761d5211403dbdb37f88bad1e515a45fd8836dfb263e54b47ef9f24623f","retained","3426820b31032245470bec156a34aa0085148b7ca49358ab33b220b2eeec0180"
"04B94143-7359-480C-825F-95CD6C8BC95F","ee66ca6e0bf5e0ad3466cb3d561a3fd0fb83dd5b915a37e02b15850503388538","retained","72809ba0e6fc51025d9b30d168b3b48d33c5d54149cc064475f31fc55876a153"
"04B94143-7359-480C-825F-95CD6C8BC95F","ee66ca6e0bf5e0ad3466cb3d561a3fd0fb83dd5b915a37e02b15850503388538","excluded","2c774157f0e2e87b46d547368d1936be3c8ae1af397884948e2660d4acc4658d"
"2C45BBDB-6DBC-4284-A0EF-7C41083921D5","deab99570cffcdb6150706ddbea38e2dc7cff444b2b85a2985832d44bb205223","retained","58fbc834e3656b59927c1ca71c9d0e5df8c2cd6b50fff97be46f76539d6b9c4d"
"2C45BBDB-6DBC-4284-A0EF-7C41083921D5","deab99570cffcdb6150706ddbea38e2dc7cff444b2b85a2985832d44bb205223","excluded","6862a9426468fe190393185ab5a822e292b5c93b05f75b12c72d0fb16dc902e4"
"49E77B52-F001-4992-91A8-88ACE0323AAB","b2a5ca71fe82b73fd0d55522a56d2be7adfb388e78bb33dcc40efe9fa7eda006","retained","f148f1382444a5b655e831428f6cf156095eaa065307058445d91ec3db605a6e"
"8E783F29-3617-4900-96B6-94374021D746","45d575ab6fcd1cf71330154325128ca24bec2dafb974ccba34d41dead081ab13","excluded","ac31287ab34fa8f244a858bfbe33cf145f4ea897a416bc28e6c1fe9d3443f360"
"84205F6B-7FF9-47A8-B436-94509A33FBBD","d93e92fa6118283cf946dff996d292b9030da8a7cfe5637ccd42e0f3a237d40e","excluded","d93e92fa6118283cf946dff996d292b9030da8a7cfe5637ccd42e0f3a237d40e"
"B6DDED4F-992D-4721-9A74-AAA16B9CB7B9","f9fc0f27f578f44e0a4e359f3aed0d23e9a03e2be743cf87d0fa09b3bf74755f","excluded","f9fc0f27f578f44e0a4e359f3aed0d23e9a03e2be743cf87d0fa09b3bf74755f"
"4AB62BF2-1401-4ADE-9F63-5D9E8453D52D","5edee723cb0fee94491bb5e037c825fd9dd9308f67f6a1b6b4396064a95b3268","excluded","5edee723cb0fee94491bb5e037c825fd9dd9308f67f6a1b6b4396064a95b3268"
"60C86B49-DF4A-4F6B-8A67-2117CAC8E36D","e0114f9feb633ec778007a0c392b5d31e2b18190c573dbfc0b9fa329b8696a29","excluded","e0114f9feb633ec778007a0c392b5d31e2b18190c573dbfc0b9fa329b8696a29"
"AF7BDF2E-9120-4D9E-BA3F-6F3CF0B62DA3","d4cf525ea01fa656d87aab2c60b89e65684400f7a2fadf3585e08409247edfb2","excluded","90fdc9e0c8d839d301b9417cdc366d6fad024a7cb4a5a2b3e4737653229f91f3"
"F5D67B22-96BA-4773-9CF5-FE186E9743E8","379aecd31173a0b3540415ca80189a7a2e47247af87eac0ba7421cffb6bd490f","retained","379aecd31173a0b3540415ca80189a7a2e47247af87eac0ba7421cffb6bd490f"
"FDEC9CF6-0A2F-4C69-AC53-EF57E1140DD8","bd22732d6194ee001ce8080ac634d770ff706ac848262dde6c75c32664206aa9","excluded","42fe863a6bcff3855fc69ebbc16ba1eab8c18eea9142fd4bf7c93315402f44f2"
"13DC6A9B-A566-437D-A788-7A5643D49801","cc8203df9030f5bec74f60e3aa53567d3216a41d9832db45555969a7964c7cc7","retained","53eedde5499c33132fcfaf29b12fd393d010ff53b17634307de0b06143ac5c4f"
"53C027FC-D351-4B0C-B427-6486A7FB04F5","b03d60cb3aaff2dca989e6ec26fedfb84388e9b3fd5cfcc3eca695a25ab6ad47","retained","5b47942eec5a09ef88d72f718f904ea9b7e24480e8456dcca52b142131cbd1ae"
"53C027FC-D351-4B0C-B427-6486A7FB04F5","084851c16e0de74f14445f8fee332d8ad8520a1bbbb42e8e29007b542cc0c878","retained","cdd90269efcbec3bf7df6c930739694a9c6bf3ac11e18e3cbbbc983301cf1601"
"53C027FC-D351-4B0C-B427-6486A7FB04F5","084851c16e0de74f14445f8fee332d8ad8520a1bbbb42e8e29007b542cc0c878","excluded","1b77f6f1fa1ec9b45ff6b5c38d3c895837147061c968a18ecdeaa3b25d334f17"
"53C027FC-D351-4B0C-B427-6486A7FB04F5","517cf8db8ad032107ee926df935ed67d367173348cf4f46d498f46c6c9e8ac06","excluded","e1c2f25cabec8533fffcd9a3f7ba79b9b1d33aba3935bf43c9e118cd5c731031"
"7778FAED-B76A-48E4-A0D1-A4F601DADFED","c4af81523239319c23136af40fe6eb1f063d5857e05a21ce795dfece6531197d","excluded","ff480122f9b4da2325c308e5921eb077ef338f75025e969203ef328a5f690212"
"CDABC53B-9EB9-4753-9C81-8C4F260863BB","ea961ed7c02e2c88f09e205ab429629419602c7005f2b33c4b6841796adf2796","excluded","3ee729613fad5697d46b88ee322793db9fae41db153b9cd1e61057463f834973"
"10A53AF5-10F7-4A4E-9CEA-6733491A0006","2b73542c9d7ad8362ad01b443aad5939d22bdb0be69789c47b23eb6bf8301f4c","retained","03f7711a3c9e4a21572c0ad99930d0f0b455d37e89a9a0d04801bea5bd359521"
"10A53AF5-10F7-4A4E-9CEA-6733491A0006","2b73542c9d7ad8362ad01b443aad5939d22bdb0be69789c47b23eb6bf8301f4c","excluded","cab1fc95d508ffc172ecdfef81ac243377b80968c330c541fa9aa97f8cd3f94d"
"27A28CA1-1E8F-4081-81A5-77ECCBA588D1","e15d6102b0ba7d2e9172263b70170d9b83e42fec17ff819cc3b0adcd32fd2542","retained","3849c383e5b6f6dccae7c3bd87edfe0f71027163365eb2a93e4994a52a4f443e"
"27A28CA1-1E8F-4081-81A5-77ECCBA588D1","e15d6102b0ba7d2e9172263b70170d9b83e42fec17ff819cc3b0adcd32fd2542","excluded","86579e76136b6a272fb8a40cc7e05b4d5b168d280d5f391f25c2797e499a47be"
"27A28CA1-1E8F-4081-81A5-77ECCBA588D1","e15d6102b0ba7d2e9172263b70170d9b83e42fec17ff819cc3b0adcd32fd2542","retained","33928888f169994e56c6058a6c120986d879408f190d0f4433d9702abddab5ba"
"382B8CDA-D2E1-4362-A403-CE9922A318B3","d4f1664696990776f44d7f09c7c0479dbe39d05bc97dc1f887ef29936d299067","retained","6787e641f1d87c5d3a7e6aac9d97e43b7cbb8db877f0a54011688f72f70a6297"
"95276CB2-748B-44F7-9AD0-B6178CBE530B","60d751a7060c7e555bb5e5d6d1fdbf92cfabe261565e5efd61b03d742df7d7a7","retained","9f8ee4c6081ec830861219353a86c6d19b15eb266eda7bc4846a9c2cbd42ba4a"
"89DF7A74-2CD5-498B-928B-6679D248EF57","cbd06e68296632b8f02a27081b4c7b7c01c6baf3a7092960230958f54d51ea96","excluded","e2e554860738e6d34902975c1f7975ae9d351aa63ea6e5c8dc48af304111e023"
"89DF7A74-2CD5-498B-928B-6679D248EF57","cbd06e68296632b8f02a27081b4c7b7c01c6baf3a7092960230958f54d51ea96","retained","9ce96df4771701daeefd682695eb1c6b1e75b6c41922cb049bb4bc9bc1742c53"
"E6A08645-6F60-4E9E-8993-CCFEAD9A2101","31b98eb55e8b6042c10b1312ebdb4949575ab087cc966ce6b287f22ae8a894c0","excluded","ab359ba2773c00c4a47e3787b86b252b0db7bcc181140066a094a79a6ac89cfc"
"E6A08645-6F60-4E9E-8993-CCFEAD9A2101","31b98eb55e8b6042c10b1312ebdb4949575ab087cc966ce6b287f22ae8a894c0","retained","3157baec1cd655fc30779b90a067481c1f42058f1938354a4b778f6cd061977b"
"96BCFE23-0DFB-426A-9A3F-3F107B11D0C3","eba56fc8175869d3f8af92e7f6ae0f97695a39cd42a58eaa2eeb5f0177080404","excluded","d6b49cd4aa58c6c16c3a575289fa1a404a0a5de9d2585cc6cad377516fc46c7e"
"680AE4C6-40C0-4F91-A192-02C7102D4F8E","72336301c36c65d3412568ee8f82fb6011c940848c629aaa0a6a512a06028e76","excluded","224f8957a6440c99bf980ab64286bc917e54950aeed20dc8dfaec4f0dc5a83ff"
"680AE4C6-40C0-4F91-A192-02C7102D4F8E","72336301c36c65d3412568ee8f82fb6011c940848c629aaa0a6a512a06028e76","retained","6777af8ffa6d18e7bcd22572fbe37855b90522c506881fad92d9a10c8987e11f"
"4F74DA73-3569-43FA-935F-9BDC1FF9349D","7f629de97f734b54f0dee39465921ab545da09c55ad82c7ca985fe0380d81420","retained","830f35c48374bc245dc602cc9309695afd0aae5b5d2b005af2b251dc3fe54b0f"
"4F74DA73-3569-43FA-935F-9BDC1FF9349D","7f629de97f734b54f0dee39465921ab545da09c55ad82c7ca985fe0380d81420","excluded","a61ff540145347ce3e1184da313b4d6e90cfdd97cdbb5877e1b8d028706724ab"
"4F74DA73-3569-43FA-935F-9BDC1FF9349D","1771328aeb39df67440618cdcca2fb6c1e20f4db6554e75639a8e1336f875967","excluded","c24b42c739ce27e2f9115a114a372f2c6d0c5850789e6b174f1fd609d43bd547"
"4D16FEFC-0D7C-48B3-B2B9-3A7EE0D1B1D3","a5854f063055f386b44b943a8f85117bca25ebdcdca7435b980ad57669dd7121","excluded","cf5da9d9b09c697ee08a1863a41ad81b0a995214bf93d7d37cb13623002bdce4"
"97A81E3A-7469-4B80-8C51-397F0FC283D2","c55761378291f3c3a9c8b359133e74a9b74f9acd28abda8fcc1528211e7cbaa2","excluded","19ac2e5ade3cd7833346206683eb1527957a89eb1b58c7891e38fb965343f030"
"7771A127-760A-4F57-8B5B-4C9FBFEC3F06","f568153696534d3a8fa6a21067da0dbd910c0d75c348c8cc972806d4a5ca40e4","excluded","925bd775b61052222de101c2c1ab16d9e69ffd277069d5d1eae04073d6a5c6e8"
"3F36A0EB-6F2B-4DBD-B513-2C56E9F464BA","776719f508bbbb747cf7bc5cecd327415c10596e22b3a33d71825457880fa0d2","retained","9698e2557e33ed5d6459e55e8e41ac7f0cb61f5b94fcbeba1b0b703a416e7c0d"
"3F36A0EB-6F2B-4DBD-B513-2C56E9F464BA","c1cb6db988f65c0c0db8bab65d25c27c77d15ee9907a8b6511f8030e96e8537b","retained","fd7ab31824cc8660113c3fd0e30879712ca62944b6e6f56f8fbc82d712c8ec1b"
"AF598A3E-102C-44C2-A4FB-3C4E5BA74C2B","42590e2be51493ac68b28ed6844a2de62f43aba8882332d836602e5525ffd332","retained","d8879686bf89cd341ed1f1bc989bb84514efed3a8fd07cf0807b63647c96d078"
"AF598A3E-102C-44C2-A4FB-3C4E5BA74C2B","42590e2be51493ac68b28ed6844a2de62f43aba8882332d836602e5525ffd332","excluded","3103de5303c5b95f81aa557945f1c398308dbf71cb8a70030f8a16749d90ff88"
"8175EC43-D997-421A-9703-B7B74391415C","ca68e2f183d494638c7fd3ff2c1d0ed814b0b8c72881755153c9b8f7ddbbaaa2","excluded","244af87c6f1e82f0aa9b2c2b2bb8c894d3347430616daede475b25622f1f373b"
"8175EC43-D997-421A-9703-B7B74391415C","fda6cc24faf35e94feeb6a2a11c9086c7f2ed5076b156367f8f11fab742701be","excluded","b3ea335ae29fca13ce535981709acfa279098fab99dfeddd1324968718420e57"
"8175EC43-D997-421A-9703-B7B74391415C","1d2e2a16af5331e9106366d84240742954862ff7968e01d37f6bf8fcff5eec30","excluded","1d28ba90c4d7e7c86ddd67aa498a5b288ddf0aca181649126672f9f7116d80d5"
"8175EC43-D997-421A-9703-B7B74391415C","d521d5c5870dce577f0da4ad4ab8f1706b321fadee277e552f988d2493924e71","excluded","a104f041f01a7dac9211ea0bad72c525a4590d0ed416a90b09e8c4b2ee586910"
"8175EC43-D997-421A-9703-B7B74391415C","c2ecf172c23270ddd00ccea26dbaf90e97e1e994ac2f65fac3ef222a1dbf4500","excluded","a2db617867feb73d434b5c2834291a97e5c39516194b9f4332a8e17ee22dd86e"
"9337C3F3-2218-408A-B0A5-8ED153F40693","c8edf1be0c1f2e0a06862e527c35369a24d2017f6b4ab41bd708ded1c525bbbe","retained","e2fb5ec2847370bf227a9cf7ca2cdcddc8ba71edbf4f5d14d0eab57b03af061a"
"9337C3F3-2218-408A-B0A5-8ED153F40693","865729cee57a8404cd5ee53a0290633810f842840fda0dd943338a0c1cf8a96a","retained","eebaaaf35f0a7389563e8fc5be9c3255cd6dd625482ac6f05457ea319e449e8c"
"9337C3F3-2218-408A-B0A5-8ED153F40693","6b427226084532e4a4f01c17759b718a5692d9d5f8689bb73751166bbed3b926","retained","b084fc78f2d6113906a4f28fa281ceb2f6f9630db609a3596f6928b2df462f8e"
"9337C3F3-2218-408A-B0A5-8ED153F40693","6b427226084532e4a4f01c17759b718a5692d9d5f8689bb73751166bbed3b926","excluded","ea7ef709393b72e7e574377da7736b59e746ec980d1c8fa56618e65d3d3640d3"
"9337C3F3-2218-408A-B0A5-8ED153F40693","2eb781ebf82aa89ddf8486dfec7ed8a987996a300c941c441b5c586d271e11ae","excluded","7176832ecd93e8e9cd344795c1118882d13c8c361a9af8c7c73ecc3fed00d335"
"9337C3F3-2218-408A-B0A5-8ED153F40693","f12ccaaef3528ca5f7e7756663e4a8b267ecb769358ce08362d9262ae6b0f02b","excluded","33398a95b0c9dddae55c3182a1c0a0f60e39b0204530f79010c4a1d5128e9791"
"9337C3F3-2218-408A-B0A5-8ED153F40693","f12ccaaef3528ca5f7e7756663e4a8b267ecb769358ce08362d9262ae6b0f02b","unresolved","9a1dbad88a5d990c29db77cb53e927dfd70a754264f196d3c82b0c00e3456d98"
"F4CBB773-E8E1-4CFA-AE08-7152838F9B3E","8c8d1b7560212c611f95952e4fb3443baa8d2dd3eb0def2a8a56321a25a3401e","excluded","1a23f78ebed355f85ef88b8066bf85fcd35339f23ecd5eb0d0675ca3bbcb5983"
"F4CBB773-E8E1-4CFA-AE08-7152838F9B3E","8c8d1b7560212c611f95952e4fb3443baa8d2dd3eb0def2a8a56321a25a3401e","unresolved","c71306c8086a7017495f0959681e01677082decd597c41fcbd6cf1406b033795"
"4386B90C-0FA3-4446-8A4D-21F4E47D353C","1ee75b0859bbd14046be5abc58ca432a26475f83aee5d06002289c4e6c065d27","unresolved","5b127c214a396c7b49b0cdcc4c881321efc7f14f6b780d941f8c8c90ea0dcc01"
"4386B90C-0FA3-4446-8A4D-21F4E47D353C","1ee75b0859bbd14046be5abc58ca432a26475f83aee5d06002289c4e6c065d27","excluded","950324adc3d43639481e44c9857e7565709b1fbf64f5ee73741d98729c77c62b"
"C2B90ABD-2C56-41B7-8669-CA781373834E","a55ae6d540e82518c7db636e9dbb21f42b20070366bb2862cef28dd7953e27ba","unresolved","0d0a7ac29e46f3655ec0f6d1f2002973acd1297c75d2d005737480761bbfae56"
"8391836C-6CE3-431F-A135-4B7A0D6021B9","553961d772a96b4cecfcbd9362252968ed3669a3221408e8a7c010b3eb0039aa","unresolved","029f6908f9c41da7f6b56b723f9402f88a65d8663f6d009f175ee2ffd9b5f3ca"
"8391836C-6CE3-431F-A135-4B7A0D6021B9","553961d772a96b4cecfcbd9362252968ed3669a3221408e8a7c010b3eb0039aa","excluded","a8f76be4214130886e588d70caadc42098646277aa3a1bc78fb7b9afbd2e26c7"
"8391836C-6CE3-431F-A135-4B7A0D6021B9","b82b730ded30ca91c5838e84f2ee91e85516dd5c0e9ecbdb699912ddcf8b10ad","excluded","c33699e7f8cd3b9c19b2bd4af87415713fd6a7cfe4ea880d8baa41535366fcd4"
"483123C3-7913-4D00-A757-0AAA13092C8E","fa34f3dcb7c3052b7e75fe95c142cca2572e3916628e90d7a457232d8d72f0a4","unresolved","39fe61ff8a05c782ef1aecb8955393572428368bf8628c63acb27962bbc4b555"
"BB684107-AA67-498A-B7AC-671250D09630","30c995925e00fad33c492db3c756e5f677050e1c609c7032c8d539ebd74cc3ee","retained","b2c0014f31db184d6ad4eaee7feb927678749d3f066e6a582b7bb1ec4e8ec3d0"
"BB684107-AA67-498A-B7AC-671250D09630","30c995925e00fad33c492db3c756e5f677050e1c609c7032c8d539ebd74cc3ee","excluded","57db92dd557b04e632b8579a680b449d0675ae4ef979521778401b769dc1e1af"
"DEA1E9DA-EB11-4A71-9D1F-8B1D671C1828","311d99add8310f027c12f3c948a59b98ab61d3371cedee71df64763369741931","excluded","704c33bb38b75e84512c9be263182c867713b799fbbfdd9261972627399a6ee8"
"FE4CE6F2-EEE5-416B-B753-D9277B230673","f77f528d5d0e3f52a526ee068af9c4d7d3696dfc24ab66636046cc738198d198","excluded","1de3f0347364ac0de94eac5c0f201e0725534165bb2e0d46afc718bc4e9fe641"
"FE4CE6F2-EEE5-416B-B753-D9277B230673","f77f528d5d0e3f52a526ee068af9c4d7d3696dfc24ab66636046cc738198d198","unresolved","8da91e46fcaacff0ba7d662863fdabd8ae49fdc888c0a3198a1057f336e262aa"
"FE4CE6F2-EEE5-416B-B753-D9277B230673","f77f528d5d0e3f52a526ee068af9c4d7d3696dfc24ab66636046cc738198d198","excluded","51285a846063908bfa43e648b734b233513ec9f638d238de5c15399af04d2f46"
"FE4CE6F2-EEE5-416B-B753-D9277B230673","a33204a54cba219942db014a297fb134e1dae3935e3d6fb50497234b6746b790","excluded","f9ad14d5992a49dc7960692022cf6be75e58426872d7f59350c1133588454a2c"
"6B376492-8E0D-4904-97E4-C1B3A3A1FA15","70da3468822888d1131c47d68e8e41813119bf11f89c826df2c5f8fce705fab5","excluded","42cd25f9e5466afae4dbfa264b1a19904c2d885d2c01265f377da992e4dddaf4"
"3D2C5E81-A62F-4AEF-AA22-30879A2383A3","af0e51a5e5f62be40df006e9420ed56a9e0cd9e65876780ac882c0de01b4fdd5","excluded","0c2420a29b70128262b8b8806114dd815e5b4286e93ee4cb77bd7c65624a449f"
"3D2C5E81-A62F-4AEF-AA22-30879A2383A3","af0e51a5e5f62be40df006e9420ed56a9e0cd9e65876780ac882c0de01b4fdd5","unresolved","fad2253be8a8ee922800914c5c5dc317bc0f499c4165501f4dfa6669d78ca578"
"3D2C5E81-A62F-4AEF-AA22-30879A2383A3","af0e51a5e5f62be40df006e9420ed56a9e0cd9e65876780ac882c0de01b4fdd5","excluded","0e164cc1d137677c494bba363bf66060c75e27e6874b397d19c4e5a1cdc00989"
"3D2C5E81-A62F-4AEF-AA22-30879A2383A3","06b002202e1d22764b8f0924ce0db06830f6c2ffcae2d9ae7b10506ccb9f838b","excluded","218af2686ed4014f4e00a18b9019727e3e89d00efcf6973bd345c17c5d6f4173"
"246CBBF2-2A64-4FA4-8FC1-0B79BF766360","ae165379c0b2e57cfb50cedada06c29b9b7d22c4fb66f5455d8440b58eb5d7cf","retained","35bb8c08bfa735ba2336852b66d113a0fd203157e4fc2a154dd90cb0b5aaa93e"
"246CBBF2-2A64-4FA4-8FC1-0B79BF766360","92504dd09e2d0e7e14e3b0297e34fc128b915dda956171d7993bb4820500d1f5","retained","755a5e9c2930108c0d67fac2b6f4136d600cf49bd8be16eb5034765d534297f1"
"246CBBF2-2A64-4FA4-8FC1-0B79BF766360","92504dd09e2d0e7e14e3b0297e34fc128b915dda956171d7993bb4820500d1f5","excluded","77743a9438e8172f9c39336f93a6899726164db7d1bddf1ea7323b6001a9e8a8"
"246CBBF2-2A64-4FA4-8FC1-0B79BF766360","c0f0d9cef6098f84b666aa1898f42504bedbef5ca1424cdb8f87bca561ee8361","excluded","533acdfbe516fbb8ea1b8b74aea50f3488cd1c5f1388dfb5879c50401da6b93a"
"246CBBF2-2A64-4FA4-8FC1-0B79BF766360","c0f0d9cef6098f84b666aa1898f42504bedbef5ca1424cdb8f87bca561ee8361","retained","05389d74a50ef6b2c748bbc1c7d0f5f9c10d38710819315002f9b0a414c67fda"
"246CBBF2-2A64-4FA4-8FC1-0B79BF766360","c0f0d9cef6098f84b666aa1898f42504bedbef5ca1424cdb8f87bca561ee8361","excluded","a455cb35eb83d639a045cccb911032e765949f9250c269b7996e03c6f2e698cd"
"246CBBF2-2A64-4FA4-8FC1-0B79BF766360","d7e73682539b1e5b735750b779bff6e27e64aed95e2438b5199e2061c633368f","excluded","f104925ad58780f6fcdbbf2e3febb7ec3b73ac9db753d2b482b2d9ae9331ea73"
"4FE2608E-3321-4897-8EFD-7F8B6E9E6C63","311f5a70e98b404bf37721259901a246ec2fc93cc03d23fe18d48a4f1f1abd19","excluded","8e4923fbc0be86bcc50ec43ec00d5cd7b57541de15f6327d8926db6640b84993"
"4FE2608E-3321-4897-8EFD-7F8B6E9E6C63","d24fb90b80d3ba5eb3651c94ec2835330bfe6590377369e0d0224aa174da938d","excluded","2d9b1a2b534f8346d2f61ca3a9a6ab43568308323ce7cd2d6bf1522252bc842c"
"4FE2608E-3321-4897-8EFD-7F8B6E9E6C63","d24fb90b80d3ba5eb3651c94ec2835330bfe6590377369e0d0224aa174da938d","unresolved","def4ebaccc1ba457405ee8ad5e498dcbf1be838ecdbc829beb34589502fae02b"
"4FE2608E-3321-4897-8EFD-7F8B6E9E6C63","d24fb90b80d3ba5eb3651c94ec2835330bfe6590377369e0d0224aa174da938d","excluded","b02244689a89904ea4aa73b151281f73d72d5fb10c72d71fa29b463b2ba554b6"
"4FE2608E-3321-4897-8EFD-7F8B6E9E6C63","d24fb90b80d3ba5eb3651c94ec2835330bfe6590377369e0d0224aa174da938d","unresolved","36c585e1cf2ce37f584269cd8bca2dcb35fbb32f13c33e5947704f9bcf328ef5"
"4FE2608E-3321-4897-8EFD-7F8B6E9E6C63","d24fb90b80d3ba5eb3651c94ec2835330bfe6590377369e0d0224aa174da938d","excluded","cf40bf88e2d9b5286798a5366a5c2e9daa539a316af952697a404b5ad527d82c"
"4FE2608E-3321-4897-8EFD-7F8B6E9E6C63","2e193a3b8798f0ce3511565fbb29f7d740633f03057fd65a79abf20adda5c469","excluded","8172c39025cb4db4a04d2cf0f697952ad62070b0ace0d2a3c03c27c4507c6ea1"
"5E74C1E2-FAB7-4FD2-9C1A-F32FA200810D","b44aa2a97e55172e62e72a049429b7a6e6459b0e0adb04bf9a514ed2e25b2ec9","excluded","36a1f8740e29a34ffc0bc129f921ab7111601f1042a66387a8586fc88fb5ccad"
"5E74C1E2-FAB7-4FD2-9C1A-F32FA200810D","156a3f3ad330dedc019dbecbb97bdbc8b0d7d051143cd94b4fef7086ab40e683","excluded","9570de8b066784e1a2efcb6034d4aad8251e9a1b68faab81e7677a32a032f951"
"24977EB6-401D-4E64-B0ED-3309F9E4C3E7","95cb7f9c944d80ba6b4e6f18222fedfc6a0d689dc11a1d216622a34cec892e64","excluded","ddf18ee1f07da44e3ce61a4716ce3da02593b8f1a4a1960b5ba7d040525f798e"
"24977EB6-401D-4E64-B0ED-3309F9E4C3E7","95cb7f9c944d80ba6b4e6f18222fedfc6a0d689dc11a1d216622a34cec892e64","unresolved","45bb62b74c45303c0f39e272895af14ef55944a80489f25aa338af7f1339bf50"
"24977EB6-401D-4E64-B0ED-3309F9E4C3E7","95cb7f9c944d80ba6b4e6f18222fedfc6a0d689dc11a1d216622a34cec892e64","excluded","7f5ed3838195fab40a911053044c06c9c77607283f4b0e4634cc71d397f90046"
"32B3933A-E4FE-4CC6-A552-8982889D881C","31894ee5c00db62c58c1c204fe72141b99f7610ec9c236eb5cad2c579f5dbc24","excluded","470f3bef07098c4c392e99e5282a53dcf028da627ccde522d3202020e866d773"
"32B3933A-E4FE-4CC6-A552-8982889D881C","31894ee5c00db62c58c1c204fe72141b99f7610ec9c236eb5cad2c579f5dbc24","unresolved","e4ce9dce71155c7357a2e4c1145a73ac2d53054e2c1d1b89f0085964df740b67"
"32B3933A-E4FE-4CC6-A552-8982889D881C","31894ee5c00db62c58c1c204fe72141b99f7610ec9c236eb5cad2c579f5dbc24","excluded","fd187d184e536950348b8574f935221c1579eaf73a0f63e71edc2e2b2f35afb5"
"32B3933A-E4FE-4CC6-A552-8982889D881C","31894ee5c00db62c58c1c204fe72141b99f7610ec9c236eb5cad2c579f5dbc24","unresolved","6bf7c76fb2ec1c63dad595e0b0f6dd3529ebfa9e268d4bfd58bf6d938f58fb45"
"32B3933A-E4FE-4CC6-A552-8982889D881C","31894ee5c00db62c58c1c204fe72141b99f7610ec9c236eb5cad2c579f5dbc24","excluded","8a7cd833602ef14523d8f095d4c9c0dee5349c0235929b11ad11dd8b13aff670"
"32B3933A-E4FE-4CC6-A552-8982889D881C","31894ee5c00db62c58c1c204fe72141b99f7610ec9c236eb5cad2c579f5dbc24","unresolved","42fb0ae19ce6b9c6338c942e5200472dc285555e41da7d5bda33989057e5332e"
"32B3933A-E4FE-4CC6-A552-8982889D881C","31894ee5c00db62c58c1c204fe72141b99f7610ec9c236eb5cad2c579f5dbc24","excluded","bfc138ace463890015d55948b742c2399492ea05bc0232205919d3e832ce6b2d"
"32B3933A-E4FE-4CC6-A552-8982889D881C","31894ee5c00db62c58c1c204fe72141b99f7610ec9c236eb5cad2c579f5dbc24","unresolved","dc171b9cbb1570a921fb41bc07e086f4db39fbb388ef8ad97d5b0f01fd346650"
"32B3933A-E4FE-4CC6-A552-8982889D881C","31894ee5c00db62c58c1c204fe72141b99f7610ec9c236eb5cad2c579f5dbc24","excluded","64b9c00614ecfb2d5fb84f69b860b3f653d999098252f00ab2eb905ae6981dad"
"32B3933A-E4FE-4CC6-A552-8982889D881C","31894ee5c00db62c58c1c204fe72141b99f7610ec9c236eb5cad2c579f5dbc24","unresolved","c5ec1c1a12033d11247e1a7573b16281bc7395c43f7e6b63fbb6d14a657b6a9d"
"32B3933A-E4FE-4CC6-A552-8982889D881C","31894ee5c00db62c58c1c204fe72141b99f7610ec9c236eb5cad2c579f5dbc24","excluded","ee377d265fde566a08a10d5ee41f53ac5f12e215aaa62435dcb204c3106faf62"
"32B3933A-E4FE-4CC6-A552-8982889D881C","d3965439a374b8f1110dd2cdb018b3627c5ef7ae4a9f132176cb486debae4e24","excluded","e18172e5d64ed80686f1ba9a5fd05866de5831cff78da5648690843a6facfdb3"
"813D1419-41FB-4CF8-9497-11AA02821243","3607f2f3412d6570ddac716727e161fc73c9118b53dd7ebf307e24979ae672db","excluded","3d7caa0bda160de365a0c6c488c92817e20f94fcb23b408b71c1a513d3aee625"
"48B234D2-5BB8-4CE7-9CC6-5B9258982D79","aebca6f847a4f00c15d0f4f1be35d5a6e8b33e8bae0ea9003b4d0ed80eadef65","excluded","e10373d9256cff76ee48f5c141cd3f91f8d8b5a5ec5b2d84cdd7d9afe4b0f281"
"61CDD81B-E922-4764-86D5-1B94F4BAD97F","369c897df3fb164e589af56394a3fe492e6178720569ab2f390e4a514891db75","unresolved","4d35dfab4a499106871e9d51f5137aade792f651f67d6ff3b081d87b84b7c02e"
"61CDD81B-E922-4764-86D5-1B94F4BAD97F","369c897df3fb164e589af56394a3fe492e6178720569ab2f390e4a514891db75","excluded","077ca988a52dcb7e35090751ee344cb59dbb22888ac3041b857dd5d37edb893f"
"741DCB4A-F4E0-44EE-BEA4-452127553F65","526a63ec1f38baf54c6752770c883f79af72476995a9ccfed31c83446db53560","unresolved","2eed7822e87b4c0ea6ad0eb0c497dde187c64b00be26683116d057e38b8602c0"
"741DCB4A-F4E0-44EE-BEA4-452127553F65","526a63ec1f38baf54c6752770c883f79af72476995a9ccfed31c83446db53560","excluded","9fd9f1475a7384b0a45e2bbfe457092b5433391c15cbbb5fb56e60da5f50c913"
"5DF3B79E-446A-4F6F-995C-EA5F686AE313","a0669d4c4ff690315c283d48187cfb98d0abbd400c820289775b3b54ef8f482e","retained","a1627673e66d17ebd1ce3523553575c2dd06b0365cb486cd34d1905bdafb8d43"
"5DF3B79E-446A-4F6F-995C-EA5F686AE313","dd8567574e2150d6709685d673ea98581a2a448eb883ff10971ecc015b33dcbb","retained","dd8567574e2150d6709685d673ea98581a2a448eb883ff10971ecc015b33dcbb"
"7BAED008-99EB-4FBF-B287-88C25B794E6E","094930f87f5e028a48423f7645a8f828d378a5d5963737b7316ecbd3a9eb17c0","retained","a17b278de1c4214e101394b5c3bcb03cc0e0e19bd196753f9d3da08747081179"
"86AA1516-58F6-41B6-84B0-5294F78585E9","9aa745b0e8692b7819c75ca7126392facae7157ed122a6fcdb767447ffb7c4b7","retained","6f83abe6dcab2b17bbea487ac44d625f6948261b348b70c52216cb24bfb34407"
"713DE1CA-CEEE-439F-9FFA-BC2BD7D71FC0","c15e62d752bf63b9e180aa71420f4da70e87bdbb04d83354c4c2535e6e1dc264","retained","e9d234f538c7b1f67fca74defc71f6383a069dc7f414be31cb0063c5019d33fc"
"713DE1CA-CEEE-439F-9FFA-BC2BD7D71FC0","9ce50460185d73e884d6e50965b7c894f122e11912edf2e0e33f5495a9ccbf5f","retained","246d21f1a935fdda651c5328e749fd6c539f916aff6f62ce0461a02c3f81e37b"
"713DE1CA-CEEE-439F-9FFA-BC2BD7D71FC0","9a5a9446b90434844b5ac53377bcce2401595d613b00c5054cb8b53b7769cc79","retained","2d427575d04645872aedc227f4b2b35da986a0a7054e6439e994b01e00c44372"
"713DE1CA-CEEE-439F-9FFA-BC2BD7D71FC0","21ca7c4e5f48ca857909ddec830a488a646b5ebfc710c86260086cd1f793611f","retained","43c92b77fbdd35d6b806542f02af68bb2fa3a3db4fc8d73cf4cc707497928525"
"713DE1CA-CEEE-439F-9FFA-BC2BD7D71FC0","758acb2beea8649ae8674dfb271b8114ab6f41dc3b6731df3ee31e71c42a3279","retained","0bdd6fd20042f226abb3ab2987419a17bb42a117bf4e3b79172a80b717b8d6cd"
"713DE1CA-CEEE-439F-9FFA-BC2BD7D71FC0","4dbaa8edc1280858a89311000fe31cc2a00395bb59b5e66735cc34cf13db4271","retained","79c306fab5f18d56d3f6bc9cfb8a19fcfa176ed51741c9df48bd1d4983bedce1"
"713DE1CA-CEEE-439F-9FFA-BC2BD7D71FC0","4dbaa8edc1280858a89311000fe31cc2a00395bb59b5e66735cc34cf13db4271","excluded","6575a27e8bde6b8c48fde942c1a5d3d940cd1e632f2ea604eb2d4dbf55783053"
"877ADF7A-283F-46D7-9461-9FF67BBF99D3","b37751c553ae6a2774e786d45cb51259b12bf2c8b2e322ec07a3c8a80e25cf79","excluded","d131067550fa9934827cf1e582af5684cf657db2d3f4aea752ae92c2f1b4166f"
"F471F18D-5F0A-4021-9D20-3D1F09B183B7","c66ee6057ca40bb91bbcfaebff56e841fa68dff91c6aad60fdd311fe90cac474","retained","7ca64d3c638980433f2fe0ecd119ed1831542e6863c0fde4c430382523a7b479"
"F471F18D-5F0A-4021-9D20-3D1F09B183B7","c66ee6057ca40bb91bbcfaebff56e841fa68dff91c6aad60fdd311fe90cac474","excluded","762f9b00d4f45eced67b5dfe5c8b9fb73b70943deb26a7a215c19a56424d8a91"
"740B04E5-2241-4478-B524-681892510797","9c850b7f3ee7ff330dbee27739678e38e3d180dd6feaca9f52775c1f51cda18e","excluded","235da1e672d9f4f68deb9f84380d87c03fca24202742a9c74f35f3626a8eede3"
"23C3DA9B-7D8A-4CA5-BC96-F60AB4066532","507457e3ef47b79c73c00ebf29b380890e8b4e92a999479a3bc8bd2ed02657ee","retained","cfa12a2e46bf0afed9a006ce320276648f41640e2327e7f5cb4d9454d6787c10"
"23C3DA9B-7D8A-4CA5-BC96-F60AB4066532","a483866a087341c9819d36c4141dd2e1a3af6577082a94fa7bc7bbc91dc7423c","retained","220a812386b6cd281752f569358f3950f4c0bdbd0d3e9e28702730a9f1ad329b"
"23C3DA9B-7D8A-4CA5-BC96-F60AB4066532","a483866a087341c9819d36c4141dd2e1a3af6577082a94fa7bc7bbc91dc7423c","unresolved","3fb605b41f024269accdeef5470ea6a02ab24411079c3d1f9eb5d971c17f0af0"
"23C3DA9B-7D8A-4CA5-BC96-F60AB4066532","a483866a087341c9819d36c4141dd2e1a3af6577082a94fa7bc7bbc91dc7423c","retained","9cfd7c99f47736a25e40686f2010028f277a96050e5d20f92d8006547d927411"
"23C3DA9B-7D8A-4CA5-BC96-F60AB4066532","17da1c06ac2c69b0a65f9c225f92993c17418563d6e30f510fa7ae78b7ee5e5b","retained","a271f815bf09677cde119b687977e94cba5533fc45882f81281b4b09db3065d1"
"F6E8D55B-2CCD-4626-9905-86F42524235D","cfddce81d01fdf77fd6c28837d6d9e9c93b73cddf17051efb37e5e74de8a2290","retained","efc45fd511a693f03d240148574e07d0aa1effc9ef10f0ecf9700bb9e3fe0750"
"281DD0C7-8569-46DE-A5FA-FF83194AD69F","d5c8835ea62f91b6110a2569f36c48c604c2f95c9dcf64fb2128c05a7fa4a3e0","retained","2e3e071e05d1452aa3921fc2978ec0b6c9780de4630f3bf97917b5231b756896"
"CC563EDD-AD89-4838-821A-C0EBD4590987","7fd3fdbb64ba07354396c462e2615a23951c40bb9305e1bda15c0a058f11579a","retained","4dcaddde1af88bd677beb0c4c67aa54f355fd30f7b14ac9ddfbd92fbc230eeae"
"CC563EDD-AD89-4838-821A-C0EBD4590987","38ff4700f7540a235cc547310adc922c2b4d80fed017f286eff2f566b42b5cd8","retained","f93549f4c2dc2277e2a015582df7e84b25190c664b34f9baaf9b50594b7ffc79"
"CC563EDD-AD89-4838-821A-C0EBD4590987","1b5bea2f9f72ccb8bf029a1353ce5eeaa31fe021330a6bb946a07593cafcf991","retained","958dba5c5bb5ca7bc40ce5c3ffd6c01dcf4799ab1429ee7e2d20042174bb58dd"
"57307156-6FEA-466E-B4B7-E1658BF3EEF1","8f7bc6e5c5fbaea4810ed8d51cbad59bdaec0faa841d6d8d6a28de96a8f2dd4a","retained","ab99eaed6e303bd80d7cc12e2730037c723890b5184edb82be1bd87c166fdb41"
"57307156-6FEA-466E-B4B7-E1658BF3EEF1","8f7bc6e5c5fbaea4810ed8d51cbad59bdaec0faa841d6d8d6a28de96a8f2dd4a","unresolved","1914a733a11c83dcfde6d207c538a27ac92850713a514711655df6cc54864ae9"
"57307156-6FEA-466E-B4B7-E1658BF3EEF1","8f7bc6e5c5fbaea4810ed8d51cbad59bdaec0faa841d6d8d6a28de96a8f2dd4a","retained","ceba3f1a5f0db59b7f5e72af41fb82ebf61e7df07a37b03d01f8000c06c8d9a3"
"06C4C7D5-66A7-4D08-8C0A-DA9D7421BFFA","23cf7b005538694c17281f1dd4fc8817792619ff10e22bef116b1af4cb83042c","retained","42e9ecfc14e32b201b54934bf43af47e1bd9d4c1e5313272bef70085ba1fd37b"
"06C4C7D5-66A7-4D08-8C0A-DA9D7421BFFA","23cf7b005538694c17281f1dd4fc8817792619ff10e22bef116b1af4cb83042c","unresolved","d4989602e5c6c81081bc9c9eb7bb015c44fa1213d144acf61d2e3d65afc012b4"
"06C4C7D5-66A7-4D08-8C0A-DA9D7421BFFA","23cf7b005538694c17281f1dd4fc8817792619ff10e22bef116b1af4cb83042c","retained","ae155e9b1901c00df72bd53fadf141b6aefa52998938e4546fec6133a9e7b203"
"4FF0D20E-28C0-4DF8-996E-A74C88EF295D","6cd9b4d1d566aeac5fe00f0dfc191605abce010c7b8eee627d5ee1db403c9885","retained","f8fa0168c85f946a7da9b0c495dade1d726a0fa7aeae7d0886a7e6a2972f6b6b"
"E240094F-4BA3-4CF4-8C57-DBAFC80CDD6F","1b5dd04347fe6d635b58aecb24a7555c881c919dc2376469871affe4cc5312b2","retained","276eaebf70a9bdc9b20e43fe82a73142bec7804ca586d42b58e81cb72c0efc3e"
"E240094F-4BA3-4CF4-8C57-DBAFC80CDD6F","1b5dd04347fe6d635b58aecb24a7555c881c919dc2376469871affe4cc5312b2","unresolved","1b416abd0147298ab93999c73360da97792ae09e0ca216875b479ec44ae71ea2"
"E240094F-4BA3-4CF4-8C57-DBAFC80CDD6F","1b5dd04347fe6d635b58aecb24a7555c881c919dc2376469871affe4cc5312b2","retained","4e1e1ecaf9f2c66150a3620f1fb3d8ed55545dac0bd7969bcf62838dfb591fc2"
"E240094F-4BA3-4CF4-8C57-DBAFC80CDD6F","8abeab2418ba996e07f5d903f923d5f38240722eda656721dcb67b26847bf171","retained","4c09df880923323e75a2172a9d60b2fdbbe8983d7fc03c7501ca096e42cbebb0"
"E240094F-4BA3-4CF4-8C57-DBAFC80CDD6F","12133e188f8e63a8b55a7fa11a20f7e9e697c82b09a6778d99f2ecc0ba447836","retained","e5fa3894f37d5caa6cdce2cf894979a75c805be0f6bd0304ffe4074b31607f02"
"5CF656DB-BD1C-45F6-813D-40D5BB2B770B","364e774630edeabe9c0c389d9811a13c15e14f491d86d51f683c98d0a07322ed","retained","d7d19bf1d663409fe8e91c46a23909a3a93af7a1d965d42caac27896c6923ed6"
"8DF56514-4EFB-4661-AFC5-DE4E7A848366","511f47de01bb0f9a6bac20b33b9b849386898c22e8741bc27c9a7a65d868c32e","retained","6cc10cafa8f0bcff0eeea6387d0f531ab8c03eeadc03201088d2ba224953094e"
"08AE8720-02AF-4348-9A33-E9CA82FEC641","f6444f0c91e858c40e77ae2c39a7e8cd3b14a2aa3d9e8f29f2c7995c33dfe71b","retained","a6e0c02465419dfe7708b60f04e89051b0f609d619716e83d7466c2a341d9aad"
"08AE8720-02AF-4348-9A33-E9CA82FEC641","f6444f0c91e858c40e77ae2c39a7e8cd3b14a2aa3d9e8f29f2c7995c33dfe71b","unresolved","68e8fc0597f4790db1328be29015d579bb9b801e96849bef305b052177e4ba01"
"08AE8720-02AF-4348-9A33-E9CA82FEC641","f6444f0c91e858c40e77ae2c39a7e8cd3b14a2aa3d9e8f29f2c7995c33dfe71b","retained","695b5cfe5a1a810c7810f19c7c6469b3e1d48114576bd41b4519ba74f6961f20"
"A572E2CB-8A8D-4362-B1C1-BEADB24DF984","0fe55d61938344f02f5aa356942da7d4460b49762f63befd2fdd3f3cef10941e","retained","707467ded46952692148e8b43b13bc601895e2c0cb6360375d755873d31eba98"
"F93E6A32-A897-4E37-B836-AB1731BC4419","c77bcb5b058b0aec02c241e6dd18d5da94976a481afca86394ceb73adf7847f8","retained","917b4a528c08dc9ca886bf8166878904b8fb91527611c7d8bc145f0157569389"
"35AD4DC9-9145-42BE-ACFE-FBF1826E3FD1","cfdd06992c8aff6b1684b3f477599c4eff839cc7ff69573450656999940b750a","retained","7598c389e776cb8dec6f1aeab59a32de782734789939c6fdf7e3c1bd77d515c7"
"E8783445-4AD3-4018-AA1A-F799ED3C76BB","c2ff94ec51e9dccb7573dceacb5cb167651d34937f5b27f1db7fb27897b68216","retained","b0e32e3b3cb6615a6a51acf542d0cbea4d90d0bc614d96a4e99407aa1a362b0f"
"B28D630B-5B49-43C6-B0B4-8DCC1F99E581","e1269559b0871330e8c282ca83c666006948118ae2a06fc8cc8bb76d759e3946","retained","172d0cc119395fd1e1746945864291758fb2bbd988fce44dad2c51d0b6133968"
"B28D630B-5B49-43C6-B0B4-8DCC1F99E581","6dac645c61f4b8b139930cecf272acd1ec52afc7d7c7e5743ac57b3d5cfd9e68","retained","f6d7e489cc39899e7f0c01fb989b92041433e078729cea204786f95cea380ab1"
"BA375A06-0C5C-47E3-8270-6EA037BDB76F","3f20ae5fe0b80ad540756946d66854bdf8be8e38a8e21ce24bea0fa9d7e934d1","retained","ec62ce28418c608f7ab82e0c21749f35449b331b297b47d0a29ef2ca461e3bfe"
"8B7BF3BD-2DED-4F0D-A4B0-3C44979AB6A0","abedbd15e6f1b4e9ba09b2fda829e0c82c15c3552047e91123b5b572354a24e1","retained","4d49cfd93527513bfa2c133b5ab834adf04d593402a257a2b22bb5c1d3e037ba"
"EEC7C5E5-250F-4444-AFC5-DA6B0AE141E0","be58f5c14a935552f91a5a815e3a9e6a2fac41a96a221555a93a6ce50ecaba8e","retained","8bd3c5036a6f3856c953e8d2600b7bfb81a319ec07dbfbad5e4d877ff3a89ead"
"A90A864C-7D09-4291-976F-121974251942","23cf89dc76302c0d529bb47616309d97156b56f74d7bcfe03658a1489faefa98","retained","24e0919fa7d07f6deb1bb7aa9b0f86821d14512b5b0b54a23a0a16818ab2ad5c"
"4B812679-6475-4663-8502-3D7B495D0E76","f55fb53383f111a415c01409301751bbe46cc082bc7859e931fbc6b0b2421ac9","retained","03b0a2d89151ccfb571bd5c0f89f42d451f63244ea113c7076804dc166e0d343"
"4B812679-6475-4663-8502-3D7B495D0E76","dba938039add510f59f46ba647c9f3d12482b305883d241c3b820c6c10c6e022","retained","2b5cda8b208602b36e6ae3c2a6293b2b819775789b651c6d9b467b8d5a15f925"
"2D1F0F64-1C79-4BF8-86DE-2EE9FA9ED251","77b4b8dc3fc22471e9a764ef3afa236a165d6c80e3bca8d376da37d3799ba74d","retained","cf7bd24d4f94ca9fbd352b121cafe9809000b86386737131031bd6b2f9b75e5d"
"2D1F0F64-1C79-4BF8-86DE-2EE9FA9ED251","535467f352370d25b167dc06ccfa1e889e2409665bc909fe7c536f3bc7e9e27e","retained","ff0315152e8aaac6e9cb9e2afffbadd6e34c0c7cef136c5b6f65554461b61d75"
"2D1F0F64-1C79-4BF8-86DE-2EE9FA9ED251","911c0995c56fad897610a5976651d95338e760d446819141f90163fdb7d403e8","retained","cf126413d62560c108e97c6c169edfb0ce430f59ebaa1bdf928d44294f8517a8"
"2D1F0F64-1C79-4BF8-86DE-2EE9FA9ED251","33beb5b24b392bd70595604eecba427caf3161395421c0f4784f08bf0b0d7a02","retained","fe5b8eb9b85a0e3a0276c04bcafd441db160eb7395c7c788287d35e1f9b023d4"
"2661A1F5-1F69-42E7-97CC-872C13776B65","c28ef09a06f4f749b1ce057a883ff0b4f13fc176e7c5ff3a1b089e627f1a95e7","retained","05028e95a0013e5807de516dbc3a904e07392d8cadca292a2cdca8b57cc3845d"
"2661A1F5-1F69-42E7-97CC-872C13776B65","c28ef09a06f4f749b1ce057a883ff0b4f13fc176e7c5ff3a1b089e627f1a95e7","unresolved","a7522674814b3909d5938f695d7a0f543dd4d3d9665cf17a162752a8f8b4092b"
"2661A1F5-1F69-42E7-97CC-872C13776B65","c28ef09a06f4f749b1ce057a883ff0b4f13fc176e7c5ff3a1b089e627f1a95e7","retained","68eb203a6a1760b0c0db821e8609b9b85508ab5cf70f65d9d8638a2183e4c820"
"2661A1F5-1F69-42E7-97CC-872C13776B65","bfd81dcb4032f30dac1f39d110eab049eb5739a2c4c98a82bddd1bcad1042629","retained","1e129d3c5bceeda853ce81e6963810733ec253bfe5e07bce1ca87ec67b518cb5"
"2661A1F5-1F69-42E7-97CC-872C13776B65","c902763ab4cd42bb9500d5a22f627a0fc330a5a214f2cef63ed6001a9cf7bddd","retained","7e6e465e67efdb3551c6cab99809cbafec79b3900130e7d342c6adc8f065d7ab"
"2661A1F5-1F69-42E7-97CC-872C13776B65","c902763ab4cd42bb9500d5a22f627a0fc330a5a214f2cef63ed6001a9cf7bddd","unresolved","3c201f00815f0199bd83e9d698ce1b9f60de2ed88464692c48970885aa0d5635"
"2661A1F5-1F69-42E7-97CC-872C13776B65","c902763ab4cd42bb9500d5a22f627a0fc330a5a214f2cef63ed6001a9cf7bddd","retained","a90cbef5015bdd7f1b0192fe2bceeb9760d6e0cec9a2d3ed5f93320be444fb8e"
"88155062-7D76-4A7C-9C01-9D10E58F0BEA","c7c941267bcbeac0bd364819d488f5508e9073de9e586a5716064aa4cc8fe12a","retained","b7ae19711f0ce84d379172bed58bca7fb2afc2173847cac314b449bdc3e39576"
"88155062-7D76-4A7C-9C01-9D10E58F0BEA","42d60a39aaa2b38e496101f0464a0fff38d91a78d0b4474648912522474c7be0","retained","ff81d604be3f96c02707e737345efbc74215ccc392595e320dad9a7c1242879a"
"398E08D2-99B3-4AFF-BB1F-F3E4A078F070","818bea92c08fbc48c50446bd0f46c9f5775847988bfc45212bafd4306dfb272a","retained","d958f2e22d1467f4e39c73e6f47e02f0473e909f5cbcff330ee092e997ccddf0"
"82846275-CF58-42A2-A640-B420A8383F86","9632c8011d719b582acd9a835b9e3ed37c62f3bd45560e522cbd46dd1011bc65","retained","8f7243a61e28db66006cad5b21572a5dac76c1bd3dd6ab00ce028f89a8cc4c5f"
"362C336B-4A27-46BF-8423-F57805C2D9CF","2328424f29d9e7dc593cff7e71b3511489f9aba8c57655f002c1ef5ffca8eeed","retained","b222e2caeeccc8c86e11fb2880cc11af8230f51867a4b563160ff32687269fe7"
"362C336B-4A27-46BF-8423-F57805C2D9CF","c124666caf66a03fde1338f6be39e37b46dd3b01e7b3d282f87a722bdcf77338","retained","3306c96814d4384c5051e50f80efd1f1df4f60d79cfc4e764876e7fa55811d96"
"2FBCF04E-6125-44D3-B3F2-074208E1F3FF","e2ade0736012141dd484c9e294480b2c435f7f7c1da2d0d2080d9b36c4bc43af","excluded","0685a45bd2ed4f4a61786e656acc74fe87db98a189e9bd7eb251c9dcba4d338c"
"733368CE-3FD5-423C-8B09-CFC68385008B","0a3d9cad3ab4782869fd57f63987cb5465185581b91a20713ccb9a9be84621d3","excluded","b8f962339bc4de70b3599e3fa811c0d164bb654d5477bdf083a7f95c7f840b95"
"733368CE-3FD5-423C-8B09-CFC68385008B","0a3d9cad3ab4782869fd57f63987cb5465185581b91a20713ccb9a9be84621d3","retained","424a58a68556ebb5dafe772b3d52accbfc43ccc987f7dbfae0a87f51390525cc"
"733368CE-3FD5-423C-8B09-CFC68385008B","39951917940a0b53f69e32a1432906667e1594c6b2979d41f8e1c8f03aac7564","retained","055b143eba50c9e31afbde76d6bccdba1c305e4ad7fe2d1606406e21de72c8fa"
"4C5BB8D0-DA78-4C73-A399-1BF0B62BC708","9972e010ec4ece1de72ac1d52b83fdd87fde6dec1e904d9dd2f6cf2582521a6a","excluded","af96e23c1d81df2136abad29cebfae5abd0bd9a0a8fd2157c502edc1d720febf"
"228C6414-4697-4029-9C81-06E9F2C54341","e3a92eb2b414ad667ed905471c896e106709028bf0fef4a5896d7c102616d7b0","excluded","5a2cb3cf3a6e86b71d00a66c243b3d7cba62abc9caffac6e56a6cbbc232bc8b9"
"228C6414-4697-4029-9C81-06E9F2C54341","e3a92eb2b414ad667ed905471c896e106709028bf0fef4a5896d7c102616d7b0","retained","b67457c097a1bbbbe3849173d2ee24cc2ecc3bef7109c83ed123140faf41fa63"
"3915B491-344D-41BA-B076-F09CE2783EFF","ba9c01437e75ceb176930e74b7870ca73edb08eb61233acccd60bcb417c9846b","retained","144a277dd142feb65ede5ae7291b21c948a7a73acecaaa214dac9d1c55e33a58"
"3915B491-344D-41BA-B076-F09CE2783EFF","ba9c01437e75ceb176930e74b7870ca73edb08eb61233acccd60bcb417c9846b","excluded","f1f0e48b64ae8d56f01354e698cb91311f5c3de10cbb54e6e29598311502e7e5"
"51BD79D1-287D-4385-BBD2-3F87957D158D","b84b62ab4fff384516a852865281e915972666c40833798de7ac38882f0d1dbf","excluded","0341687afd2212730804f1221eb643270c04fbfb32325564a9df5f35edeaea6e"
"51BD79D1-287D-4385-BBD2-3F87957D158D","b84b62ab4fff384516a852865281e915972666c40833798de7ac38882f0d1dbf","retained","d7d5d42f6d36cbdef0ae351d1d6104abd9aab46f97c081616a1f22e3ab6484c2"
"51BD79D1-287D-4385-BBD2-3F87957D158D","a4af7e83bb2241f3edf653bfcb93bee41422e58a7bdba35d8629312bed86ae9b","retained","2b3f3b8617e6531294982df5041141ce63179918a9693948d2f925123ef7cfb0"
"51BD79D1-287D-4385-BBD2-3F87957D158D","a4af7e83bb2241f3edf653bfcb93bee41422e58a7bdba35d8629312bed86ae9b","excluded","365a17e6f07c96a10bd0682c6972627307a79fa3cc0d6de3a084abe835ed02fe"
"51BD79D1-287D-4385-BBD2-3F87957D158D","df2427f3568d009620fdbc01c72f27a804d02e42439741b64d8ef0c3e654a5d7","excluded","418787bf5964c5b9e695945270558cbe7a6d95b4730b414a6a7c6f3a72add184"
"51BD79D1-287D-4385-BBD2-3F87957D158D","df2427f3568d009620fdbc01c72f27a804d02e42439741b64d8ef0c3e654a5d7","retained","49432023271b07958e63c8a54f8fe8a58fe661dabddfdfa77f9f51516a004bad"
"51BD79D1-287D-4385-BBD2-3F87957D158D","df2427f3568d009620fdbc01c72f27a804d02e42439741b64d8ef0c3e654a5d7","excluded","0dce30302c1e874ec788b4120df38dff391dcfce7c39b335471016181e92f910"
"51BD79D1-287D-4385-BBD2-3F87957D158D","df2427f3568d009620fdbc01c72f27a804d02e42439741b64d8ef0c3e654a5d7","retained","7bbfceffee553d031a827b67971183b200a2c2324ca9ff1d83c7f724d51d7aff"
"51BD79D1-287D-4385-BBD2-3F87957D158D","96bac354162ff984f8017811a05a47d88b23714bd1a09598b2365b9956136d2d","retained","f9291f785fbf6b5d3b8a6ac2cb4b27827dbb36aad5bdf32bb670a9b26e2c0290"
"51BD79D1-287D-4385-BBD2-3F87957D158D","96bac354162ff984f8017811a05a47d88b23714bd1a09598b2365b9956136d2d","excluded","87f0d85c422ecda73310d282189d4cc508997b1aa8ba78f132f6251c2f23f6a8"
"47CE57CC-0E87-4EDD-9CEB-0B510A5C13C8","c7313956b9a3366d32d63adb0d832f288c2e6914ae2e2f3247ea753b48439f5b","excluded","b62a604b3ab84c25a1688f8a7440d525f383a7acc676c36aadbc1427bd90fb24"
"47CE57CC-0E87-4EDD-9CEB-0B510A5C13C8","71efa6aad00a3c5b2fe34b91b2d7c0eb3405050572862e5be1a786f951ed9f21","excluded","77cb3dba80d4765e3dd166e7e62d3816664797fc013c4c31c3bece409891a4b6"
"47CE57CC-0E87-4EDD-9CEB-0B510A5C13C8","c427146bea756bc51b728ed4039349a50cad51df1a11381922e9ef2d1f047a4e","excluded","f0febfbfde80ea5a1da8284c4837ab5b846833f8492cab071b82d3bedbd2d5a6"
"47CE57CC-0E87-4EDD-9CEB-0B510A5C13C8","c427146bea756bc51b728ed4039349a50cad51df1a11381922e9ef2d1f047a4e","unresolved","4ba91dbaa6beb8e09c6884489849300495aa920bfb0a362007aae87b67a68ce8"
"47CE57CC-0E87-4EDD-9CEB-0B510A5C13C8","c427146bea756bc51b728ed4039349a50cad51df1a11381922e9ef2d1f047a4e","excluded","3374d3a851d65001df0488d81e905f45f99dc3408d6f8eecaff6a59772a5dfea"
"47CE57CC-0E87-4EDD-9CEB-0B510A5C13C8","b93b98d45201cd6bc91875c4d4f676f890f668e66bf71aa3fcada103c940cf87","excluded","dbbaed41817f73151033e2bdd70e5cb5417ed14c61a834e9d7942b6c0de00590"
"47CE57CC-0E87-4EDD-9CEB-0B510A5C13C8","908fd4b399a9947cb5e4287f8d072bf4a77fb9cc5b585bd5dcb9490acfe45929","excluded","21e583463f6291078f3835f6a43c80d2141f2058ca5ce875b38f8af997f88846"
"47CE57CC-0E87-4EDD-9CEB-0B510A5C13C8","fbe08af8dd046eed2300819a191a8a615c909ac6b739eec4bc772cdadda8a2d2","excluded","871ca41ce8438ea7beb1d790a47d8f96a6fb3a7eafde27ce98fe357f401c94ab"
"47CE57CC-0E87-4EDD-9CEB-0B510A5C13C8","fbe08af8dd046eed2300819a191a8a615c909ac6b739eec4bc772cdadda8a2d2","unresolved","a06087599bed65babc4fb70c0e39e417dcf01e4dccf4937a1317998bb731895f"
"47CE57CC-0E87-4EDD-9CEB-0B510A5C13C8","fbe08af8dd046eed2300819a191a8a615c909ac6b739eec4bc772cdadda8a2d2","excluded","55395908df6be6360c80b7dd3610816cfe2d614eca5cff2bb5c4dc2f0fd23095"
"47CE57CC-0E87-4EDD-9CEB-0B510A5C13C8","0046577c4c905182393845da65f80c61bd889e53c671605b092c27b95d7de215","excluded","82fc4270812f6ca3cbbe2063589180df7e799ed3e3b5363f1cf072f6ec365b06"
"47CE57CC-0E87-4EDD-9CEB-0B510A5C13C8","5dec69bf339cdc66cc4afc72700de0f6f847a6ab1a397645bb328d58087f98bc","excluded","205961883d91bc27585bc712ec8e2502db76b87b878885246a0ffaf1e2ba7994"
"47CE57CC-0E87-4EDD-9CEB-0B510A5C13C8","2e30f9bf7d49f497e8be076c270781c4adc6da134245edbface213721dd5cb72","excluded","2d39fa3c6d6e58c25bab6f8509b360a1093a23644136b1ce79dc05ac32280987"
"47CE57CC-0E87-4EDD-9CEB-0B510A5C13C8","385f0bf7ee4cf6642bae1ec674fe10c67f87bad3b6f16867d033fcb3e360888d","excluded","86283f0c625479a4752dccf23588e6f2570fff4de95f8a8d0afe0d1e058f883f"
"47CE57CC-0E87-4EDD-9CEB-0B510A5C13C8","0dfb934cb931012e734ac596b1f97151b84a246a195f0e360de23f7a136d8ec5","excluded","5486b48205e0d739767ac89e6167600621eff52fc1862e0d7bb2598e5d321eec"
"47CE57CC-0E87-4EDD-9CEB-0B510A5C13C8","1e1e0ff88e425b2f16a1b82640842e240bd3874e4545e7744e46c5ba27efe94d","excluded","6f2777212d30d0d54702e8729cea63079b7621ec2dc270993bb7741feaf198da"
"67B21FC3-D61B-407B-A478-A308D707ADE1","a88cf907cfd6864f642394e493b2eac5b7c7a712b58c7a13fed8331468f1b212","excluded","25d93b3fef8c6f27d145d26c42be8a2aa4100c157105048c6fcc7aa60d21125d"
"9E0C2E95-4D9E-49D1-8DF4-2A8F43DA8EC2","4197afe259bc5a5ce380d11b6ba5283c3c43502bcb66042b4dd14dcc0d9a23b0","retained","7b3d5a5503bff0b5495be098a3dd29d02f6d208a1b83b298807f6ba84aa2fd60"
"9E0C2E95-4D9E-49D1-8DF4-2A8F43DA8EC2","b1cd0818863bd09eeadee0d39b500cb3bd0af36f6757647ea499209795272448","retained","f2e22bf0202997135a15564d21330170320ee1a61fada14f742b18111a5230d1"
"9E0C2E95-4D9E-49D1-8DF4-2A8F43DA8EC2","8a97fa321b4c76be12c2f0cae519c88d0079c7dbd9c60c62c0f16098879821d0","retained","70364ddd80f17486957fac51acfb8a27dc0c0c097bd761c8cc9a81841995a7c4"
"9E0C2E95-4D9E-49D1-8DF4-2A8F43DA8EC2","8a97fa321b4c76be12c2f0cae519c88d0079c7dbd9c60c62c0f16098879821d0","excluded","92b9c2c73a0a8965960393fe3b44134e9fce5f6f92cfe73545686babb8d3ed96"
"55D9C664-7CA1-4DCD-9EED-5519168E0648","19dcffbcd6ccb6558cdb035af0858806631dd865e66ad1fe908d134b65c3fc21","excluded","d0851f6cefb75f38ebbc1dde2de5c9b12865495d719498c121df2958ed884305"
"55D9C664-7CA1-4DCD-9EED-5519168E0648","ddcfded56c7502b0295d436151e887957298006d4827e54cee7b014c503a0be6","excluded","a7d51813f0d3ae8f4e1c99487b4bcaeaa39c061568442075c0f249bf403d5520"
"9566BF6B-AF5D-4077-AA41-C14012DCDEF4","64624f28a171ee91c7f00a477e6166826774211b9c4b73fc6a40b2c0f8db7483","excluded","cae3ba3048235850cc6e0c19d555e8aa72d742755e733bf9cd668c0182dc5bc8"
"9566BF6B-AF5D-4077-AA41-C14012DCDEF4","64624f28a171ee91c7f00a477e6166826774211b9c4b73fc6a40b2c0f8db7483","retained","c858c4caa382debe987a1ccc5e9afee6d100c46c5585c76aeb121f7f2c79cba6"
"9566BF6B-AF5D-4077-AA41-C14012DCDEF4","64624f28a171ee91c7f00a477e6166826774211b9c4b73fc6a40b2c0f8db7483","excluded","667fcfeb7f7d90eb4b3a70e6ef0533be02ea24aa6d1291eda056dda7a24a88a2"
"9566BF6B-AF5D-4077-AA41-C14012DCDEF4","99c1a19c8c35dabe3def12cdc3a7b728ecd678a0e6c132318eff1223867d80fb","excluded","2a085e938cafbb5ee727897005eafe128ccc0952a3498abe5ed55848d615ff1e"
"9566BF6B-AF5D-4077-AA41-C14012DCDEF4","99c1a19c8c35dabe3def12cdc3a7b728ecd678a0e6c132318eff1223867d80fb","retained","8824ae80cb6af9c4afa2f1a7c1dc4ea77ec96309c64ca81f47a67a6fc4571f9f"
"9566BF6B-AF5D-4077-AA41-C14012DCDEF4","b4c10b5eb22ee7da886c049f41d64728bfb04d4327058a5c3474fbb3daf5c39b","retained","7cedc0f76c3abf53d4455eb624a20c4122a792ed0f130b428cb615d6a3437c7c"
"9566BF6B-AF5D-4077-AA41-C14012DCDEF4","b4c10b5eb22ee7da886c049f41d64728bfb04d4327058a5c3474fbb3daf5c39b","excluded","c50d1e42d36d86c5bc519a60952a94b3b478eb28ed40a25da35e987c27014786"
"9566BF6B-AF5D-4077-AA41-C14012DCDEF4","b4c10b5eb22ee7da886c049f41d64728bfb04d4327058a5c3474fbb3daf5c39b","retained","8a1752adf8f5d23b4b2fda9d6de8c4a8a8b2301c91f553b607c4833fa9d8370d"
"F5E8E29B-5A0B-4ED1-B6F9-F3F69CBBA239","f03bd3be93601d02f05887d6639829dfe14d48dde62b04d9196a1077e44653ba","retained","dbb6c76c1da6dd1538420f15e09e23736aae053f859cf28fe94d9fb49ccc87b1"
"F5E8E29B-5A0B-4ED1-B6F9-F3F69CBBA239","f03bd3be93601d02f05887d6639829dfe14d48dde62b04d9196a1077e44653ba","unresolved","52e44291ad7c3365f805f503749ab371fbcfec9ed6a29fdf5ee902c49e1092df"
"F5E8E29B-5A0B-4ED1-B6F9-F3F69CBBA239","f03bd3be93601d02f05887d6639829dfe14d48dde62b04d9196a1077e44653ba","retained","32a24c353488520c2036840a30e1bc6ec9885063a3a4fe166cb1f3d8d77f63a0"
"F5E8E29B-5A0B-4ED1-B6F9-F3F69CBBA239","f03bd3be93601d02f05887d6639829dfe14d48dde62b04d9196a1077e44653ba","unresolved","805e5948d70c337c36f0519c5cd46a358c47d9f8d0eeb658534f44055a31dabd"
"F5E8E29B-5A0B-4ED1-B6F9-F3F69CBBA239","f03bd3be93601d02f05887d6639829dfe14d48dde62b04d9196a1077e44653ba","retained","a8bcef4cf8a92bc9cd1e5e20e1569a4b48c086c52f07d79e52e9ef90008ec8e3"
"F5E8E29B-5A0B-4ED1-B6F9-F3F69CBBA239","00bc19d41ca5b2a1ee7fc347f7661194420e468d6c7bc90f4c205edef86f700d","retained","075b899bb1c266334d596eef30649f24f8c87cc7c91fb0749e7520c9f2b4f07d"
"F5E8E29B-5A0B-4ED1-B6F9-F3F69CBBA239","a0bd7e7a31ecc8342f5e41173b439be845c5d073c5c8adabe3275478555f3127","retained","0f102b57057b7a9793eeadd0b5bd79a0ecea6752452ebc0b4731755d491275fd"
"F5E8E29B-5A0B-4ED1-B6F9-F3F69CBBA239","c836682bfe568b8fa33cdd7349b9807779a44d93fe7b9fd24d34963db8b5d86d","retained","7d0757d65c41ace650bc29c99ec784c2e01654bb447a7ecc1e8ee06375846e73"
"F5E8E29B-5A0B-4ED1-B6F9-F3F69CBBA239","901a2a123b6fb86e47abf050063244daeaf69571b28f254730bae45f5bf7f02b","retained","5dcb3cc0103df02ced700ff468d3e6de15e5ff3101e753348bf9e20f2e832505"
"F5E8E29B-5A0B-4ED1-B6F9-F3F69CBBA239","c5feb900814b167e97f05854024c9b62789d0e4c97f337fb8593f03ee95f120b","retained","161dfc7c221a23089355d5e0caac20b9a67cdf134854120a12df7d73482df7ba"
"F5E8E29B-5A0B-4ED1-B6F9-F3F69CBBA239","a06224bcc370bfeef24d10fb87114c94ef58cde9a98e17e5fea4e71af22d8a9c","retained","a156274e4798330bd23ad6bebd54859e95ff8f1cef393f21c03d76558ecd5b49"
"F5E8E29B-5A0B-4ED1-B6F9-F3F69CBBA239","e06420e85dc13189d80465ad783db41b49d12dda225e61d82ba1f802fbf95a86","retained","a97ec6b3db21a247014d33b407ce7a166336720d63a72f0ed7b7c7895504377b"
"F5E8E29B-5A0B-4ED1-B6F9-F3F69CBBA239","b0aea9eb55bcba74e89323886689b4349cbbafd61b2886e9c02f36570207a0a9","retained","a4149bf5f4a339d87d2b9ed1c92fbb61511dee1bee8168508dc2d8b27488ec70"
"F5E8E29B-5A0B-4ED1-B6F9-F3F69CBBA239","b39fb687d11b8df250d85e3beedde84204b6dba2d249984203a099c2e983b3a8","retained","6a23fa07f9d21c60a446522880c3e51c2e45e31da53906c4aee4170be2c3504c"
"F5E8E29B-5A0B-4ED1-B6F9-F3F69CBBA239","70e68ca373d11cdaea93d842666c4e355864e6b6695320fbcb062a1c6ca26bd0","retained","8495a9c44a360ffe72428c62d96c744cd38c5dac6b26821cf07a28bcb81a00e6"
"F5E8E29B-5A0B-4ED1-B6F9-F3F69CBBA239","70e68ca373d11cdaea93d842666c4e355864e6b6695320fbcb062a1c6ca26bd0","unresolved","045b9da7ffd2a02a1108c5f8b0288bdadd0760286db1c803e8600e0ef362b79e"
"F5E8E29B-5A0B-4ED1-B6F9-F3F69CBBA239","70e68ca373d11cdaea93d842666c4e355864e6b6695320fbcb062a1c6ca26bd0","retained","1966a8a40c5923dbc71f1275f34e3b34f42054145bcb7c92a690498a634e725a"
"F5E8E29B-5A0B-4ED1-B6F9-F3F69CBBA239","8f35115dfb400a7fa27d76f2540494a4198a7e5f19363f356715b042cd997eb1","retained","8638a742c18c77ba1ba0c22fe47d078efb193f9c3bd354c03568f936321732c7"
"3055D0AE-6EE6-4D0F-B93C-E8024AEA4566","cb405717154da200ea04cf31c9aaf3e0802540a36ff0d5f3dce4d40e08322d88","retained","901103ca0252e83ae03eb05867b1b54774c93b69d217ef581f75f3390b20a1e7"
"3055D0AE-6EE6-4D0F-B93C-E8024AEA4566","8d6dfd32736537b3053b68bda5b2213540bc6e24c62f827b16b1565e00b977cf","retained","5cafdcf6b856e1ce6c7694625dcfd5c22f97404bc9d15cbf279434ce9d0d3eed"
"3055D0AE-6EE6-4D0F-B93C-E8024AEA4566","759fc5f1d908e19e38f32550d0425356db750feb47210cd27ccfd10f5786a919","retained","f34ff7a4951d97087fa2ceca3393c11fef34b9081034edbcbeed619bca2b08af"
"0248CE3F-75EF-4A2B-BAFC-8A18DDE91DEC","9109e5724c2c6f19b5d3d81716cc7eccfa8996ae71e29650abfdc5df20c2df1d","retained","379a4c557121c7ec54d6a64791742a03ee233c1cca50a1d25873a5689e2a355c"
"73252D0C-C800-4B9A-AFB0-60A55AFF46C1","3b2f1389917aa9f513c37fbd0f7c4a3397ce58ac789175b7eaf42ccb608df035","excluded","905f30d18b0a380214ebdbf2dbdbf1bbbf90cc3878b1085bb92e1d22b7cc6ea1"
"73252D0C-C800-4B9A-AFB0-60A55AFF46C1","6333215b8c3c402e5a810578b0d27c3db986e13459363f270db1658e9cf91ae4","excluded","cf0a1e9affa54f5c875330a7daee37ad80d62fca2015ffa8cbb4f4320390b039"
"73252D0C-C800-4B9A-AFB0-60A55AFF46C1","a16abf27cf0980e5cc4b76e14530bc6c97e6616fb424e978f6f80626f7c410ad","excluded","957cfe99dd4ab7af9fc0c775f3e4eb265fdb33a31b77cb61d1ae36307ffdf185"
"73252D0C-C800-4B9A-AFB0-60A55AFF46C1","f0b8b4ce1a2368d80b4dc11476cd58a2fb102a6e7a513d3133dd0792043a7a4c","excluded","ded251268b96461c186890613e02d1cf4fc98c3c9651f4b6eae6d1296a7c2dd4"
"73252D0C-C800-4B9A-AFB0-60A55AFF46C1","ab846d8e5a1968772e6a32750e66dcf5b9b53e99a79dc0acab70ec317de6e131","excluded","0dc4af0059afc3ca28e52ce96d6a398d1a3971578c79048f8518d3fde6e7ae43"
"73252D0C-C800-4B9A-AFB0-60A55AFF46C1","ab846d8e5a1968772e6a32750e66dcf5b9b53e99a79dc0acab70ec317de6e131","unresolved","548804b666ce723a65de40bf65c1c86cb87390c71db35a49fbd424c3ac40206e"
"73252D0C-C800-4B9A-AFB0-60A55AFF46C1","ab846d8e5a1968772e6a32750e66dcf5b9b53e99a79dc0acab70ec317de6e131","excluded","2950d98700353e875866ced739f7314d1ec04ef3978dd15e05ff657daa1cc9bb"
"73252D0C-C800-4B9A-AFB0-60A55AFF46C1","1efce739fc41c753deac660c2d372ec630796526e58b9f4c476c939bdec66d1a","excluded","65e12cd763971d79365cef3e10c8f7014123c9fd807a8faf1a32d9d953809382"
"73252D0C-C800-4B9A-AFB0-60A55AFF46C1","1efce739fc41c753deac660c2d372ec630796526e58b9f4c476c939bdec66d1a","retained","da4f1a486ea8522f9e3090b2eb746e2f3edf2089abefb380f09a96aa04e1d64a"
"73252D0C-C800-4B9A-AFB0-60A55AFF46C1","264119e054af7217e8dc0e037b665fb8719e34f34cf7603b0f281ce2e0f50eab","retained","70b7fc5abdd11cd29614cf1d300bae1e9957a06a303eda411ccc5dee0945c371"
"73252D0C-C800-4B9A-AFB0-60A55AFF46C1","8507cc010869fb02664695127fda983aeb813a357d4885c9dea0f34004adb3c5","retained","2ff85956c917e6638148826ba32bd2dc20d4e4b9d753eadb2af3cb07e88492e9"
"73252D0C-C800-4B9A-AFB0-60A55AFF46C1","82ce86577a0cbc9fecbb9ad78d0b1c8bd98a898bdc944bd8c058779f24eda745","retained","351fad88c234e4928d476d9c199fafeb251d15e3bc647a9ee41a643afe254a27"
"73252D0C-C800-4B9A-AFB0-60A55AFF46C1","82ce86577a0cbc9fecbb9ad78d0b1c8bd98a898bdc944bd8c058779f24eda745","unresolved","774aba1f30971e2984d5d8e5409e94add66aea5386c5355a4dd661d9070dcacf"
"73252D0C-C800-4B9A-AFB0-60A55AFF46C1","82ce86577a0cbc9fecbb9ad78d0b1c8bd98a898bdc944bd8c058779f24eda745","retained","604e45fdf18a434d9e6b6fb485b598629e63d9567aee8af9072b10c5da034965"
"73252D0C-C800-4B9A-AFB0-60A55AFF46C1","c4bc1c401333ed4d9bbd88152da64afb1d57a897b2b93f64d098cffa0912e186","retained","65a24e0611bbcfd8eae98243598ee84f0b5422c4079ebaa94cf5ed8a95dc5051"
"73252D0C-C800-4B9A-AFB0-60A55AFF46C1","c4bc1c401333ed4d9bbd88152da64afb1d57a897b2b93f64d098cffa0912e186","unresolved","2c0eb8ac6c4ed57b3e1d7b744977b441d2721398e55fd6bdfa042b2c3f550a10"
"73252D0C-C800-4B9A-AFB0-60A55AFF46C1","c4bc1c401333ed4d9bbd88152da64afb1d57a897b2b93f64d098cffa0912e186","retained","526e64e492ae8bfaf065607633aabc58fc169276d4f4cbadc3928823d8afdec0"
"73252D0C-C800-4B9A-AFB0-60A55AFF46C1","c4bc1c401333ed4d9bbd88152da64afb1d57a897b2b93f64d098cffa0912e186","unresolved","d5a68375d4ffd7dc8cc3d355796a1ce4245126a45788df7f25eb20f3afef7650"
"73252D0C-C800-4B9A-AFB0-60A55AFF46C1","c4bc1c401333ed4d9bbd88152da64afb1d57a897b2b93f64d098cffa0912e186","retained","eb620967d40bd4590134d88e84c02bb995bf997284606197494e6776bfd7317f"
"73252D0C-C800-4B9A-AFB0-60A55AFF46C1","2e4e90bd18f173dbc78cdffb38921007546133c20277fdc3346cf1fe1bfb14df","retained","ba70c94442b3fcb2539bfd633a970d040cc91af43e8df69e309b9c8db462bc72"
"73252D0C-C800-4B9A-AFB0-60A55AFF46C1","2e4e90bd18f173dbc78cdffb38921007546133c20277fdc3346cf1fe1bfb14df","unresolved","791ccbc15f85675b191247cd2ccbd3b0ca54d85c65c9275f3d1e4219be15a773"
"73252D0C-C800-4B9A-AFB0-60A55AFF46C1","2e4e90bd18f173dbc78cdffb38921007546133c20277fdc3346cf1fe1bfb14df","retained","e250e8a34466fb2843bcd575e686d82c22a6468166ff568e982c89f9e27faa34"
"73252D0C-C800-4B9A-AFB0-60A55AFF46C1","7f8eee30cc94e2d47d896227fb9b2d41f4998d2269a68c9e719f9a33508976da","retained","ced181ddd47d4d24538e04d2c63964ef216d658d2d68632105c032db376ae39f"
"73252D0C-C800-4B9A-AFB0-60A55AFF46C1","66a2ebb4a13b4284a74a24ac3707edb760fc9ff1c59a8da62b514ed0c178fc98","retained","574e8c2b3896edb6921c5777976e6afdcd64492552fab46a9aba31fdd8ee3f7e"
"73252D0C-C800-4B9A-AFB0-60A55AFF46C1","e8834f0d717f769bf80e565cb4c86840c6f7fff8b66c569514db41bb81dfca24","retained","f0954a4c1ff9fa537e9992cbb694bab65160764c4b228415f27adf2a2544d688"
"73252D0C-C800-4B9A-AFB0-60A55AFF46C1","0617d234d0d2921e3ea975141b3f19c271c49120441db2d4ccc302bc470eeea9","retained","f69e5e74d6df7ee2617bab6af7d447a72c468bb2fe2fd4e624f99d3a93806f0a"
"73252D0C-C800-4B9A-AFB0-60A55AFF46C1","41a46b6ef1f3f26dfea2bd6eef09e9e79bd3de32e561fa2db0b95dbb77a66e48","retained","27bc659a13cff6608c98303d32be6134d85677bce00c8ae5ff8d3f8013cbdb13"
"73252D0C-C800-4B9A-AFB0-60A55AFF46C1","cffdb1bfe5eaf496273d0088e9669acbab9e5da08962a147518d18e5bc17200f","retained","dedb20f5fbccccc895cd308dcb76c6e811cb41472c14b52bfe64dae230cc6089"
"73252D0C-C800-4B9A-AFB0-60A55AFF46C1","80453474af06cf350e598414a321e2411ea5290e28474bd263268d8e59bd0273","retained","8ede70991db77821dbe83d77100163f385ccc686c72dcea89f95ec97fe3ad579"
"73252D0C-C800-4B9A-AFB0-60A55AFF46C1","6e119b8f49f755e8071a46b0b714df57551c692307382184b17aed64f6eb81e7","retained","4a125fc403ec7fe7eb6670b3b5382c7e62c599a1f1342031c599fac06c805305"
"73252D0C-C800-4B9A-AFB0-60A55AFF46C1","436987036799d9b8906033a4fbd36746cfe800bd95e2a880f54bd72aa3cb8832","retained","e460dbeb6d21b961d884cd8b290a1f32d40446c673cd414d943a5308f22af0b1"
"73252D0C-C800-4B9A-AFB0-60A55AFF46C1","436987036799d9b8906033a4fbd36746cfe800bd95e2a880f54bd72aa3cb8832","unresolved","fe50158a05cca6029a3aada0b9ca688a4f7c79ac98d5978272c939316d9aae32"
"73252D0C-C800-4B9A-AFB0-60A55AFF46C1","436987036799d9b8906033a4fbd36746cfe800bd95e2a880f54bd72aa3cb8832","retained","d21d2916462bbcd63de6c89ff365ddea43e15fe276cfbf2204b5cc9848c4e6ee"
"73252D0C-C800-4B9A-AFB0-60A55AFF46C1","c577e149ba5c0fc6073c40dd87e0b82f8a7ab7ca89aa3b030560a94a5bf574bc","retained","fd08107e1ccca4d61d2b99b979a1961fbabb6bdd91c841d2151df7ecf6cf6e36"
"73252D0C-C800-4B9A-AFB0-60A55AFF46C1","9e64ad9c3dd2021197dec017f014d3fa8a43877eb567f4f6a11f2d2402901731","retained","c1941fa81f1950b6e2c255e6d611355db6e36c2e3eff797d4b550244d7a281d7"
"73252D0C-C800-4B9A-AFB0-60A55AFF46C1","c11030f3ba89931bd66df5f26c035afb7082c0e4289b93a111a48d25825d5236","retained","19109a2119b14f87f3050af19b4f353819288ae55467f84a48c3d786d3304c15"
"73252D0C-C800-4B9A-AFB0-60A55AFF46C1","c11030f3ba89931bd66df5f26c035afb7082c0e4289b93a111a48d25825d5236","unresolved","16925218f38c7c22621a096712b617322678842aa1c5e1e5772218fa0c7f46fe"
"73252D0C-C800-4B9A-AFB0-60A55AFF46C1","c11030f3ba89931bd66df5f26c035afb7082c0e4289b93a111a48d25825d5236","retained","d3b4e7b19fc7e5503c55a0562eb77f792b8786a4dfb00046f097e29cb28b48f6"
"73252D0C-C800-4B9A-AFB0-60A55AFF46C1","dde7e082639d717646f89f9da96236d83cd54b51e82843ea838486fa929c07d0","retained","6ee796c46b39720277fca988d649efda5497a4a03a318abab6c4661520d0bfd2"
"73252D0C-C800-4B9A-AFB0-60A55AFF46C1","e1f84a14c0fd693a58b507be9762d0c3e47474e461cf1113014421d889d96549","retained","20ec5181d81358413f36f203d999e7d3c76b172c3a463eec6c4a174d774c2c18"
"73252D0C-C800-4B9A-AFB0-60A55AFF46C1","e1f84a14c0fd693a58b507be9762d0c3e47474e461cf1113014421d889d96549","unresolved","4ba2b27a927252e62d512ac8b8189fe7ece9b6ad32aa6b912a0c125150027c91"
"73252D0C-C800-4B9A-AFB0-60A55AFF46C1","e1f84a14c0fd693a58b507be9762d0c3e47474e461cf1113014421d889d96549","retained","116b3a3e02034dc24d31582737c20197b5eb9c3e55f0a4d590b1077a216407af"
"73252D0C-C800-4B9A-AFB0-60A55AFF46C1","9e6660f7ba37ad52aff203b0bf140461e0858735256d95f1fc590848c81fb7ec","retained","1f9fd37d6776bcf5d191abd046e885f572933d177bac53df222d3c351a70767e"
"798816C4-BBA0-4790-BB5A-D68DC8A97E19","fb6fba2e76000ad8d4747daae7fcd2d5c944764c1f9e6f7cb7cd4b2593459596","retained","d32eb73274afab01cc7a33ddbbe8be473105e8204fdea63a7319dc879dc205eb"
"D2DA7C57-60AD-4759-8A91-5CAF67166DF9","e6c13d349c3a9a575b829e75b6689735485dcf74d4ceaf5b386f71c0f8c73104","retained","bc666b98ecf57aea3e4cae643b5539f581f3c8a64adafd603bd4b33fd8bb8e9f"
"AD11969F-D247-46C2-B8FD-82EC724B7270","adaaaeb067ff483e961cc2dfcbebd1d20a4702bb93b780bc438399d5751b7d6e","retained","224e8f3092069c3a4fce2b9581358d72c887ffebf2462a402cb0b0d339e20424"
"0690E4D1-97C6-47EE-9801-C77024D1F20E","c72ced45b61ac01116da1ce5990287941573d56b0c2b5bce0cec2032143e1ff7","retained","138f192aea21c7b2532b4c865cc49005ff381910087e37ee086356a7b4663855"
"EB5E0699-A5E5-4858-8BE6-A5030EF7915A","14db391063f49b3ba0318061d115f6ffecd2812497e6328fb933d12e940bcb35","retained","fc64b36cf434a8523dfbcd81575e1ce84af7c3a52b40d54431c77c5b02e5f184"
"EB5E0699-A5E5-4858-8BE6-A5030EF7915A","9a52d3c73302db9820e0a7536f14d79f389b71f581115f2f909e97e580c04fe3","retained","776386bca9cbd21d5ec42fa02cecf7ec3b2c6ec1d17dd06a67a4adf08a799f2f"
"EB5E0699-A5E5-4858-8BE6-A5030EF7915A","9a52d3c73302db9820e0a7536f14d79f389b71f581115f2f909e97e580c04fe3","unresolved","f3c3c37f0601076b8e677a289d2def9272ddf55889c42ec0602fd5b448ebc330"
"EB5E0699-A5E5-4858-8BE6-A5030EF7915A","9a52d3c73302db9820e0a7536f14d79f389b71f581115f2f909e97e580c04fe3","retained","fb9bec981da6e22a87c2d5e7c077846bf819cf3b7097633b8a3b5b849aa8015d"
"65645F13-B109-456F-894A-99B88DE913F9","aa8e82530de9dc8b08f388daf80299c7a138b14d0cdd8ac2e70efdb5aebb9ec5","retained","1f752c3524edbbf3318c82b2fbb629039882c4f42529349c93e499026a57bcdb"
"65645F13-B109-456F-894A-99B88DE913F9","aa8e82530de9dc8b08f388daf80299c7a138b14d0cdd8ac2e70efdb5aebb9ec5","unresolved","334de8e2d25b26ac8bb69921a6ec2f37a6ae32ca99c77af296b086b05157998e"
"65645F13-B109-456F-894A-99B88DE913F9","aa8e82530de9dc8b08f388daf80299c7a138b14d0cdd8ac2e70efdb5aebb9ec5","retained","2cbd6fda3aa5a80fa65fc4524c5953c441d82304ba2d73f01b8d5a6d00045b31"
"C4425B2F-20B2-425D-98E7-3C89EDBEC664","eaea31da0e94f25e1bf1b8daef903ed33560599bc584a0435ebc7e4551a7f7f5","retained","ec541c2558423110024f12fcf8aa4aae610b2f4859307771d7946a5a80a1ded3"
"C4425B2F-20B2-425D-98E7-3C89EDBEC664","eaea31da0e94f25e1bf1b8daef903ed33560599bc584a0435ebc7e4551a7f7f5","unresolved","74e95a47284a520f58fd12ccaae57f095744b0ff6173ff18862bfe6b48d8c86a"
"C4425B2F-20B2-425D-98E7-3C89EDBEC664","eaea31da0e94f25e1bf1b8daef903ed33560599bc584a0435ebc7e4551a7f7f5","retained","42ab8ad3de247f2b440e8a5105cdc9bc06ad0a2dbc4b3feebcf64fc6bb20d666"
"9BE714CB-DC9D-4C13-820E-292B87A916F0","290c13d583f56ec494da4c1e4bc8064f7bafa51a297002e1c75c4189decdeddf","excluded","6e6ba8fd9b619b9a6d32c42292cc75922b1320df67e91550edf5486cf6b437a3"
"9BE714CB-DC9D-4C13-820E-292B87A916F0","290c13d583f56ec494da4c1e4bc8064f7bafa51a297002e1c75c4189decdeddf","retained","c9f8041f45e5931a6a53daadc0b0804e009c15dad4d4c45d45a8d7ada14bf44b"
"B1A7EC40-5A58-483C-84F3-1D32561C7803","0bd19b9ddb5596a66b33090ce7f051e16c5c1ce0def916759728ee9fc8a6a435","retained","edc98f370785eca2f2e4e2b75d7f0e26d3ae513c436c83704e9784e40e0ff95d"
"B44B7697-3990-4487-BAC8-F3F17B42A48E","b07605f50afbefe3f1f88895479c909371fd5ac49d3b626b3424626c6070c5c1","retained","5793f4d0443e554edaeefc222bb2d889c2c9c61e131a2d2a96192c1923876dcf"
"B44B7697-3990-4487-BAC8-F3F17B42A48E","b07605f50afbefe3f1f88895479c909371fd5ac49d3b626b3424626c6070c5c1","unresolved","5a0ad933ee1ada812e708245c4ebea20d9874e779893d7ef3753aeeb41271d5d"
"B44B7697-3990-4487-BAC8-F3F17B42A48E","b07605f50afbefe3f1f88895479c909371fd5ac49d3b626b3424626c6070c5c1","retained","368e74d0e24d695196a47a55e67e178679dc69a1aa43b2feb447734b341eeaa6"
"AEF2A267-72A4-4AA4-A7AE-274D0AB471D5","df558865a0a6792eb4a05beaca52eee08b3c23f0e8467da44effe95eb33bf6a4","retained","759bd91c3537f75c8eca4967a8a9d7f247892119a82470d1a047d300561fc68b"
"22BFCA35-D102-4E0F-9CFF-4752BD003F09","09745eae33d677d3470097c1f518d0557d4461d4ed8e7eb4b5ba0dcf328d1b6f","retained","3fd7d1c00670f7d01252f0e27cd11b9e91824f4a6f5ce68f4671683c110cf4ee"
"CA2A1206-7DC9-4D55-8728-ADD3481B0C70","e4560f2dca16c14f1db6b7a32878158060e0b40c025741598d8715984ed9086f","retained","7b5256c9d5bf8fdd6ebf28c364e36917fb29696a23fca4106751e49d3e30995d"
"EA448DA3-CC89-4D89-B021-40570071CCA9","2b99dfe82e523c2658e17b970ffc096a1e5e3d0527f7e5f8f3bccbe7ccebed45","retained","b8d5912f14268dc214c1272fab44726d96457fa6a8cf9acf9b397438c7ebff26"
"EA448DA3-CC89-4D89-B021-40570071CCA9","2b99dfe82e523c2658e17b970ffc096a1e5e3d0527f7e5f8f3bccbe7ccebed45","excluded","1591752bc5e92f683262093294cb90ad1ff35be9b4f3f7a8702521319133ebfd"
"16F3600E-8654-496A-AB86-C8AD0361EF5F","7e9b7c5278955965c11a8bcc658fc21f6014ae3caa0175c6edb115c647e8e236","retained","1d0c6e048425199b5be9087e7700ec7c89e227941539917f68bc50bcc42b0b15"
"65B7A27E-7D10-4DEF-8362-7557EAFA072C","fd9a4b9311474909edacec3e16b942ab7e709bdf1305ba9a9699fa5dd4c98e87","retained","e32c32e402be005c71cc00bcc2bb9d7f409d64bdad1b4bfc71d8c864922b06dc"
"FB47FDBD-5DD1-413B-9D06-2F813D4AF3AD","0a49ff5781d37c24d608af57802354a29bf95111a0b585de3e0c1223c6565b5b","retained","3ee17e82c68d85948797a26ab6079dc1e116c44302273834f535ccbd0ac9c2c8"
"FB47FDBD-5DD1-413B-9D06-2F813D4AF3AD","82e2886a027da8dcdd56b6f7857e7f57f9f6490a5bcedbdd9a847de2429d0dc0","retained","57b37235b4b15f6bc6779ae9f3e938506211a87518fc6fa405c895e0031a1dd1"
"54A03909-7BC9-469B-8DA9-29E96AFD26B6","ecd5e30b30e67d7e8f4ccdf8e12901f9cfb940e238ea62b6613719b5b9e89363","retained","3d46537560ad18e0f0fd5165eebca6084fd594d8e4e4c38187b59eb7c40f066f"
"54A03909-7BC9-469B-8DA9-29E96AFD26B6","ecd5e30b30e67d7e8f4ccdf8e12901f9cfb940e238ea62b6613719b5b9e89363","unresolved","309f2dcbfad778fd1e7ab97ff69ff3dacc96f1d4b01265dab48cfcc3ef6c0dcb"
"54A03909-7BC9-469B-8DA9-29E96AFD26B6","ecd5e30b30e67d7e8f4ccdf8e12901f9cfb940e238ea62b6613719b5b9e89363","retained","df9345854d404d1e2082afb8377aeed8ef4e17f1443f5fe3e07fe647fc722312"
"BC5C868E-E91D-43C8-B6DC-7A9A5B11E614","c70a3a754c60ebb4ed032828a01a1705992975ec27baddd541143a3306f69896","retained","90133a2ca9cac5a2b89ae1a97715d9a80d87065fade0049221ba3f257ae68aac"
"678794DB-3EBA-4AA9-A586-B8D1BBE235D7","777e87c289afbce723d0e9fb8891b9975b75423acb57b17b28b03762a315f2e9","retained","b6d6ea4d776a9182f2e9f5ff62f29a07dc36bc2d61202c25e19ab4a1ad952138"
"CD8B2471-2347-43F2-AE99-4C15089B3FDD","9c1fd0de73ec24fd51aa7be7ac2e437f1a4d45456d188de2540b4b8d13441dcd","retained","10bdf954f38b99690bb81cc793679048852616529fecd27adb50e21b49fb4f3a"
"33754334-3F12-4AA4-ACFD-6D3D91852E70","59cf8021901072bea7c5f99e5bf6a677c8bfa95d11e8baa38119ce1ee5e52f23","retained","0b19a79e5f8bf55a5d1467060421e4fd42e1d07884ec30acd3162fe3ec80b37c"
"76497E3E-BFEB-4002-98EE-50EBF81887C5","7fca6a78e5297ae289bed6aef89dd73173848d45ad7d4263b19ac0887d3e6d30","retained","738a1996f9c5ac2bfeff06d4053605cfb0aa8572f7464437dc6b33a1213ece32"
"6A7372EC-DA2A-411E-9E68-CE9FCD59FB37","a4a15b0207e622bf4eac19f4e25ea899670717eedf20b2aa0873f8417fc55c3f","retained","6974b317925ea6eeae8a4521fd2540314cc2853c4773aa756da7c1f0fb5fc4ca"
"B07C2C0B-8FD6-4FD9-BEE7-E05F0B7C13C2","4920be842547524e8f3aa79de62c9856ab28d6b77eebbd2efce9a969323b2ac8","retained","a9b6d733395beec77ab910f6866a3b23ba776bd27cce001a7dec4141d4a88c10"
"1E8112CE-9751-4DA0-95C3-30B008C34135","b7db194bfbfd80ffa62dc5fa87c9557ccf08f64fa9afeb8cf00fda4bf6cdf88f","retained","f0d06727e4d21204bfbeee113dfd8bb00e09d2ba175e30dbefa6718e5e9aead6"
"1B61BF2F-277B-4EBF-92AB-C4417BDCA183","8065da6de3af9e2ee4be09a9176d192eda51b4f8e1aa00c50c10115a1d1a9e7d","retained","3c9268a6786a0081415854c85c84799419175f04f4f6df6761e6bfe1d57d5087"
"1B61BF2F-277B-4EBF-92AB-C4417BDCA183","8065da6de3af9e2ee4be09a9176d192eda51b4f8e1aa00c50c10115a1d1a9e7d","excluded","ddc24fbd853a0d8b33860a4391a7731f06e6acc90ac4e088f6e840dd0dda42cc"
"0037D332-3A9C-4F8D-8578-1BA21E941CDC","4594ab8f2e187822ccdb0e591586332da16214ed7aa254800db9da4ea39db1ea","retained","6c3d5c02b095bc086fdabe96783bdce2cb1d30f02c476eea3283d470b5a43207"
"0037D332-3A9C-4F8D-8578-1BA21E941CDC","4594ab8f2e187822ccdb0e591586332da16214ed7aa254800db9da4ea39db1ea","excluded","455a6f979109018dd09260418f7453f5c18fd0ef62ee5650d151dbecd2ac87ea"
"65625D50-E504-43EE-97AF-9F7EF2A2A7A1","404426ed3ea6f1459b0d19fc7ba4fcdd98e3350b2099e4d3d115a566a4a0f16f","retained","bd68f797953235d320f1d8f120d4214a52bc7bb693828dbea75281334f72ff54"
"DDF51B28-CFA9-4E41-B744-49415F948E4C","29d4b8a12173d55287d4c3f40edd1ff3b07de386bac3b89da6dc9770e7762b0b","retained","badd151edd290e9135067f49e9633cfa4b59fe563853ccdf8485e460f94ab513"
"5200068A-EA45-41DE-9FF7-E823DF530F60","2a217c0ca7f940fbe31bde1e68fcfa875e7d29355e2066969c25753286e3e497","retained","69e628b4a1af9f50263be42912a50c3d8d7bab9d0ec2f008c49e81759e61ae1e"
"5200068A-EA45-41DE-9FF7-E823DF530F60","2a217c0ca7f940fbe31bde1e68fcfa875e7d29355e2066969c25753286e3e497","unresolved","25bbaa0d1018270152ba6e9034bfbe1ee58d32f3bb4ad1bcd6015c759f32cd27"
"5200068A-EA45-41DE-9FF7-E823DF530F60","2a217c0ca7f940fbe31bde1e68fcfa875e7d29355e2066969c25753286e3e497","retained","895be561578ff209cd430af6c0bd13f1a9fa29c678ccb69696065b9df594b882"
"E61DE596-0F48-4135-8085-D801F705F4EB","22bf357c9d867b5e863572d379667309c62f0d191891879d7a8bf1615389ed92","retained","550d6da9eb4d5895f83209c4cb867b58a884bd4cf9ab81cb09fc2968e1d9bf7c"
"5CBB9C8D-C251-443D-84DC-B0A8BE9E6757","53fde8289b17ce8d0993a9cf4a2b54385fe9747ad6102f8f9be90f28ad2dfd85","retained","8ca92e50d77a98e419350fdcdc9b2ad3201966c05b85a4c8652c4a96e25c216c"
"5CBB9C8D-C251-443D-84DC-B0A8BE9E6757","53fde8289b17ce8d0993a9cf4a2b54385fe9747ad6102f8f9be90f28ad2dfd85","unresolved","f50f0532fb2a452c3c29a3c94e5552c25d2d90c702d92b1fe971c6d3dfaf7ba6"
"5CBB9C8D-C251-443D-84DC-B0A8BE9E6757","53fde8289b17ce8d0993a9cf4a2b54385fe9747ad6102f8f9be90f28ad2dfd85","retained","0c69c4e5e287865411bd307503888968fffdbaf243bd314ec5e1fa4d5e1f967d"
"5CBB9C8D-C251-443D-84DC-B0A8BE9E6757","ae341453ae09c9b7b1226395aab65f24a67130c8feb84364be27bf4738d995fc","retained","4030133ec14ec594d92a28c06afa78e1bc749736e0b058e44a21241361b1d5f9"
"E16608C1-8894-4239-A376-2A9E0B58868A","575123bfd696485c0f349a5efda5f8f195fc64de247155d895202940e9582ba7","retained","43f95d128f264bed2653cd41276cf5ddd9072fff9925ccee4452554844c2ad73"
"0846C7DA-D37B-47DF-B3DF-FEC3BCB86C44","a3fb6faede11e3054f55308f86fd11d1e32eca4377445f4adf8ae1ba0809b55a","retained","913c28390e51027d30ef61f488cb5a5a4decdafbdd536e32f6c24d85d6d73146"
"14D2541B-4DD2-418C-BA48-0A4069B678E6","4c6f563ad64c88829fe07684ccdd974eeaedae4856b20a00385eddff5a50f6c3","retained","cb917472203c5456b0aa3903f13ce39b599cd6aab8a4a620bbb8981c504e29cb"
"4D79F19F-55F1-4735-B105-2FA5C14D7CE6","6cbbed9437bf8faf96b72149347f8f7228206b8822622cb16d5360f568c78953","retained","6cbbed9437bf8faf96b72149347f8f7228206b8822622cb16d5360f568c78953"
"BC00E8CD-F25C-409F-8C33-7EC077768AA4","f15d456140d625423ed05bea72fe14de6986d10beea01f9f4bd681a9ebba0e87","retained","3c8799c66fa5f5f629bdda576a5736ae13b5b69a4eddf5c24b196483427c714a"
"64BAB23C-08E1-4222-AB9F-B384E05E5C91","961ca383eb2ed49982266d8e55a42fe9724cddde17ef1800738562950228090e","retained","fb9954a0e08aca1ad469b6d17721bc4e1e75be4e5db1195e79af8407bbe215e3"
"B55A760B-B835-4E4B-B22B-C76011E819CC","39377986f85714efbf7cf6f7d83a59ed88f02119301a4cc512ba9f5d9c4f4326","excluded","fc9eac5585929fbbf8f3d93142dde015969555a2313e309e7d9984782276e101"
"B55A760B-B835-4E4B-B22B-C76011E819CC","39377986f85714efbf7cf6f7d83a59ed88f02119301a4cc512ba9f5d9c4f4326","retained","ace7dd72c42cf4ac0b8e07bd61737ccb063acc75620b92731a89c929e5ee5907"
"B55A760B-B835-4E4B-B22B-C76011E819CC","c04f8b5b9344cc3825fade16ae94e4e2cea89f50d831ebb60daa48b92c83f2bc","retained","23a2c159f3fbc5166215c447341acce13c601a07aaecc4124ce99737282b05d3"
"B55A760B-B835-4E4B-B22B-C76011E819CC","c04f8b5b9344cc3825fade16ae94e4e2cea89f50d831ebb60daa48b92c83f2bc","excluded","253845de9e15556b80b9906dc0c077bc5fb9494ec5a4d60c1c99b7e914984a61"
"3206E43D-AAE7-4CC6-BF96-EBFB9A94E854","faa729b4de3775b1289cc4b749fb07e22280269288d3543e6bb4886eb07a91fd","retained","fbbd8820eb5ade65d2658416c358d0f473342efc51e119850c353fd1d32af9bf"
"3206E43D-AAE7-4CC6-BF96-EBFB9A94E854","aa5f5ac298b4d6a219800b5142beed4d65e9e3216b97e0394372d7adf7c100fe","retained","12a2c87f90671cebe0e1f944ab4c9874b2c8b54a00b96924ef628bb363788bb9"
"3206E43D-AAE7-4CC6-BF96-EBFB9A94E854","aa5f5ac298b4d6a219800b5142beed4d65e9e3216b97e0394372d7adf7c100fe","excluded","13fd131added5bce6334ef43178fbdf22d393d0ea1a2d8da2745d5600f1d6ec5"
"12961ED2-CA51-477D-A610-CE1A6A7E012F","d77ee4dc2e3c1a601e068a20761e03a7ee198536e234d6acab014b40f1ebc5fd","excluded","a317b509499d69ba8dbbb6ad62aa38221be282f23cb91bda3f8ed7bc2c4a5009"
"12961ED2-CA51-477D-A610-CE1A6A7E012F","d77ee4dc2e3c1a601e068a20761e03a7ee198536e234d6acab014b40f1ebc5fd","retained","208c731b7cadbe3232a53010041fe48b22eb8c5aa635b4508c66c7483782cd8d"
"25EC506E-D886-4356-A9A9-75E54502A488","6b2e76a44f103a67fe369ce660f2c39a718f785b09a4bb8f1b0082a67ff865fb","unresolved","962747121f55cb91786971c9fc71744e499316d250f919cf20df93261c28197d"
"25EC506E-D886-4356-A9A9-75E54502A488","6b2e76a44f103a67fe369ce660f2c39a718f785b09a4bb8f1b0082a67ff865fb","retained","e8bc49c7d5c994a103b351a95298f4977f95f677ca6eb94dadb05d931ed5dba8"
"2B9C9D70-535A-44B8-AFAA-FA24E0A8494E","199973f2d7f1293c86a6b2a28468521598f4e777f0cf1f21ac119424f68dc009","retained","7556e46353ea8aacabef7fa7ba5189b7e3a9f94ef20494f6867bb4b4c1fd7a92"
"3367A7D1-E932-4CDD-81E9-A24F0B67D2AD","8e653c1658e16ab7b81b848b268f647c350543d9cda3700dd0a689c7ce648bf7","retained","59e727cf05eb03a17446023e58c77c93c1d98fe095375584623fd9d5f52446b6"
"3367A7D1-E932-4CDD-81E9-A24F0B67D2AD","8e653c1658e16ab7b81b848b268f647c350543d9cda3700dd0a689c7ce648bf7","unresolved","6f07f44f89b441522c0e382c7f9a33055c0df55c7303a7d578e71fedda4494ae"
"8B7AD586-A25E-4A46-8516-39F928AA6F09","03ea30298a8a7c6f42dbddc9c9196840c978a858cd5c7105bae4bb1105d1fd81","unresolved","dbb85810f569563c4af6fe7c711182097e025ced4c1554102a0888cb12bd6616"
"1F0244A1-8C50-46C9-85FD-0CBFE82AF12A","d01c2d8662a901fb6f134060e0ae106f6f7012efa2b303f6c8a4f111e32fc884","retained","7e87dba2f3362f85d864f8599f25e677431b703703932ee3c2a3e3326455c079"
"1F0244A1-8C50-46C9-85FD-0CBFE82AF12A","61c80eb3ade22bbc36df083c85b956216aecf8542b758d47e65a4b04aee04fa7","retained","b70ac92d53f75e4e4895b7b23cbb33d88a070489e19147bb3a3537cba34baeae"
"1F0244A1-8C50-46C9-85FD-0CBFE82AF12A","61c80eb3ade22bbc36df083c85b956216aecf8542b758d47e65a4b04aee04fa7","excluded","7915b55e58ee34c8c7a537e64b95c66253e8a1b194055741306e33756e205aca"
"97E57C9B-6BB3-432C-8CBA-115B1BCC220E","cf73628b48d61d8f37f102eba95a32366322a7bf39ff719a25a6cb197ec0c960","retained","c6ed5b2b7cfa350c1ef92a1faccfdeb58a9e7237a3cf15668a4e5bec79116dae"
"97E57C9B-6BB3-432C-8CBA-115B1BCC220E","561138effd33cb01dd05b017670998f3512c135283353fb9f3fbcd8ca5fb36b9","retained","19a988e42cb1c8003d94a815fe167225472ad258f07dc07d79e7145309e7fc78"
"97E57C9B-6BB3-432C-8CBA-115B1BCC220E","561138effd33cb01dd05b017670998f3512c135283353fb9f3fbcd8ca5fb36b9","excluded","17840cb3c8c0f4eb04ee7f8d970f1a5bb36b92261cdd2667c66ff49bfa4142de"
"367D4378-F9EB-4236-B392-295C4D956017","a7ac9a9c42b1dc6a00d69f7a8fad0b8afa4fd3930fd0c2ad4c106ccb2a3d2e10","excluded","069b3ac34e114ee4155ed64328c62da64c55d9bce073d959a537f61b2fb703f3"
"DE3D1327-FE4D-48C1-97F4-B81322B4C269","b426606d2da92a2794b74a748c663e1a6c3c86292cf89460ee2cb2bd3b22dbb7","excluded","8b27bef4ba721e9bcc684f81f03ccbd87be10fa53b0dfeb67d6b14db82e1846e"
"747AFDD3-212B-4DB6-A3B8-F1F4A4E134A0","9b3b4d33dc7772178e45952bea510ae329db4e5886a4ef54941ff3c20408d707","excluded","bd13ef48bda21eaee7038bcf64b6097d9523f8a150fa2b4a7494e8391ac3ae18"
"747AFDD3-212B-4DB6-A3B8-F1F4A4E134A0","9f31db8b783b95f61dea830c7903a7638ff6dc9f8a2da06d185606d8f6f452f1","excluded","91f26747954ae19b9f4bfb9351d2257d611166c5981839edc76912c74f8a7202"
"747AFDD3-212B-4DB6-A3B8-F1F4A4E134A0","237819f374424722d9307ccb090a01b1b599bb1f6c8833502672115f3e2aee86","excluded","fd1877b210ef05b646f88090f498a8e3e47d9040a8b0e98b0540e99f97a49657"
"747AFDD3-212B-4DB6-A3B8-F1F4A4E134A0","d70f4bf711e4f9d6fe9fa7d9501ecbe85c7396ff337e578904b899ee44e23b01","excluded","7e9cb9ef02d39812cf0a49d98251937a9f0770ad6c162f56039415dff3bb8a3e"
"F44FFDEE-8EA3-4F22-B3C9-0FD8DB7F922C","43c2bdcc5bfdda5af98d01fe97740e25576331be9aa274ef36cbf0bdda0fdfbd","excluded","0260b1ad7dffb13cad5e20f28c9520f3666e9510877e2d0306c2ebba56c8cb5e"
"2D0A9350-65A5-499C-8E37-DE2F049C50A1","b3f6272b23dde1e47871e71a34fd44ef72f255a1ae280ab2ccd0f71c6523904d","excluded","5e7b4fd9e090c94d70dd863c4d9e471bd2287f716fefceb103f354929cf8ed91"
"BD86478F-B2F1-4646-95B2-B3C4D4846179","80a8265ddb00a129225c8c0ccdbab00feaeb16242216ca31e4b63ceee06593bc","excluded","e34cb1b2954a47316f2a15b45c6747f6efd7cc0039affc9e4b15816706cedf54"
"A0811144-4798-4225-88D8-91274DCA2F74","d92f86df50c8ec1eaae22838e494da7896484d926d4d90820fe4aa76174cf2be","retained","0a1a96a1447777107eca22cd9ed8a27cc2e8247736d354cbcb9ef2208749f132"
"3D7B1B53-CEB7-457E-A97B-E00E0582DEC7","06252e1c8aa4711bfb2a52a5f48c65284a6cf5edc828bc575e933e44d07a1838","excluded","0a42255ba81a3d73a4b858386b72b3a30501b1c55297d962ca2502b978e46f27"
"3D7B1B53-CEB7-457E-A97B-E00E0582DEC7","da9ed8aa95ec59f8068cb8ae22b58367901cd557d5fc0b89acbf1c49b28ca96e","excluded","da9ed8aa95ec59f8068cb8ae22b58367901cd557d5fc0b89acbf1c49b28ca96e"
"ADC3DBBC-DDEA-405C-9452-3D5A7B5BC3F5","98bfa97a1d683fa264ee1e89aa50693f35db11dc706d4925e5c73fce3f6e7be1","retained","a9380cefc042f378802fd30f2bbb9fc80d524910152bc5652a65cd8e4eb14261"
"ADC3DBBC-DDEA-405C-9452-3D5A7B5BC3F5","98bfa97a1d683fa264ee1e89aa50693f35db11dc706d4925e5c73fce3f6e7be1","excluded","51868af0864c8fdbd6400a9fb90a415b691bc23a0f81f505aa276b553587e83a"
"ADC3DBBC-DDEA-405C-9452-3D5A7B5BC3F5","b9d74093150c78a18fa2ddf117fa0a8c9e421ff2b4276a2d004cfbc549acc70d","excluded","07c6d74e3f6137ab246ef98bcfa8ccda11433575a8ebe8ea874636716e034f34"
"ADC3DBBC-DDEA-405C-9452-3D5A7B5BC3F5","b9d74093150c78a18fa2ddf117fa0a8c9e421ff2b4276a2d004cfbc549acc70d","retained","971bd9ad8ed763ccad0be1e874f6535a827c2cbfec2a55baf29de7d6130ae4f5"
"69C8C342-9A89-4743-B045-DCBECA1FC669","a6911aafcabab7c4b74a6599f1ba90199bee9f9d44dfee651d93a39f75840d93","retained","3362e062aa02ca0e7703512b0a454458ee80c363a645d5052db69eb56dd518da"
"69C8C342-9A89-4743-B045-DCBECA1FC669","e1256205067be4901313a0f39582d4953fc355cb5e3671b2fc729f2c9b377e4b","retained","fde39f7f6b270b871926d13a7d1930695bfb2a2a3ed62012f2b7fef568e91cf2"
"311E35A1-6472-40C2-AC9C-6B451457A214","cf912839d31d68611a33f7f85481727cc781d4f5127ddd3dad2d844b7bd6af3c","excluded","43639194434be2f0a51aff66a4b89d7a0296f58e73aefad0016cc21593a931d5"
"311E35A1-6472-40C2-AC9C-6B451457A214","cf912839d31d68611a33f7f85481727cc781d4f5127ddd3dad2d844b7bd6af3c","retained","e1e66c75c3ebd3930e972ca6a3d35ba5c7097adcef9f7d6d59ffafa40a1061f0"
"311E35A1-6472-40C2-AC9C-6B451457A214","c9e5aa329ed3b1b92a4863787b4dc95bdf8a72504fd7c038ece6e4b40f4be2a0","retained","0cbbce02e98173ad5a7b6b8e36aacc8ffd2398763f6b6aa0210fa918916776d2"
"311E35A1-6472-40C2-AC9C-6B451457A214","c9e5aa329ed3b1b92a4863787b4dc95bdf8a72504fd7c038ece6e4b40f4be2a0","excluded","5207668936e6e2728b98fd77718721d5ae262a601fc2c0d4fe1d2da16799cb1d"
"1804ACDF-CE1C-48B8-AD54-6F04AE044D15","c3a03a08c5014de2eb14311b16c75217494a1cb67500fd1407f5f20f62a66a15","excluded","252a8a933b4c57a006b40de53b233fe2924254ec6162ef9374f4e05fbfbb5cf4"
"F9CBF238-8870-46CE-94F3-D299A5526E4A","0c49d1fa55cdc5ecb196103dc76fc08290f2557250c519943bcbcc25be7b494a","excluded","a9d14ef73a9dba6bbcb088352875ec0478ce37616e14a850f36e59e3c7f8bf4c"
"F9CBF238-8870-46CE-94F3-D299A5526E4A","0c49d1fa55cdc5ecb196103dc76fc08290f2557250c519943bcbcc25be7b494a","retained","b4e50b401ade1379bbd93580c13884ce08441fffcbc097dca1c9a6943cd0b0bd"
"F9CBF238-8870-46CE-94F3-D299A5526E4A","0c49d1fa55cdc5ecb196103dc76fc08290f2557250c519943bcbcc25be7b494a","excluded","f1b6e404c2ff9a58d2274bd5db67d9a8ba0d844fe46ca70b083dde718f463924"
"F9CBF238-8870-46CE-94F3-D299A5526E4A","0c49d1fa55cdc5ecb196103dc76fc08290f2557250c519943bcbcc25be7b494a","retained","2ba1a55a652a98126efe12da0f8f405ba99b5e20114c320d57b9768427471715"
"F916660F-4961-4DF2-A27C-D6F06AA5E0C7","dad99d9d6be49d9ad96dbbb82a6a2933307581cc75b75540c736a95ffe9fbe9c","retained","2888e27e7d51a8a4b86fb7d83eac6ffebff4c0577800fb142f996afee148f088"
"F916660F-4961-4DF2-A27C-D6F06AA5E0C7","625177371a923c908aafce1cde40e0d73659a8034e519fe94ab51d0afd9d8e37","retained","c7c163a047f7219a63f0943fdf3e6c7360d601c7ff465a32f412fa2a947c161a"
"F916660F-4961-4DF2-A27C-D6F06AA5E0C7","d8bf6eea1a13a17168502f4781baf74afe5880ac4df8717e19794354860e3af5","retained","88eda460685d38c793f482150627f99f48d203676bd4d7bfbfe22f95db3e27c6"
"DD22E1B0-B86A-4F61-B7CB-E546C7B8B3F2","627d4b89aa746e4ba735fe3b2229ca6a61d726b8055b851087fff30b14ff94c7","excluded","cf9afa4738d82eae40ab73ac48a11b187039381688b56ce0ddd2004429dc75e9"
"878C702D-FAC3-480A-A789-6CF81925F152","9c3475d8abe7b8dd5cde91dcd19323d87be9057b9a8714a149b979a013f5f8f3","excluded","30e714f2b194a196ae198091453533ed3d2ce7f0794de9fd78d7de3c6f5b9bb2"
"AD7D14D1-F3A3-425C-BAFF-10364DEB5152","77081bb5cc8c08f9f9d6d0497f46759d2cbdb5673107ecff5ede1b74c79c8246","excluded","5d2356a6ae4f82cf71ff28c16dbb8f9b92e09a574bf68fa3aa93247995655247"
"F4BC6C76-C084-4488-A3F4-52E270450421","49c5dde022d9b76ea7bb75ee9276ac5f30d70ab5438714f9ab90af680503f540","retained","c566533d7bc229ccd3e4cefd9139fac38f02a13e2c2691a99d4edec430e605b5"
"1C2EB311-E44D-4C04-A319-484D10C0FBDC","d0bbcb60952b267fcad473d59c9efa252a375765e8ddb7177d7a2460aa567bf7","retained","40963040dff5089a87a5eab31088f1638ce47216c655a8681c58171aa51eaadc"
"1C2EB311-E44D-4C04-A319-484D10C0FBDC","150ca690732fc58efabda1a3f3c406e975bf7acf29be70f25a8b416c529d9e2f","retained","a5362001a01816a2fddcb79f0270458bc7199c053e2a7116195382c4da5f7d6e"
"1C2EB311-E44D-4C04-A319-484D10C0FBDC","8afeb93748dd8e4712532d7b19bcd9c1403db47d3f6bbd4b206125c306e124d9","retained","c5b286352ba48061eacab03c172e020c848a6f1b43438921f20a828aac5a792b"
"1C2EB311-E44D-4C04-A319-484D10C0FBDC","d21702765b045da7b169d51038400a39114e74bd25c9e08a724cc899ee70fcdc","retained","c5ffeae111cdd2ef8b3f9f7c712c4e7ce3dfedd861b4031144e9eb168baf1eb8"
"63F692B0-B9DF-4912-87B1-3FBAC5DBECC0","a83436603270ada45e78ae4e40bd671b7f5316676de6b398b241808590051f77","excluded","8ce6d16f5a2a72ca443ce5e7c93a26be73ea49225d56ad625de49c91f9a3c4fa"
"63F692B0-B9DF-4912-87B1-3FBAC5DBECC0","a83436603270ada45e78ae4e40bd671b7f5316676de6b398b241808590051f77","retained","88b72e35057890dcc1a4008ba1ea5d5144edcd283298f4d16105903d008b871f"
"BCF9AA20-FA0C-4EE7-903E-B1811FFD5256","f408084f866723fc0f13a563d7b584e4cdbebad4427fd4cb0b28367fddb1b6ee","excluded","03b49509f0f342c901e039a80a8526a4d2d66085d0f349ac17ffd71c93d9f462"
"552615AB-2ABB-4AB2-B5C3-BFF428EC5D1C","6b35be47ee6ffd0f55adb865d6c9231489d853b97514b33b9a97857ed52c18e7","retained","e96cd384fa671ef83e9d7017b40b55e2d2be2da48a610cbee823fb7e850a81e4"
"552615AB-2ABB-4AB2-B5C3-BFF428EC5D1C","6b35be47ee6ffd0f55adb865d6c9231489d853b97514b33b9a97857ed52c18e7","excluded","ea1be7854c3e30f9dcf1e56ec3b000608d881cafcda79c42213281c4c8f1bbe1"
"911EAE15-5E25-4CA9-AB1F-604C2863D6AC","758c2180a1d0d92559e929fb4c86d6dfa9f347e74e618c897415c0e03d2ace66","retained","7cc388ef4b3739297c5d1fe7f03f6568cdab5a44ee0db30f5c5a49964f1fc724"
"ED8908FC-596B-4147-97B5-B910A417EEDE","a0329c80bd0c9f28a6695e14f21041caf71cf2560007ae1834186b65fae04254","retained","590a4389bf61340a38047d3a23b096a9b17c9ba1765a2f1ca13fbbbfb8164c09"
"C8CCB20A-DB84-4BBC-96C8-1C1C9181B838","2c69712d518c466bea5fe79d15746bfda947feac9a757199d9c6111216211687","retained","600c761470f481ec552b5b320f835c984f83e49f83c083511e863a222d31670b"
"35E4C3BF-A893-4044-9743-A58993665DDA","b2c32271c91b8baf62a2307a7328bad3344b5d89d65664a0e19f6ddecd533b51","retained","be573387e464766684d14bfd88ae93dd98b6905576e178a4479b000a4cf034e6"
"1E0152E6-78DC-467F-9EA7-60AAC425A93F","266a3b8be7833a90b94eefd11f97bdd180435574519c585c492b2bc393a35d90","retained","ac90b471ad2b3209f619a37134d4abb33a102a3160a5aa5001a190b1549cd77c"
"DAEA8CA1-28EB-46CE-9B4D-782DF8D6BFA6","74a28429bbd67a11f82a9929f60a57fa84cf3f83dd605a8e117205008ca6d7c6","retained","8596ef28d096d719a7c3ed27923bf3a41587562ff080986cf7d66a143e796006"
"FE54F5A4-6CDE-497D-8A61-E1798947EC4C","6b11bfa300ec0f0da0debf99cf9918207e548092e13728539d327ed62a6a6e49","retained","25c12fc8656e08df4133c92a1c2b798c51b0ea9b948514faa575c450db5f54fc"
"35DB8CBB-285C-4352-BC38-E570644E1778","d94f17f0a149d75fc04d6b8ebaf526193e5b17654dbd61b708199813c51954ba","retained","aa35ed9f019cd930bb5972806863e72b3212b192d4042e4b6d1fe79dac6d3686"
"4D820F0E-F146-4932-8CEB-39AAAC98B481","bf2b5e9abfb77a06522e47805f3e071086d1ebb180bf3f2d972d19152b840f00","retained","e30e1e79c09191ad270152ab9fd3cdbbca0fdfdd90d51ebb2bd2ddd671cc9086"
"72464794-657F-4883-8405-5B6C1C226DD6","4b2f7118f29eac4f2bd4d1d9de44c07a9894bcb4eff7a7d98d87a72d5329bc9f","retained","e361ab09b71c41f22fe1355979580ebc8deddba39bcae58358551779c886097f"
"72464794-657F-4883-8405-5B6C1C226DD6","4b2f7118f29eac4f2bd4d1d9de44c07a9894bcb4eff7a7d98d87a72d5329bc9f","unresolved","8c6d7be1b2a07c4fdc840d76ef0f60c665a1997702715e4398652dd11ab3759c"
"72464794-657F-4883-8405-5B6C1C226DD6","4b2f7118f29eac4f2bd4d1d9de44c07a9894bcb4eff7a7d98d87a72d5329bc9f","retained","6657a48fb08ca22849ef200761ca77d495b2612e61335acd702556914c6975d6"
"D5D614B6-8768-4BA9-98AB-0152BA3C0556","7736595a5acaafcc7836cd1587d28eeeef00bd2e4172312552dbdba7f729b8da","retained","cbf686931524c4248d98ffd260005c59a255d8bc7d05371c22fd74c11e22058c"
"D5D614B6-8768-4BA9-98AB-0152BA3C0556","d3e9aa01606836a84dd7d9f52f3a3adb36b7f7e3dc6dbd7c0a7fd3ad62c505b8","retained","170a55833998224e142800a21f5cb2ef080fb613420ce6b7f346e560c7a96537"
"D5D614B6-8768-4BA9-98AB-0152BA3C0556","d3e9aa01606836a84dd7d9f52f3a3adb36b7f7e3dc6dbd7c0a7fd3ad62c505b8","excluded","b31a081d5cb3af703fb1d94e9a6549622ba14f28261a77e8d9a86b45328dd755"
"19C63861-2A92-4170-8B3D-12E9EF7A50ED","9c3ecddc19cb13f8dc0f1cf126dee3ea07a24274351e1f91092148ed8f90fba7","unresolved","daccaad77999a229eda3b643d6d2bed158dc2b7bf0e0c6117ec41cb54a07f710"
"19C63861-2A92-4170-8B3D-12E9EF7A50ED","9c3ecddc19cb13f8dc0f1cf126dee3ea07a24274351e1f91092148ed8f90fba7","retained","311ec69fd1333a518540c7a72a399e42ec4f86f0c32bc4bd0858735fc2b9ba44"
"5ECEB836-1421-4F8F-A0A8-D687058554D6","a07ec7dba350bd65882685f26ce1849fa0d4cd6ed9c3f89849c1a4b50339eba3","retained","0d0a6ad75259f83c432d3bd95393a58d0fb864ed6d39ed9d3679be7224bb9ef6"
"D1FC140A-3861-4D84-81BF-9DD9850AA4F8","9d29db3a6c3d7e48b0afd931fbdd6ed4006e111f329b36708aa05b2b3eb01a2a","retained","01a372e17f68807c142084daffaff5f283bce5065393df2ac6585a71fa824b87"
"D1FC140A-3861-4D84-81BF-9DD9850AA4F8","794bea8092a84689562074557beec187fa7f498a15e6fc83fab048f0d7d5bb4a","retained","b975a404863e7fbd1b7dbecbc99468b2475568745074c9cc4d041c871d37783d"
"B4C25836-260F-4337-AF85-BEE06E8AD8FF","dad29ae585780d33b2c7ffda3e88900f4150e4e52cfb7133a3ff40cba535483e","retained","23e99f92db7360f310b0a84cb9d0055e3ee801af1fd28ae54e071cbe905d2bc7"
"4975C771-A27F-4A9C-ADA3-D2A1F6CB992E","ef7498ddc0a11c86ba35e3eb42254afdc92adbaf753d9376340987e93232b616","retained","9bc97e0683760e8725bc533c74938e0d3a931445ab5dc0a8107bf45896f70ba3"
"838E4860-0D3D-4E54-B3FB-896AE8869646","588c87e5ebce18897d73e0fdadfa00db9a12a976694068352decf53c04fa9c4d","retained","1796c5d2d80542a178c28fab95472b33587f55deb3797073dc774c8307bc7462"
"838E4860-0D3D-4E54-B3FB-896AE8869646","e0734398d28a545ded0a75544522d058cee997804e8bf49b3fb5b75af6e63854","retained","bd2ec656cfcde1b3251528f78dfc595228e1569b0176035b63796f72d816137c"
"838E4860-0D3D-4E54-B3FB-896AE8869646","e0734398d28a545ded0a75544522d058cee997804e8bf49b3fb5b75af6e63854","unresolved","1b553d33fca93f08ad06e22dcfe251310de540b87f8f160b366c33733dc63ada"
"838E4860-0D3D-4E54-B3FB-896AE8869646","e0734398d28a545ded0a75544522d058cee997804e8bf49b3fb5b75af6e63854","retained","a1d3d9d3396dafeb1f8af76b1fb2b2eb3b2c7267d78d4f58c5de60e8308a86a0"
"0C8C6B8B-7FBD-437D-8573-1E3F77C0172D","32c8adcee541794ffda37e879dc05274af2dc4802d23a19409f3f97b78a49b49","retained","f4cf47086433c890ef5849335ea6dcc483f518b27f6fb5cbdca0a23eaa98435c"
"0C8C6B8B-7FBD-437D-8573-1E3F77C0172D","32c8adcee541794ffda37e879dc05274af2dc4802d23a19409f3f97b78a49b49","unresolved","7cda42f549893a325709d6a375a5c87fc91e93c3d7eb10f6b9a6f3bd4a9c1de9"
"71A1B988-180F-46AA-B09E-C71BF41E7177","672aa8847bf71f424359e6ac756b69c938cc927cbc0b8584cfbe33df3ca19979","retained","473c51594017591eab3c19564fe9e30e57da663a66a8b9e6d64541d5e4c1cf7b"
"5CBB9C8D-C251-443D-84DC-B0A8BE9E6757","90032eb45f7de33ffc61d0c6906e407f6a23db8f90b8c872f58eb7569009d72b","retained","0a64010ae8f598e8a99059538b47034febf509331cf79feb4cf7378aa55df5e0"
"5CBB9C8D-C251-443D-84DC-B0A8BE9E6757","90032eb45f7de33ffc61d0c6906e407f6a23db8f90b8c872f58eb7569009d72b","unresolved","44cfacc4cabf33e63140f213b0cc6a703eff32d98d89a87bc0f41fe95781e5f0"
"5CBB9C8D-C251-443D-84DC-B0A8BE9E6757","90032eb45f7de33ffc61d0c6906e407f6a23db8f90b8c872f58eb7569009d72b","retained","4e03b7a231af9d40fb931d2e4698c2e18deedfd0e26786f81a880ee6753ba8f3"
"5CBB9C8D-C251-443D-84DC-B0A8BE9E6757","90032eb45f7de33ffc61d0c6906e407f6a23db8f90b8c872f58eb7569009d72b","unresolved","914148211a30733b1720f70277b5c1f6e8a7e28a50794a2314ecd655faaf4d18"
"5CBB9C8D-C251-443D-84DC-B0A8BE9E6757","90032eb45f7de33ffc61d0c6906e407f6a23db8f90b8c872f58eb7569009d72b","retained","c5f44c262ca8cfbdd01ed74eb4e2a870d3935dbe3382682c518ccb8520166ede"
"4CCCF272-7A2D-4ACB-A83F-C9891B659331","5ddc7928e843942979e89e5b869efbb1aa398023d73598dacea56dca23ca60fb","excluded","1e982199965279b42b7f16e95ccd9b9d6f07263de44f07c8b88c9d620531e1a4"
"4CCCF272-7A2D-4ACB-A83F-C9891B659331","5ddc7928e843942979e89e5b869efbb1aa398023d73598dacea56dca23ca60fb","retained","5acdd06e18662f26c88c24d409abb1341a0fb542b5e5cf160daaa4948f83dec4"
"8CD38C2F-5678-4B64-9CCE-FC913F99F07D","703b290000da57db940368a0b7d0455eb5ed01ba0a72107c176cdae833e7ddab","retained","11119b99f8f1faeb506022e2ab1d6412fd57133b621d3f3e709f88755203bd52"
"8CD38C2F-5678-4B64-9CCE-FC913F99F07D","2994a0937bd9d0c46bee9c0ae0fe4bf6c042fab179844edaa34284e4d56c02a8","retained","2b22689cc68bd0a84403a9fbc7f0bfdacd6fa161ca6ef6b9c3bdcc6bceb171d7"
"8CD38C2F-5678-4B64-9CCE-FC913F99F07D","2994a0937bd9d0c46bee9c0ae0fe4bf6c042fab179844edaa34284e4d56c02a8","unresolved","130584562c72fe9af4a121efed34da662903f62d4acb4c7803643b2d99c30ee1"
"8CD38C2F-5678-4B64-9CCE-FC913F99F07D","2994a0937bd9d0c46bee9c0ae0fe4bf6c042fab179844edaa34284e4d56c02a8","retained","a7ba74162da36a1b52a692972672906fbcde7cc569947f921480b4bbe09351a9"
"8CD38C2F-5678-4B64-9CCE-FC913F99F07D","0817cc5bc7c774bd8dc3c0b3817a8bff4b7e0ff66a2bb007239146a44ef22807","retained","128985aa6f4cad1610e7c1dc9b8fc0c9f7c2fd5839e709ab10d515c88c45699b"
"8CD38C2F-5678-4B64-9CCE-FC913F99F07D","0817cc5bc7c774bd8dc3c0b3817a8bff4b7e0ff66a2bb007239146a44ef22807","excluded","77742f41e4fbd4089d1998ebf9dbb77a9daa09d1904c7e41d9cb8c88c009afe8"
"8CD38C2F-5678-4B64-9CCE-FC913F99F07D","4065a9ac3f39aa0d4579caf8bd6a77fc861a55739b3eeb828b56c451355fe7c7","excluded","ed6aceb5a9ed94d83a3db5fda4e323f5d6db84e9fed524ec6e3010ebed427838"
"8CD38C2F-5678-4B64-9CCE-FC913F99F07D","556ff77083131994b04e2baac2f8284718fc21a06beb99042d47d9657dde3464","excluded","6cbf891c38cad593881658093cb44fbae7464834dc352f48cf2b40a980daf799"
"A87AC157-012E-4923-8DC3-E9EFEAC540FF","7b66c074b510dfcea6318deb67e58c42712bdf85b4efb6adc0e7d46267a6f36f","retained","1146ebbc1a61a491af67a3431b61565b95e948c4a270fb1f0873fd93ecdf548f"
"A87AC157-012E-4923-8DC3-E9EFEAC540FF","7b66c074b510dfcea6318deb67e58c42712bdf85b4efb6adc0e7d46267a6f36f","unresolved","3acfb1e7a7b18cc6730a753e0bd273d2dd4511faf2a4d7db595ccd73df3e5222"
"A87AC157-012E-4923-8DC3-E9EFEAC540FF","7b66c074b510dfcea6318deb67e58c42712bdf85b4efb6adc0e7d46267a6f36f","retained","9912e31f839df2cd4aae556cba7c0f4f1d6ddcbc87a4a3f600a8ffd285179840"
"A87AC157-012E-4923-8DC3-E9EFEAC540FF","88100fb55733bd25443109a1fbf9f62918269779cdd12088e4f28d056e3ce08b","retained","d02f88773dc9f0883ca15cde8a3a29e8671e21c1ff912138c9b6b291fa15667b"
"A87AC157-012E-4923-8DC3-E9EFEAC540FF","88100fb55733bd25443109a1fbf9f62918269779cdd12088e4f28d056e3ce08b","excluded","e5f6cb73a77e2f3182760100c1c97ff6565ac111fd9d11de3b6cbc1eff3f22ca"
"A87AC157-012E-4923-8DC3-E9EFEAC540FF","112d9fe1eb84da0eb890277c02481b74e4131c174e087341cb93c7140e2890b4","excluded","856a8aa1779851bf7c167ae23a09af91f2c73c8cf3719acb8f1fde3fb0e42998"
"A87AC157-012E-4923-8DC3-E9EFEAC540FF","112d9fe1eb84da0eb890277c02481b74e4131c174e087341cb93c7140e2890b4","unresolved","7112e4544aeb5b3b48eb7c6b96b193d298f852e7f9abf4012954866233517fba"
"A87AC157-012E-4923-8DC3-E9EFEAC540FF","112d9fe1eb84da0eb890277c02481b74e4131c174e087341cb93c7140e2890b4","excluded","25bf3b4249fd67a27618ae77fd6e52964540773e1f41c275201b93ded1731d64"
"A87AC157-012E-4923-8DC3-E9EFEAC540FF","58aaebd8986884b69b82a00171025174c1930df624b20ff989f6fd937d8ff70b","excluded","0ce26bb31a3f62c7f742e2654c45209d2f3411730fc4e049ab6ad63209c0ca34"
"A87AC157-012E-4923-8DC3-E9EFEAC540FF","079e043d670cb20f780a224ae26ac48d0f25dbf94d0c930db8e2dfd3e84eda02","excluded","9a261779d229cd090859409b334b227a8b95f2640a45d2ddfa3256d571993095"
"A87AC157-012E-4923-8DC3-E9EFEAC540FF","1568fb18b1aeb601e37f34adf135a2c70124cf919b998ff6792d4ff1c02edb6b","excluded","6973791ef078e55e16055c1d0cbfa74ca874a8738a3f4bb97ccf3108eb231f69"
"A87AC157-012E-4923-8DC3-E9EFEAC540FF","1568fb18b1aeb601e37f34adf135a2c70124cf919b998ff6792d4ff1c02edb6b","unresolved","bd17863064a3e2a2c0a7a9915410f7ca7d52be3ebb7025415774e20cf1736c26"
"A87AC157-012E-4923-8DC3-E9EFEAC540FF","1568fb18b1aeb601e37f34adf135a2c70124cf919b998ff6792d4ff1c02edb6b","excluded","8eeb5f7f8ad71ef42d4b8f053ab728a8c3b82f8f1e7c28941b7f811d6740976a"
"3B1951EC-9380-469E-8405-F33DDD904C27","3187b8307fe273e0f003ba6e90b3f7b36e3ee61ded98aa041fa1a42f2209ab4d","retained","9685e90c991c3a0af25d019007a4f7859f057114828cedafc79030a9354306cf"
"3B1951EC-9380-469E-8405-F33DDD904C27","3187b8307fe273e0f003ba6e90b3f7b36e3ee61ded98aa041fa1a42f2209ab4d","excluded","d9cfa42ec95e9e9c620b0a9869041cec720c20cb20118a0c7146d7b2bdf1ef2a"
"FDD479C7-C993-493F-8B38-C36FBD2487F1","f8a6e5e372ada6554c0ec0d1e4139e8196558f63a88e9e4da8bbc2e198913d77","excluded","e42097bab61b4d8206753b8774e4eeb5edad4634c77b3dbef8dbc88f8cd73119"
"FDD479C7-C993-493F-8B38-C36FBD2487F1","f8a6e5e372ada6554c0ec0d1e4139e8196558f63a88e9e4da8bbc2e198913d77","retained","6f58aec6bb8dda0730ae5e901d00f9f36fffa38296dab147d829fa3272c4840d"
"C550CF95-1D4A-4DF2-BF32-757A0DC3391E","11a75d764e2af90fe2ed4ed875d6d5f7ffe3f6d9f14a4ec527726c9464a66792","excluded","dc7769a3e44d1a2cbdd0a2b41b0e58a63ad275283ebbbb0d093d8d06e674555e"
"C550CF95-1D4A-4DF2-BF32-757A0DC3391E","11a75d764e2af90fe2ed4ed875d6d5f7ffe3f6d9f14a4ec527726c9464a66792","retained","6aea3053e53e3808e7f07845cea29b6cfac54207166ed81ca788b77617cc8621"
"C550CF95-1D4A-4DF2-BF32-757A0DC3391E","1ca516588898e6b29e3ca044116b54fc43f0f07c5a7ab57f01c9f221d7a89383","retained","ddf33b9795bfb4059afb4de3bb256189af6a8325d185ab13e41944e431cf9f57"
"C550CF95-1D4A-4DF2-BF32-757A0DC3391E","1ca516588898e6b29e3ca044116b54fc43f0f07c5a7ab57f01c9f221d7a89383","excluded","b23b3f6ae8765fd24eab9a52acbd0800ae8e29d2c5e2b48bd8986c5df6228c44"
"311A4C0D-F12A-498D-9A8D-A90BBF6A4C5F","2e53e87fe7f7bb92ddc2bf7684605b8278bac32f16c92fbcf915374e2273aa6f","excluded","78961c0186e37b59d10cf4abdd3a7d0016276d64d660a793fb607547f1dae7c1"
"311A4C0D-F12A-498D-9A8D-A90BBF6A4C5F","2e53e87fe7f7bb92ddc2bf7684605b8278bac32f16c92fbcf915374e2273aa6f","retained","7eaa0a59a93e743fa08b0ae919ed7e45e3468894ca5a83d8aa4ffc101ca4fa80"
"26B18614-4521-4FE3-BCC3-93F6CBD71866","b76966baecc9f1caaaebdc0a079c2253cf23ed81dcac328dc9c047725a35dc2b","retained","6962d84e30918f8056de65b0b02bcebed285d459142e586f7825edf227c0f963"
"26B18614-4521-4FE3-BCC3-93F6CBD71866","a9264fdaec08dfa90945f358a49d4bc07cee4e9b202db57505315ae0783f6690","retained","ddb0c87f8a424623ca13998813fafd11dc2c94acb43c331002b7bc9193e65b5f"
"7033C03B-7C86-4D4E-A888-7B08740810EA","8b58c0cd046ff54b92828bd086d36fbc9c03060c9e2a86d0b3bda624d568081e","excluded","41dba667af94319d6175e0e23f0a512a9d2a6e12fae481c0b9a55dff6a4fcb88"
"7033C03B-7C86-4D4E-A888-7B08740810EA","8b58c0cd046ff54b92828bd086d36fbc9c03060c9e2a86d0b3bda624d568081e","unresolved","dc2349ef9e1e8e0f1931de16faa6ea50cc17d17957e4bce00613221d9f182c5a"
"7033C03B-7C86-4D4E-A888-7B08740810EA","8b58c0cd046ff54b92828bd086d36fbc9c03060c9e2a86d0b3bda624d568081e","excluded","6ef93dff2214b40d53ab30d94b1a84581cadded1660bda75967dd6b558b0418d"
"7033C03B-7C86-4D4E-A888-7B08740810EA","d62edbca63cb84f25fff8ca62a20e537dff8147310503d758697d094361e5b50","excluded","2cf11c749f11f103ba816046715c4c783794486aa01e09b54c401c67f98bc69e"
"7033C03B-7C86-4D4E-A888-7B08740810EA","d62edbca63cb84f25fff8ca62a20e537dff8147310503d758697d094361e5b50","retained","2fcb1c3fba5d5799e1f5b7b44910d2897142e48e51cf1b99b2a9b7ad828c08cb"
"7033C03B-7C86-4D4E-A888-7B08740810EA","0c6176b0cb13687527a6186b9e1687bd00f7c13f2dc373dfdba8c3d80e7a6a22","retained","0f17d256443bac2d8c1616dc97724307449f6b3574a3d4abe5b80c9a46545f23"
"42C0D56C-58B1-4465-96B3-DB88476151AC","ec68ab5da4b07489c641e57f77b02a66b1f0866800993dfe00690f4ad22736f1","unresolved","bddff7873f1ff1e4f0a5679e91fa888c833ad2aea06bd1f8e66725101748f87c"
"42C0D56C-58B1-4465-96B3-DB88476151AC","ec68ab5da4b07489c641e57f77b02a66b1f0866800993dfe00690f4ad22736f1","excluded","d221e4fe08cd2a8904a69d97051964ae7f4e15041af410c7003894befd5f16f8"
"42C0D56C-58B1-4465-96B3-DB88476151AC","9e53dff38b32d37f5513cd184a0168b4268a571387c61c8903e8602a362ab4fd","excluded","02525322b1da655f06bc4e18982bcd59f1b828baf7fb95075fa2ca98b5d79994"
"E7805B1D-FC01-43FD-A8E9-9B99035128B5","8fddd2f9c88a79c44d1ecf93032a44972cba1713bafa78f05de04b5a03630ff0","retained","3d6ec470a5e5b8318765f260456518ddeb3293a8a22b1fc5b2ae4a619dab864a"
"E7805B1D-FC01-43FD-A8E9-9B99035128B5","0969db621bba5f442302404a48c62f331453754506820797ba9a4be2b40e6dd1","retained","23b7b00b0b2b6112b1b2d7505587b45b28c5ae06f7721e20a9ab7e9dcc32ec53"
"E7805B1D-FC01-43FD-A8E9-9B99035128B5","0969db621bba5f442302404a48c62f331453754506820797ba9a4be2b40e6dd1","unresolved","aa1830f1bcd5b16e3ac1ee0548e60550970bc839dd75eb8cc1ec20d7445f0e73"
"E7805B1D-FC01-43FD-A8E9-9B99035128B5","0969db621bba5f442302404a48c62f331453754506820797ba9a4be2b40e6dd1","retained","b5bef6de9fd62b2f8ce5beba80cf92df3af34b094d629bdbbb8ac561dec5b86e"
"CC563EDD-AD89-4838-821A-C0EBD4590987","6eb804e3b4ece17ee70622e0399f749bd12210ff6a8f0fa1c34015703fba7bb0","retained","204dedb3fba5b716087a4f03102350e3f28b618897e6fb70fd420559b28f4081"
"CC563EDD-AD89-4838-821A-C0EBD4590987","9a5f8ae745dd3e67ceb423e8f64f87045d6a8b9da14f6ba61cf1d1ad66f648dd","retained","b282f8e3343a46f796dad6a9ae003c99df893c5743197984251a1c0d2f55b7f1"
"CC563EDD-AD89-4838-821A-C0EBD4590987","9a5f8ae745dd3e67ceb423e8f64f87045d6a8b9da14f6ba61cf1d1ad66f648dd","unresolved","189b5a3b7d012af4d0c3918f7ba2a1ffa719a74c578f084159ea5a69f6c673af"
"CC563EDD-AD89-4838-821A-C0EBD4590987","9a5f8ae745dd3e67ceb423e8f64f87045d6a8b9da14f6ba61cf1d1ad66f648dd","retained","cee472cc810f9f578111e88f5732e73b080ad6f641df58a5abbde44370897f93"
"A01E6AC4-7286-4835-A9A0-E7197A2C5E26","55d4d2f7c2c485e551a394da889c4fceecc8a530921b93f49994ca200c0ac9cc","unresolved","88608d79b5074615ea7206676ddc629083e83575f4f2e694e5b28d0097597b14"
"A01E6AC4-7286-4835-A9A0-E7197A2C5E26","55d4d2f7c2c485e551a394da889c4fceecc8a530921b93f49994ca200c0ac9cc","retained","ee9bf8120799c5a590fe624f3eeb9b1fc783479c8fe71e2dce9068162b02efe3"
"A01E6AC4-7286-4835-A9A0-E7197A2C5E26","62b821aff82527ee5c730055dcb533675f2f2d23035f7e4b5915fa5ef6750c0a","retained","650f3152cd4df94e84d17c5a3011a880c11574e84f734e61e350b4fe6fca4d7f"
"A01E6AC4-7286-4835-A9A0-E7197A2C5E26","62b821aff82527ee5c730055dcb533675f2f2d23035f7e4b5915fa5ef6750c0a","unresolved","8c082544ddc022c4d62e5b1062f0b5a263d95a76e1dae834c13a8a502a8812be"
"A01E6AC4-7286-4835-A9A0-E7197A2C5E26","62b821aff82527ee5c730055dcb533675f2f2d23035f7e4b5915fa5ef6750c0a","retained","da8dbd3cf7014e8119faeedf27f06d1916bd81083fe308fd1258e8a48eba7f54"
"A01E6AC4-7286-4835-A9A0-E7197A2C5E26","fb979b68baf4384256c0023bd521392024949efb0c0bdcecf32b812b7793b5cb","retained","0ff8685329da00ffa4a82cdc955039f74ffce4b74a5738c7eaed2db0012aad59"
"A01E6AC4-7286-4835-A9A0-E7197A2C5E26","51093b3b2299286ab6f069cba71b58f7c06ba992622c125f478bed505644e492","retained","0e1a470dd55717cbaa17a72a8efa37e0efeb04ac976d4110ccfec485ed7e1750"
"A01E6AC4-7286-4835-A9A0-E7197A2C5E26","51093b3b2299286ab6f069cba71b58f7c06ba992622c125f478bed505644e492","unresolved","5593efda19ae1c639945317b7bb7f4e2d9cf7c48ee4dcf70056d2c188848f0e2"
"A01E6AC4-7286-4835-A9A0-E7197A2C5E26","51093b3b2299286ab6f069cba71b58f7c06ba992622c125f478bed505644e492","retained","4f6e1e02281782d996206f899488b6a28cfd8bc70bd49551e92dba6d2357b2d9"
"A01E6AC4-7286-4835-A9A0-E7197A2C5E26","4211fd22194aa8cd7500cc8ca91b76762dc414119c11a0bc264989ec9d779a24","retained","a31257bde566bf41c7691b750cc98b1f156d64fa7e5ed6b791778f2bea232ce1"
"A01E6AC4-7286-4835-A9A0-E7197A2C5E26","4211fd22194aa8cd7500cc8ca91b76762dc414119c11a0bc264989ec9d779a24","unresolved","24a5091785763a15035713b7f2b812a025c9b99a132d9369d47751bc72c84b7c"
"E3D1E641-556A-4400-A106-5CD3B75D9657","90bb6637bafd91ef38097be073d27dc43ae8951553429ea5c3f218a481ff1470","unresolved","7aef736c9bf224fa22956e41f5457f9cfb324b52819a73ca7b3a986d2cd5c51e"
"D5D15098-8C57-4CB4-BEAF-2256B8CDE3B6","aaa429085fc2394e7a524af6c905e85edb61f17ca5c53a8fcb1efc15765b73a7","retained","4f71915f37286ffbc4c9dca2f5721358ab5043890280c820ba8efd8e19c5861f"
"D5D15098-8C57-4CB4-BEAF-2256B8CDE3B6","aaa429085fc2394e7a524af6c905e85edb61f17ca5c53a8fcb1efc15765b73a7","unresolved","c3940497bba2ac30c86972ba71cb9f22ab3b3626e398ed52b1856175d20c0d5b"
"D5D15098-8C57-4CB4-BEAF-2256B8CDE3B6","aaa429085fc2394e7a524af6c905e85edb61f17ca5c53a8fcb1efc15765b73a7","retained","1a6fec22842561b531296843722d1dc4275ed44884e89e1291bc97a0fc06654c"
"D5D15098-8C57-4CB4-BEAF-2256B8CDE3B6","bc87d8225f6ef7cb7d512591fc96ba24e6c4586bea22ea836344024507f74aeb","retained","db6b87e1e6376dbf8919d60545258cc1e94bacc231fbd06aa92929e83a60daf6"
"D5D15098-8C57-4CB4-BEAF-2256B8CDE3B6","bc87d8225f6ef7cb7d512591fc96ba24e6c4586bea22ea836344024507f74aeb","unresolved","9e4b0362b448aeb2eef7375fb92f13768f14815f6fda9d2b9879acae38414a3e"
"D5D15098-8C57-4CB4-BEAF-2256B8CDE3B6","bc87d8225f6ef7cb7d512591fc96ba24e6c4586bea22ea836344024507f74aeb","retained","bcec7b145c23194478f0a15d87fca8d30d6f96b2faf7a82622cbeddc708d15e2"
"D5D15098-8C57-4CB4-BEAF-2256B8CDE3B6","5d69f00aaafd95ed59b2c08f8b87223a69269c50f108bdcc23503be3abcac92b","retained","98721ff1f693cbddecbba846ae674a1dfb1756760f12146c124356794fae3322"
"D5D15098-8C57-4CB4-BEAF-2256B8CDE3B6","6d975c5284696609d36673ad3feb7959ab20bdf637ecb7c1b3bfdb83d7855455","retained","29036c0702c5eab67e377eaa0b0369f96b5fed3d7b017d697da98fb62e1d78ed"
"D5D15098-8C57-4CB4-BEAF-2256B8CDE3B6","6d975c5284696609d36673ad3feb7959ab20bdf637ecb7c1b3bfdb83d7855455","unresolved","37a495479a8a7822298839ff34470c42c03d54fdade0b080396e859ea001b4bb"
"D5D15098-8C57-4CB4-BEAF-2256B8CDE3B6","6d975c5284696609d36673ad3feb7959ab20bdf637ecb7c1b3bfdb83d7855455","retained","c93cbdc894f899656db80484a778d5ffe5bc58bd84414f33614bcc69365690fa"
"D5D15098-8C57-4CB4-BEAF-2256B8CDE3B6","a82b4c0237b12218ef6cc1d07991cc392019f13d77a334df7a3f6e2bc86d4b86","retained","6731f7703e837206dbb1c775d04330fa061287d7e3cc5f5c37799b2f294a3bc0"
"D5D15098-8C57-4CB4-BEAF-2256B8CDE3B6","a82b4c0237b12218ef6cc1d07991cc392019f13d77a334df7a3f6e2bc86d4b86","unresolved","ce5468d643a0a15c3e33b5c09b87be86e646529cbb1508e6ab04fdb339893eb0"
"D5D15098-8C57-4CB4-BEAF-2256B8CDE3B6","a82b4c0237b12218ef6cc1d07991cc392019f13d77a334df7a3f6e2bc86d4b86","retained","2d8f149ce86e1200866be31885b5de4aaa7a8b0c67cf42a78b8147ca4ee8d95f"
"D5D15098-8C57-4CB4-BEAF-2256B8CDE3B6","24b5b09303b3a970f5942bd05101abcc1534700ddd59d94198886788cbdfb45d","retained","c62df705bd0a47ebcbe32edf86b5fb2a2f55821509f953e348536317c8343b71"
"D5D15098-8C57-4CB4-BEAF-2256B8CDE3B6","24b5b09303b3a970f5942bd05101abcc1534700ddd59d94198886788cbdfb45d","unresolved","689be4b79f78c10ee2bcf91a50d8c7610fec46a7c933660a92274167792403f4"
"D5D15098-8C57-4CB4-BEAF-2256B8CDE3B6","24b5b09303b3a970f5942bd05101abcc1534700ddd59d94198886788cbdfb45d","retained","ace7ad75dc4e374ab758fa16e9f5a415d84ed069daf9180e4c727a69a4cf9981"
"D5D15098-8C57-4CB4-BEAF-2256B8CDE3B6","60b96922c752ec7e40208ef5a1a3048068adc9b7d23fad23af93fa40cfa38b23","retained","64c16a2e981c62abfe75bcf029e93bdaa317291db211f2187f98bdd4f81cf458"
"D5D15098-8C57-4CB4-BEAF-2256B8CDE3B6","60b96922c752ec7e40208ef5a1a3048068adc9b7d23fad23af93fa40cfa38b23","unresolved","85c40f97c680e29bac5655f02095c2c4de724a84bfb9f329d78faeeaf2333a82"
"D5D15098-8C57-4CB4-BEAF-2256B8CDE3B6","60b96922c752ec7e40208ef5a1a3048068adc9b7d23fad23af93fa40cfa38b23","retained","3502e8791c64a93371159e5204064133684a2231da4a645f00bfaf83a681dcfb"
"D5D15098-8C57-4CB4-BEAF-2256B8CDE3B6","3de8cd70ffe5b01806b1ab91caed602b24be3298d6f992846713e5ebdc4c5079","retained","a58ab3eb954b22aee6995154bb90fc70f844829f2f9795086a9715273e7da9d0"
"D5D15098-8C57-4CB4-BEAF-2256B8CDE3B6","eeb8d740e2df9aa4cee23114294aa9120571cbe45a7c1c5addaefc09e20016fc","retained","778708913a63c0c06c0bd75f81d271c6aac36ccce46b4c8328b86a1aa0ba1014"
"D5D15098-8C57-4CB4-BEAF-2256B8CDE3B6","512439e40fab89bffc2e01707c242c00fbbc5c65c7e9bc978e2d54eddb5c04e0","retained","23aad4248ffd2ae8e47812515b4ac449843f3a66b8ba37d02b76f8915b0a96f7"
"D5D15098-8C57-4CB4-BEAF-2256B8CDE3B6","512439e40fab89bffc2e01707c242c00fbbc5c65c7e9bc978e2d54eddb5c04e0","unresolved","a1a002fa4420ab5d66b0f64fd403bb7ff4a7bdd3abb51ef67b57b87aa834f4b1"
"D5D15098-8C57-4CB4-BEAF-2256B8CDE3B6","512439e40fab89bffc2e01707c242c00fbbc5c65c7e9bc978e2d54eddb5c04e0","retained","502c70d6f2b7fa7ae34ec9464c5ddd8639ec4a13e5fdc2fbf5d11d9f28ae831c"
"D5D15098-8C57-4CB4-BEAF-2256B8CDE3B6","512439e40fab89bffc2e01707c242c00fbbc5c65c7e9bc978e2d54eddb5c04e0","unresolved","0d95c40c52577b17a1e711e4193c710b3d55661dafb673f253219a233018d617"
"D5D15098-8C57-4CB4-BEAF-2256B8CDE3B6","512439e40fab89bffc2e01707c242c00fbbc5c65c7e9bc978e2d54eddb5c04e0","retained","dd7e42109a4cad7e984dfa1f2bf1dd245e23a03f0bf4b93701eae855d541bcd0"
"D5D15098-8C57-4CB4-BEAF-2256B8CDE3B6","ae04b5f9dd4fb38e09f4d2c7c51750d8b0fbaef36e78012276304ff38c0e018a","retained","9451668014dc8095c103ba6692e90ebe6aa76b8d2f24301cda8d1acac481a4f5"
"D5D15098-8C57-4CB4-BEAF-2256B8CDE3B6","ae04b5f9dd4fb38e09f4d2c7c51750d8b0fbaef36e78012276304ff38c0e018a","unresolved","672d3ca313bd3f5fdcc7ceca41a850ea0721ec23540af636d6101b92dcf30470"
"548F0959-73EC-468B-91F7-22EFF3FC7CD4","ea13dea9965be546310a5530bbd264db03f1a515acb57369e84ad4822c9ad21b","retained","c7bd07cc7d91c5975c7515f498f8b1c8abfd5b3a5f9a6617fa1ea52d52afaff3"
"548F0959-73EC-468B-91F7-22EFF3FC7CD4","533c7853189b92ce57a218cca5acffa2f9e3e3901bedc025f36a837fd18d5df6","retained","fb25b955714a27fd9c83f4c929e087842b75a22eafeffd138f5045d392f99165"
"548F0959-73EC-468B-91F7-22EFF3FC7CD4","4ddbeab3c38eaf46123576b2ef0869026b316a9e625455d17f142285fb7feacd","retained","44c2b72b9ac397d0225d8cffb7362fbb42eade3da1bdd1d2698b3659670eaac5"
"548F0959-73EC-468B-91F7-22EFF3FC7CD4","4ddbeab3c38eaf46123576b2ef0869026b316a9e625455d17f142285fb7feacd","unresolved","a9c9e6da3b1b06181b56d66d5186954cf7a40106ba6ae9dc8effef569a07762f"
"548F0959-73EC-468B-91F7-22EFF3FC7CD4","4ddbeab3c38eaf46123576b2ef0869026b316a9e625455d17f142285fb7feacd","retained","7b5e19c6ef6c2ab6db1811c526ba48ecf364c5f803328e6235fd7000a6130d46"
"548F0959-73EC-468B-91F7-22EFF3FC7CD4","f099a6ba84b5f86f563bdfd3cf87cf7d08934ce03dae8358d17498f5127a92cd","retained","db546950d301e9c6b7c092dbef6a76215b3d3b4498111798e20035e83bc6ec14"
"548F0959-73EC-468B-91F7-22EFF3FC7CD4","f099a6ba84b5f86f563bdfd3cf87cf7d08934ce03dae8358d17498f5127a92cd","unresolved","1ea4284dcf621317804a0b3567a10a87e434194e8494a907cbd28c124c4777a6"
"548F0959-73EC-468B-91F7-22EFF3FC7CD4","f099a6ba84b5f86f563bdfd3cf87cf7d08934ce03dae8358d17498f5127a92cd","retained","7fa2843547f3bada3677a86acd5e815449f4eace7532b399bae3ca6c7fd518b1"
"548F0959-73EC-468B-91F7-22EFF3FC7CD4","1efe970dede6e8c89a058d2e9bf1132fd16966f12a53a5cf0075cc27f44e56c7","retained","d1aa67978e71e00e94df86093eb2c36c8ff656042a9de498aa76c5bebe3a9207"
"548F0959-73EC-468B-91F7-22EFF3FC7CD4","ef639919cedd982d14135d0c735418760a16a6d3d98cba35a36aa0f567e1c403","retained","6cc6b77a78a7737c2dd2730005fd0180158ed6805eb0dae432495affe33d9c86"
"548F0959-73EC-468B-91F7-22EFF3FC7CD4","c16939dd0a48fe1529d8c65b54afc049d143aefe90a9990239faf74574c82d3e","retained","6c6daea662202321fa69c49e19644af49d307ac85da51b1f92bbfcecdaa30999"
"94DF8FF2-9E53-4F8D-B4E5-9932B4177BDB","e9e4f713cd14a7d631d196fa6153a11ad70377f13c76108eb4248877ae1fa0ca","retained","eaf7201a87976db05e55032f986c4b174f2aff0e92f8003c829f9811b780747a"
"94DF8FF2-9E53-4F8D-B4E5-9932B4177BDB","e9e4f713cd14a7d631d196fa6153a11ad70377f13c76108eb4248877ae1fa0ca","unresolved","79a2f2b8caca1ed918c3fec2f2f80191a43cbfb946bfe67e0de9d9b3da6b9c0a"
"94DF8FF2-9E53-4F8D-B4E5-9932B4177BDB","e9e4f713cd14a7d631d196fa6153a11ad70377f13c76108eb4248877ae1fa0ca","retained","ecaabad558882e569101c0bbefafc9abfc5b3ff2c15131714c57bb15213be78f"
"94DF8FF2-9E53-4F8D-B4E5-9932B4177BDB","de1f211f56c3828ddb7d7b63bd1f1285cfb9fc8331a846f195d75b6e5c8d7382","retained","7d3c53c010b8534ae786b6ad36f81e527952082932522e71e28e546134e7d3e9"
"94DF8FF2-9E53-4F8D-B4E5-9932B4177BDB","de1f211f56c3828ddb7d7b63bd1f1285cfb9fc8331a846f195d75b6e5c8d7382","unresolved","a0ba3c1b2490f1173c3c4c66b00d092cc492459a36d3bb42cdb897061511a3f6"
"94DF8FF2-9E53-4F8D-B4E5-9932B4177BDB","de1f211f56c3828ddb7d7b63bd1f1285cfb9fc8331a846f195d75b6e5c8d7382","retained","9e917dabf80486a71c80efe1204b3186edc242344c0ce3b4bdb2e5bb85f69506"
"40CE6DFB-D755-442F-B62A-4679CA0F8056","5ab1e3441504303a437c3956c5f129329b929621637f3fe2f5fd4e3cda0f19d5","retained","3cadb733380f7f949c087cbe07ac29a92cae1f9adaa0ac547e6b5564a9f2dd10"
"40CE6DFB-D755-442F-B62A-4679CA0F8056","5ab1e3441504303a437c3956c5f129329b929621637f3fe2f5fd4e3cda0f19d5","unresolved","6038122bddc6ecdcc2f750c7d3906987c29268520d03a01ef7946bae637cf411"
"40CE6DFB-D755-442F-B62A-4679CA0F8056","5ab1e3441504303a437c3956c5f129329b929621637f3fe2f5fd4e3cda0f19d5","retained","03b47ad6bdf0d863b039cea2045839ac9d8445eb889a6a418e1faeef635353ed"
"40CE6DFB-D755-442F-B62A-4679CA0F8056","c0d7ccc427686d50795fa6933acb68ae21f3b31e5f208d92b995bd5886845822","retained","1c4d0d0ba8bdb4be280079aa715347ca8a7c6ac6373a2b57baa811b705807a8c"
"40CE6DFB-D755-442F-B62A-4679CA0F8056","c0d7ccc427686d50795fa6933acb68ae21f3b31e5f208d92b995bd5886845822","unresolved","304929f57f620e6b4813b1a94c3aae714dbbb43a6d08614a1d430e0e622ce066"
"40CE6DFB-D755-442F-B62A-4679CA0F8056","c0d7ccc427686d50795fa6933acb68ae21f3b31e5f208d92b995bd5886845822","retained","c8a9cddad2cb8c56d5932c48d4e3b347f355b79b0bf0a2c6167a4adfd466f94c"
"D7CBF18C-D5E0-443D-9EC9-6022D752B0D8","ae1a7c9c824b058e0afe2b892c0bcc32e435349fb82ad02a0bff1d894da3e03e","retained","9847efe4ee34700311e55b4ff7cd0a605f01ccd4d7cdf8a094be613ecc73c62f"
"D7CBF18C-D5E0-443D-9EC9-6022D752B0D8","ae1a7c9c824b058e0afe2b892c0bcc32e435349fb82ad02a0bff1d894da3e03e","excluded","cee4c62daa6fac813de5b386582f96d2e5ad724db4296c5b7411dd11fecbeeb5"
"0EF65D17-A7BA-4F53-A370-6D7A4FAFD007","5696519ce765b42c8f32fb10f35307bc06996a9a681037788da8f1ca08b9fe87","excluded","0dafc0b59567dc201e3e7aa73dda03afc012c3e50297de5db3431331332fbd98"
"0EF65D17-A7BA-4F53-A370-6D7A4FAFD007","5696519ce765b42c8f32fb10f35307bc06996a9a681037788da8f1ca08b9fe87","retained","71307d7aa246d199a72c38a59ce8aa1908f18a9af3796225402bdd01b8989775"
"D6EC7A05-5AC5-485A-80C2-28CE21FEA4AA","c2dede092ca17c6f1417ab0e8a25f3067bff5630acc7a8362abdefd289277baf","retained","e91c2591547c7ccbb8b25be995a5fa470196135f4ac3f7a0150c529a8cf60b28"
"D6EC7A05-5AC5-485A-80C2-28CE21FEA4AA","c2dede092ca17c6f1417ab0e8a25f3067bff5630acc7a8362abdefd289277baf","unresolved","ec60cca1a5c82a91a50759c092df5765098e659a399f381831e3de56503e2898"
"D6EC7A05-5AC5-485A-80C2-28CE21FEA4AA","c2dede092ca17c6f1417ab0e8a25f3067bff5630acc7a8362abdefd289277baf","retained","517b0c52c34ff36e728cbbc4a8dc0ae8aca592331887ecd8e27a025df4d5c062"
"D6EC7A05-5AC5-485A-80C2-28CE21FEA4AA","b32915681d1052b22740a2bc7c9c96c9230a9526ddd55fbe2ab5b68258241afb","retained","e9de6a91fbe482ccae106c99261d57a5008ca175f770be61b9c81afa6fe63dbe"
"D6EC7A05-5AC5-485A-80C2-28CE21FEA4AA","e5637fa2fd67f5be5ccb98a642050b97dd47f34de3e52737afc063ad1966a766","retained","44f62ef9050d650f8865fed71ace4373ecfb944e5239ab5ce15415625bfaf7d5"
"C79D7D18-394F-44B9-9695-559D08DA99E5","74374fc9d22dfef636816edfffb0e31e3316f50132a54dfa7b49970f70974b9d","excluded","37d78205444a3abf5880788663540e8b6f2b2305a78b45c80fec773a7843f814"
"C79D7D18-394F-44B9-9695-559D08DA99E5","96b4e42c30c4c6684114c894bb02836f10fa27490153f0d77946a1f33336c374","excluded","8de4e43271c0101b1722961a312df2fd134c4ee99487d41537d1bdf20e535416"
"FE9F7DE9-072A-4332-953A-157E8B405153","40897ea5aef0142e365caca70d232b844f5115e950bb9de09c566b429c5dbaf6","excluded","f24acd373a487e8ec35e8542ed6e3a407cf30de97830cf6d5b34d206eedac01a"
"FE9F7DE9-072A-4332-953A-157E8B405153","40897ea5aef0142e365caca70d232b844f5115e950bb9de09c566b429c5dbaf6","unresolved","e52fc61a307838fe25706ce2ebe2cafe9cdfb207460ca7148ef6a78be40ddc13"
"FE9F7DE9-072A-4332-953A-157E8B405153","40897ea5aef0142e365caca70d232b844f5115e950bb9de09c566b429c5dbaf6","excluded","207b4ec2f67f5d6aed1e2b4b3cde43e97b231fa069a3849cefac9e0788cbd9e6"
"FE9F7DE9-072A-4332-953A-157E8B405153","40897ea5aef0142e365caca70d232b844f5115e950bb9de09c566b429c5dbaf6","unresolved","6dd73c4822db27f150764eb5ff32e8fbc457afec85ee8673fc13ef8a586812c2"
"FE9F7DE9-072A-4332-953A-157E8B405153","40897ea5aef0142e365caca70d232b844f5115e950bb9de09c566b429c5dbaf6","excluded","df0d3b6eeed8a0839da59a5720c6902bcb6888ab8729a3bfbd8f5b179e2d12c8"
"29D6ECC0-E83E-415D-8834-4777CD4FDEDC","411d46ae29754e09617938096ecd323ee29500884980ddb53b6452ee51aed8fe","retained","da98eee152490a8dce596ee06a71f47ce0846a054ee02caecf395a44dd6fb015"
"29D6ECC0-E83E-415D-8834-4777CD4FDEDC","3c89210f765fea8d1b440ece024f00e32a6ce2cc91032be9f49f472f291f4870","retained","6d45351ed816d44b3a8d56f675a860629d317272fea5d68bb72d437d1a7ffb76"
"29D6ECC0-E83E-415D-8834-4777CD4FDEDC","3c89210f765fea8d1b440ece024f00e32a6ce2cc91032be9f49f472f291f4870","unresolved","74f9e09dc7effb3ababb5aaad73f062c2adf5882d06602d194ccc12ee073eda7"
"29D6ECC0-E83E-415D-8834-4777CD4FDEDC","3c89210f765fea8d1b440ece024f00e32a6ce2cc91032be9f49f472f291f4870","retained","605ce1381a1c8746c501cdc8f708c2a4cd05bf05337d79b36f09d6bd8c124697"
"CF952A1A-F37E-4DFA-B2ED-D54309D445E9","bc4b2b7188a9a6c4db3e891c0d9d2996ad6b83a4a4fd071542826acb50f0a7c4","retained","6e66d213ca8b8413d33c48d3ae27a0e2707874de49ad7d4f23c6601e377f5e3c"
"59EF597B-D60B-4EDD-8501-4B0FBE8E7597","3f7249e48517f995377449cf00a128ccb404e84e048650ca06a1365617de0bf2","retained","c74d598f6bd29b00faa476eb282781e5d9f57aee6695010eac566b55cc4b9ad0"
"1770D261-1861-4F65-A38A-96003E899EE2","a382b1fce1acd6e36b3c81c1966c3d7713b439fafdcf87bb21b5bf979f0bedee","unresolved","f3fdcea525b897b2d2654249013b884cd8b4c57562fea333d46e3541582bef44"
"1770D261-1861-4F65-A38A-96003E899EE2","a382b1fce1acd6e36b3c81c1966c3d7713b439fafdcf87bb21b5bf979f0bedee","retained","4d7900b118d60e74c162ab82a9c8969f472c4d9d57bac46ce8308d02d44cdca0"
"1770D261-1861-4F65-A38A-96003E899EE2","449221fd8a8301c34fd328d1b6f641dd5904d61ce1728130d2fd1ea4b5e389fa","retained","97ee7fee364fe953c17ab518afb0448080c16d66d62edd62c56760d8f7e1105b"
"1770D261-1861-4F65-A38A-96003E899EE2","449221fd8a8301c34fd328d1b6f641dd5904d61ce1728130d2fd1ea4b5e389fa","unresolved","0afc941555ec1a0842cdf01d711aa7ac319bf4366242d43ef1d4990a63788d8d"
"1770D261-1861-4F65-A38A-96003E899EE2","449221fd8a8301c34fd328d1b6f641dd5904d61ce1728130d2fd1ea4b5e389fa","retained","8bfba432d54350c797095327c648f63668ba2319ccfd6409f14171b11cbc2f4a"
"693957A4-52D2-47E5-874E-D204F81BA24E","fdfee1fd9ec31df645d8ea5f805b662d21b11e280c4b75a66092a9dc7db1bd88","retained","0338551068fdf9230d53995eb7f762e9502c0c2892ef0e6fdd1d9d1fe78071db"
"693957A4-52D2-47E5-874E-D204F81BA24E","90ad7d43a3e5300399706d07111c049e0e01016c8677d1fcff5829a39343e04a","retained","a92fc1a7a6711cd356e745d763960ebef8c8f9979bf73e5193cb02a5dda4be63"
"693957A4-52D2-47E5-874E-D204F81BA24E","ba091a6e7d41edcc4bbeb872f35e290d9872d69c716af287641256225b7e045b","retained","3037dca601f15526cbcb37406c03a45f49edfc896835480073fd35eeb6cd725b"
"693957A4-52D2-47E5-874E-D204F81BA24E","ff1c394a1f4dc58c3ad766dfab69376c86602cbfdcf02fb3811d602801cc6412","retained","69857a77ea1fb6ba961d13bacd83e24e01a32909c4c33b46ba886dbd28dd7d44"
"693957A4-52D2-47E5-874E-D204F81BA24E","2c21f96eb78c9415f97d197fd922cbe6a5ed9fc45a2ab3643ab2c65f2e68055d","retained","8b5994cdd826c01d5c1e62320aade557c774be45e1dbaf405d8ed5fb073f8bb1"
"693957A4-52D2-47E5-874E-D204F81BA24E","5b6ea02ee600a951ad7951b47f045a7a5328b7a82d343af933ac10649f26772c","retained","7af59bdb5086f4b63af97749f8c127e9d01b91726e6641af714e8c688b5fb00b"
"693957A4-52D2-47E5-874E-D204F81BA24E","5b6ea02ee600a951ad7951b47f045a7a5328b7a82d343af933ac10649f26772c","unresolved","c160d8633999829bdb4370d706668bf01d6edd94ea1a316453e508bdcaeabb33"
"693957A4-52D2-47E5-874E-D204F81BA24E","5b6ea02ee600a951ad7951b47f045a7a5328b7a82d343af933ac10649f26772c","retained","a74769bd57358d60a52cf333c073b899e78208fef749840108fb813a3a593fc5"
"693957A4-52D2-47E5-874E-D204F81BA24E","a597ae1d0139e15c512e6576ad8cb204950a2058c3189aad0fac50e59c343458","retained","1e73af3e61f55bcba3156e2b465b925210f0b127bcb1ab647a03a612502e50f7"
"693957A4-52D2-47E5-874E-D204F81BA24E","c5cff717ea3748fe4fc1af6bf94d494320af7f003c40d5d3742294e586aade8c","retained","61ca56283a7e71ae5bad3480af41bee62f613f2a3f8576df35aa45a23dec26de"
"693957A4-52D2-47E5-874E-D204F81BA24E","087c0e643fdb0fec6a4ef2a862c982f0676a198f46a5f4228ee64898d40e0b34","retained","456e237923321783944ae2dc15c3abb9a215c790ac9d58521cabd781f58d91f5"
"693957A4-52D2-47E5-874E-D204F81BA24E","087c0e643fdb0fec6a4ef2a862c982f0676a198f46a5f4228ee64898d40e0b34","unresolved","15c31e67158ee606de56c5b8cc520219b05b33afa37a56044c6d3ae87a059c95"
"693957A4-52D2-47E5-874E-D204F81BA24E","087c0e643fdb0fec6a4ef2a862c982f0676a198f46a5f4228ee64898d40e0b34","retained","6f32672bdc17f30624c6ad3fdc73203e095f11c183f85e8bfc3227174db6f98e"
"693957A4-52D2-47E5-874E-D204F81BA24E","087c0e643fdb0fec6a4ef2a862c982f0676a198f46a5f4228ee64898d40e0b34","unresolved","a9da68302eb7125344dddba0e37742e92657f82a0eb0c0f3eef77f11a23b80dd"
"693957A4-52D2-47E5-874E-D204F81BA24E","087c0e643fdb0fec6a4ef2a862c982f0676a198f46a5f4228ee64898d40e0b34","retained","d9cb8cdddd974b8e04d5ead6fce22e9e809b77a19981443d9dac0f15d99ab228"
"13605402-4DCB-4247-A822-1E284F3AEF69","1f457f78d88b8c73aa3a276d9880a1cb930f74cb03a3b40457e07dbc3d6d8ee7","retained","8b4ab93a5c5ae9f33ab330805d5b1c631ff1809836b938e4b78651cb0cac128f"
"13605402-4DCB-4247-A822-1E284F3AEF69","1f457f78d88b8c73aa3a276d9880a1cb930f74cb03a3b40457e07dbc3d6d8ee7","unresolved","15ff16fb01849224b6bdd6ef07a2b9e786282d6519b952031e0717cfb0bf9354"
"13605402-4DCB-4247-A822-1E284F3AEF69","1f457f78d88b8c73aa3a276d9880a1cb930f74cb03a3b40457e07dbc3d6d8ee7","retained","7a06f580919603d134d20b8fb4c4f0df60d512e31d0e90be6dbeb15bd73a4750"
"ACE37E95-DA3F-4B54-8950-A10AF70F2BD3","404f4c30c22c13a45bd6aca0518ab71412154d82f03ce258cf762dfb5b722733","retained","9ab4f38147ad582e4eb1634b62bbda7cd43b647e21a74f6dd00fe0e120d73263"
"ACE37E95-DA3F-4B54-8950-A10AF70F2BD3","404f4c30c22c13a45bd6aca0518ab71412154d82f03ce258cf762dfb5b722733","unresolved","9d49f4ea44480bb96ba0b3f6e56f5a171006f1a25864181de82af1283f4ffa0f"
"ACE37E95-DA3F-4B54-8950-A10AF70F2BD3","404f4c30c22c13a45bd6aca0518ab71412154d82f03ce258cf762dfb5b722733","retained","1ba0312b6a8359cf130fa63b06fd4877b30ab87872c09c39ed8b8e6dadbf2ece"
"A85922C6-F0F3-4152-877F-E8FF0C57C2F8","d846c7ae4d63414d75d1744ce3528cb9c5c40d81cc5204822f8ecf5e155f63fb","retained","bb1e5f7d46a30cd161025c6248ba5801b62c5e92f77cf87d88db63327588cc04"
"5A629815-F5E8-4F11-B29B-BE73C36B15EE","1aac858e981282992f37c43475eccc0275c867381a3f9d7c8fe3ccb30f202e36","retained","0629d50d9a8ac3f33d0254e088ea136561c1204c816cd442eb3035716f799a8a"
"91157D12-DE23-49B9-8445-DD40C058F96B","7734a9db97e51c82d2e6bdbc5ed35e8c29cc150a201ba2779c49b9979713bd98","retained","d77b7079a3a6120093e8c9b1ea6232c2928991f61f42ea2b981ab8ebe6a20a8a"
"91157D12-DE23-49B9-8445-DD40C058F96B","7734a9db97e51c82d2e6bdbc5ed35e8c29cc150a201ba2779c49b9979713bd98","unresolved","f1ceed20dd62554357de3269a082f818744863ae6fc24e390c758ef6d807337c"
"0E545DF3-5D10-460D-B2D3-0633952BDD46","747c70e3701cd1fc9361dda2d4a1bbfaa6318f3bb18676b1e28a76947d6d653d","retained","1afcc1d89236c2bd92c251b03721e4afa6f7deb7f9424a87e157b30afa8e24ac"
"8AFA7E42-4CA2-47DD-9069-D7540DD388BD","58d067b3208af0092f3edfcd504864212eb8b4d4749467637dbc0f6159bac86b","retained","3fd309115ec2fadca51b52ac400b559acf0d9ce8bd7c35ed3023fd7801753af5"
"8AFA7E42-4CA2-47DD-9069-D7540DD388BD","b31b819fee1c2f45ac842da774a742b783f0cec284fcbd79ac4afe673863d1f9","retained","290e2623297def3efe602be9dc79a3f2c9bf32817b1659813b84288cdd8b93cf"
"AAF31102-FE65-446D-8989-16EE29B1EFF3","b72ebae6d4f074b4975c0aa8eac285e3b182807987b3e39d5c07f1d4ac7f96cc","retained","0e29e8f5618832107dec52cc94bb539775a189e502127185241d77eda8ce530e"
"AAF31102-FE65-446D-8989-16EE29B1EFF3","b72ebae6d4f074b4975c0aa8eac285e3b182807987b3e39d5c07f1d4ac7f96cc","unresolved","3ba86f14ecd82e7aab90e24461878f55eabf670ba150577984b6d2fa8b058bdc"
"AAF31102-FE65-446D-8989-16EE29B1EFF3","b72ebae6d4f074b4975c0aa8eac285e3b182807987b3e39d5c07f1d4ac7f96cc","retained","d448c51424626dfdc7ba6773e29ea35b7f2a58314f558b11711b389002c23465"
"AAF31102-FE65-446D-8989-16EE29B1EFF3","b72ebae6d4f074b4975c0aa8eac285e3b182807987b3e39d5c07f1d4ac7f96cc","unresolved","69c823446d1f5801b93ea610960e7d760a49ad5f204c8511019ce61d7c75fd0e"
"AAF31102-FE65-446D-8989-16EE29B1EFF3","b72ebae6d4f074b4975c0aa8eac285e3b182807987b3e39d5c07f1d4ac7f96cc","retained","3b7800a17ad753b03328427339bcb3b100b5e36fcffcd3b2d8b766402477d5b4"
"AAF31102-FE65-446D-8989-16EE29B1EFF3","b72ebae6d4f074b4975c0aa8eac285e3b182807987b3e39d5c07f1d4ac7f96cc","unresolved","bcdad9af2b140538f10c6c0c641d3a760ea04149a3b82515eae8d722aa602d62"
"AAF31102-FE65-446D-8989-16EE29B1EFF3","b72ebae6d4f074b4975c0aa8eac285e3b182807987b3e39d5c07f1d4ac7f96cc","retained","f57e390f6adfebebc0fba4ebf48bcc98908fb368a3bb9fa5cc4b59954551897f"
"513377F6-8E12-4DD8-8097-58B3689FB047","54130894dcd8016d32cff585fe681800d14283837601c87ddde8855306bdb4f6","excluded","964bb9b539680c2e8eea314135d3043e1ef6d99dbd548ab5d91fb8b08fd9c1ce"
"513377F6-8E12-4DD8-8097-58B3689FB047","54130894dcd8016d32cff585fe681800d14283837601c87ddde8855306bdb4f6","retained","adfd91a5f0d1f4a1f4336a854248eae5ee569ad735ed1eb9d442ed4e1ae8b695"
"38579597-3CAF-4879-A2B0-C801C3BFB9E7","7f872da0639f79914d4cd3bafacb9442bf28b326c60d33c2be7b10e65c79a960","excluded","1981772e531673a90a5a4288aef2fd5b2565519d149cd5ad3d35726ee0a14524"
"38579597-3CAF-4879-A2B0-C801C3BFB9E7","7f872da0639f79914d4cd3bafacb9442bf28b326c60d33c2be7b10e65c79a960","retained","d335fbeb6d97103ce9808d3c940c05497908b1348e441d4a10c21ff0d80157e7"
"B8E5E510-D689-4570-81D5-F02A6E10FAD9","0c0babc6840edd299d8548d497bbb024d370541b43875f435ff7d25f9bfbf479","retained","3db3ce1699e5403f1d23b7353030d807ed42fbbd24949e70a9a18d593d49176e"
"B8E5E510-D689-4570-81D5-F02A6E10FAD9","0c0babc6840edd299d8548d497bbb024d370541b43875f435ff7d25f9bfbf479","excluded","70ab3cb89f5d9bf0223458c4305ed24b1f766f5bbad60d9a9ab5f37197786268"
"ED4BF8E6-57B7-4E39-A025-4A74810EF7FE","08f841878e815c23cbf344583529ff4d0427d9b8ede5688f1902bfa136d11a74","retained","8bf7e4f15eeed0a2972dd066282306f4bb04c53fd57eca99e8db23996511a64d"
"ED4BF8E6-57B7-4E39-A025-4A74810EF7FE","08f841878e815c23cbf344583529ff4d0427d9b8ede5688f1902bfa136d11a74","unresolved","9326c0672ee9d26c43333f97f3d7b694c9cc5692857d22fab805e12bb075da1f"
"99C9D72F-764A-4F64-A955-5E5E4E9B48E4","299e5b4d19def5cd790ab843d56a5ab47ceee5da56cbd27183ce493cf21497aa","excluded","7dfa87066dd08dcf08c7a57a006e5d57e5910a7b3397da62d9cffe1aa79b0da2"
"99C9D72F-764A-4F64-A955-5E5E4E9B48E4","299e5b4d19def5cd790ab843d56a5ab47ceee5da56cbd27183ce493cf21497aa","retained","58de3bc22fc0c1ef8ab02ec8141480fe46ea8ec124e99344a3d178ddef0bbaa9"
"A87AC157-012E-4923-8DC3-E9EFEAC540FF","49ad87d79c1bf1568a3b3d0536eac4fd48bb5a7fbec472d68f480db8ae3cfaca","unresolved","c4d31a483a0d33d8b78f3f4c7ac575bdf27b075e1bbac3e965cb47e9e085c482"
"A87AC157-012E-4923-8DC3-E9EFEAC540FF","49ad87d79c1bf1568a3b3d0536eac4fd48bb5a7fbec472d68f480db8ae3cfaca","retained","0cd85962c32e592528145314af084f0c912782a4a3411edc964d7390b70a7574"
"A87AC157-012E-4923-8DC3-E9EFEAC540FF","49ad87d79c1bf1568a3b3d0536eac4fd48bb5a7fbec472d68f480db8ae3cfaca","unresolved","699891469dd51b2dc95d47c78a50a91f3055912f709a19024600a589487431ac"
"A87AC157-012E-4923-8DC3-E9EFEAC540FF","49ad87d79c1bf1568a3b3d0536eac4fd48bb5a7fbec472d68f480db8ae3cfaca","retained","8ed86c6aa5e7057028ef12e6cb7f1d53d6aa6fa78714d073dd82c40a35c5066d"
"EF3036DA-2B56-4150-ACBB-0009ED87C900","6ece68fc9ee0dab2e83cfd8a18f3187d773a37ccc5dfef80303767b9fd8bc78e","retained","984366418177f42aa2f14cd405048c7a5c04f1f5c296d70f27cb595ba0231bbd"
"EF3036DA-2B56-4150-ACBB-0009ED87C900","6ece68fc9ee0dab2e83cfd8a18f3187d773a37ccc5dfef80303767b9fd8bc78e","excluded","70716739cda53d3acef2f5f3f79a5f40918391159bef286debb7431e81f7f79e"
"4E82A498-3586-4AA7-8713-06F7154D6F75","d78aa7890a977b28ad2296fba4f0fd47d48d9e61c44635c1572e8ac960ffcc95","retained","483d1195911c5713888fbfa6e5a8b1e86673eb9522819fa24703791832d124c2"
"4E82A498-3586-4AA7-8713-06F7154D6F75","48c05fc3b5237fce3c55dec389afc49ea0c7d17a8364f80243a63cec7fdc6dfe","retained","b8efd5d96242c18b5343b3b756bcc3c179a580af4c7bd74cef38e258f76c82c2"
"4E82A498-3586-4AA7-8713-06F7154D6F75","eb10f50e352256f2067370dabd8a953619430502f17f7398c0c7a74579e379c8","retained","412b04153a6498a27a4f534576dc2ec2ec5b0f11329df1d40ff52d60be353612"
"4E82A498-3586-4AA7-8713-06F7154D6F75","39f1e12db9bcff91888d930b3704f8a1490ee6702d3b8ccdfd59e4acf0a23dfe","retained","6d78bdb24f58667ebd33ff3cdf02f04b8e7da410917c72f364d221b98181e8e9"
"4D1E413C-716A-4A01-9D44-B47970E96A09","c97f86f3da094324f6bf8975522b30e77c7e9ce61e96eabfa053ee245871d63f","retained","1d250d053ecf8177213eed5b8a1f2b456c148ceeab0fa3c095ec590a09803709"
"D802FFB4-BBE7-485D-8C2B-134D9DC2EEFD","614a67b1d2ae9acdbb11ef7fd456ea2b35b42e18c44ab0a38e395c4ce628085d","excluded","15c946d89ecae9ab36c8ec4f3c2ef53c64e71898297430caf0b36c434bfd5f53"
"D802FFB4-BBE7-485D-8C2B-134D9DC2EEFD","614a67b1d2ae9acdbb11ef7fd456ea2b35b42e18c44ab0a38e395c4ce628085d","retained","98e58e9fcbc899b9b52ea8b32a6105e26979b29c6f6389d390b9ce43d6415275"
"4A09FCAF-F951-4A28-A8C4-7DEFDC75A7B5","bdd9475efc9fb7f72ce683d64d0c35034d3afecaba3d37c746a191b60ec04084","retained","bfc17483da289db3cd3dbe1a8a4fa2929693345bc02c52d4e4beb8286b49d44c"
"4A09FCAF-F951-4A28-A8C4-7DEFDC75A7B5","267a769b8434e8f8dd6d8bce65fcb31819968b1302a3982ed3fffba3fe93d075","retained","7e63d6a0d1c4ec3cd40fa390204405abee798d49d323993c2423629157b26624"
"4A09FCAF-F951-4A28-A8C4-7DEFDC75A7B5","267a769b8434e8f8dd6d8bce65fcb31819968b1302a3982ed3fffba3fe93d075","unresolved","59474dd81b9620ef9561dc4098c6e38a0f62991f27868abc6b3b0ef28841d85b"
"4A09FCAF-F951-4A28-A8C4-7DEFDC75A7B5","267a769b8434e8f8dd6d8bce65fcb31819968b1302a3982ed3fffba3fe93d075","retained","31422eddd9076cb1173294cd62fd74f8dda56417c4d2159a8ed86288c60e6fab"
"4A09FCAF-F951-4A28-A8C4-7DEFDC75A7B5","267a769b8434e8f8dd6d8bce65fcb31819968b1302a3982ed3fffba3fe93d075","unresolved","6ed0f0d9085532df9994b71af0ea6476c50182dfe350c6db9d2ecea3d763768e"
"4A09FCAF-F951-4A28-A8C4-7DEFDC75A7B5","267a769b8434e8f8dd6d8bce65fcb31819968b1302a3982ed3fffba3fe93d075","retained","06db68df69c898c8b60835c748ddc0e95d0d3cc4fcea7cf58f1f296498e0e03d"
"4A09FCAF-F951-4A28-A8C4-7DEFDC75A7B5","bccd13e534580fca7538512bd6ab8192e8ca8b236d3ce53dd072f5d5ad1cd5aa","retained","28d0ed60eb9298f30377b1ea20ab4ef57efa94313ecd857b1503fa79cafd8c79"
"4A09FCAF-F951-4A28-A8C4-7DEFDC75A7B5","bccd13e534580fca7538512bd6ab8192e8ca8b236d3ce53dd072f5d5ad1cd5aa","unresolved","a49eae350a365456db55c89064caf45a47d697ccb64bbecca889a8914da787b9"
"4A09FCAF-F951-4A28-A8C4-7DEFDC75A7B5","bccd13e534580fca7538512bd6ab8192e8ca8b236d3ce53dd072f5d5ad1cd5aa","excluded","07273e08deaae9e063daceefe94e831f8f8f6eaf87d69000005ce38b690e1072"
"C272A710-FFF2-4A1F-BF25-86D381C1EC75","3d3a2a25186eb91ebf39b1eab73c57fc267317b31c69a7c460ccff8b484739f1","excluded","d41adb2b738ddc1a2866b8a5be25a0871e0bcfbad42c7105c793f879d53494a3"
"C272A710-FFF2-4A1F-BF25-86D381C1EC75","d01ebb181dc7be34a2e82be391db8b5ed65dff584b0b4d19570a95e62084b104","excluded","c0f0d5dd625a765bc4b7ec9e4c32108a3c7c668f2e7b6c7647dbb5a61a39d74f"
"EE556F7D-894D-4676-BBC1-1041C595A2DD","2b0fc7aa56c4c77b0e3ff66879fb1e7dfea7fd6a174e486e7fdb686d650f6b81","retained","d9fb4d305e2eed3957ad7569059a4285c81b2701a25045ee73be21ae1fd38708"
"C08E2A65-3196-4FB8-87ED-7BEDF9F1FC80","753040e95aaf8ddf238d4ab8e7d61f6b68073ec81337a66aae81d1bf534a79b8","retained","c3050f9cf76281b24cf4028dadb0b5fbf1ad276036187531d8ede0439ab0c793"
"C08E2A65-3196-4FB8-87ED-7BEDF9F1FC80","377141dc2cc763e5d74f0e8db2a98054354755792608ebe2796e09c475344e0b","retained","0822b65515a0408b52326a69ffc11e891f3758a8a2d865e2b59055f86371f454"
"C08E2A65-3196-4FB8-87ED-7BEDF9F1FC80","5b897108ad8a7128ec6e5430291b69814490218e4803e69320be3520a683b918","retained","47d161ea3520c296cf7d3102c47142f72b8e376ee59e06d1ec5928eeca39a4e0"
"982D52D0-DAAC-4C41-9A00-38B1833032C8","a2d3e73ee006f9bfc8382c958285266a4fd0bf099bc5968929f9b8450d297427","retained","227971f732c8bcc446fc0e1bdeae9ae493b100bec2552e9bb66aa0127a7c6194"
"2EAEABD2-8DF2-4D35-B68E-353BE77A78F9","76fda28e50c5325c717d3c82fb65c3accdd474561bb3216b18c5577325608aec","retained","57997ca03fc0a5d8236fe2c3cc7bd62c35436d5bb69abe9b237d8bc589073628"
"9249AEF2-DB97-43AE-A7EE-79F7047C0A11","83ea684dbb7657ed9f04bf4a43cd90ecd34207ef35dda0a7eda2fcc5615c19bb","retained","d93dc5d81525fcf5b5ce528ffcd1610338ffaaaf5fc043e7c275605c1e9b9b1a"
"11ED0089-7C9E-49B3-ACB4-4FBCF587CEA8","9db8ad324ef0443f34091991b89f1d2bc9b8eda9516c0690ba11ee9fcab30bcb","retained","59747c60e70af9c2c9ee7b4fa17e775db24cf063d6c619a00226d4a325e11ae7"
"C1DF187E-E79B-49D6-B755-513DF7197314","7316ad3833713eca61be4dee69347e535ffc00d782fc0051acc16ff2bd873e21","retained","ddc3fe3200fd9baab85a0e9a73822de5d1598a6d80fecc6db0c759671b92fe92"
"C1DF187E-E79B-49D6-B755-513DF7197314","7316ad3833713eca61be4dee69347e535ffc00d782fc0051acc16ff2bd873e21","unresolved","13371877c8444a085969ca56c5c48a0ee2bd9cee307781509f1f522ca89aab8f"
"C1DF187E-E79B-49D6-B755-513DF7197314","7316ad3833713eca61be4dee69347e535ffc00d782fc0051acc16ff2bd873e21","retained","1bab2ae5a474eb09567f327fb834e3d66f0a13d1d613ed56cf8c13d56b575634"
"C1DF187E-E79B-49D6-B755-513DF7197314","7316ad3833713eca61be4dee69347e535ffc00d782fc0051acc16ff2bd873e21","unresolved","b794fc74f08926bd999ecec40f05c28db7a51f837e61bc26ff9963dcaa66590d"
"C1DF187E-E79B-49D6-B755-513DF7197314","7316ad3833713eca61be4dee69347e535ffc00d782fc0051acc16ff2bd873e21","retained","3d7b65dc7a22f5724426fbfccc2c258b8e90d5bb2192b978f3e7ffe5ae4a3b16"
"C1DF187E-E79B-49D6-B755-513DF7197314","7316ad3833713eca61be4dee69347e535ffc00d782fc0051acc16ff2bd873e21","unresolved","932a24af1c0535fd55dfa7095c9233d3ad4ef5a601af1a48d9cff3b98e21df41"
"C1DF187E-E79B-49D6-B755-513DF7197314","7316ad3833713eca61be4dee69347e535ffc00d782fc0051acc16ff2bd873e21","retained","a95940636f2b52adda3ee223d76f53406e2038dc6f89151e6a241e8104fe9640"
"3F1379B0-4095-489D-AF59-BC53B5F59652","b0cd46e3dde1d4369f0ec54cc6d66154656f4dbd526318ee33bb78492f516887","excluded","9220a327a6e6dbee060fc8080fa2f2ff3995028a83ca9b60bdb3bb9b3c18dfe5"
"3F1379B0-4095-489D-AF59-BC53B5F59652","b0cd46e3dde1d4369f0ec54cc6d66154656f4dbd526318ee33bb78492f516887","retained","227e0d2e5ce3a158011610c73b5b69098a3222a5248f30e17bef32b427b30fd8"
"3F1379B0-4095-489D-AF59-BC53B5F59652","eed13bfb3a5cabbe4469d792481c56c420a86569c8630373946c8d9189bceaec","retained","34ca85e2c48ac8db67e6cdfdd36de87dfe4300df14dea954ab7de7b91c25817c"
"3F1379B0-4095-489D-AF59-BC53B5F59652","726eae703612a2fc0e6f3a718fe80503f43eb08e4c6317268356b981decaa363","retained","78ff30057bf847bcc0a59d8d0e903fbc344c1a07b94405702ea6dbff35d1c5d3"
"49D87036-6C14-499A-9F78-F18A4CAD8604","bd810ab1651247fcb77062fcdd1eb53d5f14477f6a59f9aeb2e511d5da3d091e","retained","554b7b32270afbac30cd22104d5737ec5302025af80eb5c17b222e6c17ba2301"
"49D87036-6C14-499A-9F78-F18A4CAD8604","bd810ab1651247fcb77062fcdd1eb53d5f14477f6a59f9aeb2e511d5da3d091e","unresolved","8a60af768b79187d038dddb7fc1f6907655602f0680c6f3ee7307e44d042028c"
"49D87036-6C14-499A-9F78-F18A4CAD8604","bd810ab1651247fcb77062fcdd1eb53d5f14477f6a59f9aeb2e511d5da3d091e","retained","d39f6c1d39d60a44834ad84c94a583730eeb07651589af1370b60383b85d2af0"
"4DC43587-0BB9-4C47-8785-9BD57114A62A","c5a64a0c35488dddbdf5643a83e85cd79f2332e1672c95cf0205974a69dafedd","excluded","b8c4eff52e8c03eaee07a3e6e96a1d6b13eac8bc13b8298448d8a176ead3fa3e"
"4DC43587-0BB9-4C47-8785-9BD57114A62A","c5a64a0c35488dddbdf5643a83e85cd79f2332e1672c95cf0205974a69dafedd","retained","345a8576a8b947afd4cb1d0629bd2d92b98f64774d6c0df601e89452026b45fb"
"B636E992-3CF7-4C0F-A69A-DB8B7AAA1957","7d073af3516deb1a556f84d0e13d5e9c8ba96ec2a4b02747d95c79c47a313ab0","retained","3afb1357925d249f8f6311e3e15e91612a39e3295a7f5f11fc72d5e598efb44d"
"B636E992-3CF7-4C0F-A69A-DB8B7AAA1957","624e70f97f0251f81ba26807d24594ce5b18fba2f6860a99cd8dfcc5844cf0bb","retained","144eebbd7a53bba83fa198d20f8bb6d9d9f8bd0f00a8d879702f95c958f26363"
"B636E992-3CF7-4C0F-A69A-DB8B7AAA1957","f4d6b193a1e57e00db80d8af67907fccddb84b73938cb3628bbc389cccfb962d","retained","d14c279114e05bee59ea0df56d9e16267124b480d7c2aae6c0e72fbe6c888ca9"
"B636E992-3CF7-4C0F-A69A-DB8B7AAA1957","22a7ac931e1433165eb6c62cee86a0efa45e68df21bd18d6b266356fcfa2f3ed","retained","560482479ed8b9e1ddb5c52e62ed4ceea3f8bb0f96eb0e9d56ad093bbc2a37b1"
"B636E992-3CF7-4C0F-A69A-DB8B7AAA1957","22a7ac931e1433165eb6c62cee86a0efa45e68df21bd18d6b266356fcfa2f3ed","excluded","659623c85961d84c77a28f31bfe707f5c20a8ba707ff29cb5e0946a9f37f0a05"
"B636E992-3CF7-4C0F-A69A-DB8B7AAA1957","00948dd80a73c79be3fa76f3987608b064f6865c5c6ff191b03065944f383c1b","excluded","09650d42c42547f0c4f675c8d507ecbd8b4be8be0d15689cd7205775ba4f8f0b"
"C37E365F-2C20-4D0A-ABF0-A5CB48FCC2BD","273ff73420bed310418adc562b766c186f88f6b7d4ce2db35e94f14d320ee614","excluded","273ff73420bed310418adc562b766c186f88f6b7d4ce2db35e94f14d320ee614"
"2CDC3AEF-333B-4544-9FA7-0B6CAB54EB4A","731f6797421b8fcb0e60a6d2939bc2277b6f0cd839e0a622ce556ccd4c9cc341","excluded","4b249e83dfef8452e51481f8336411dea6825ce927b6977fff2b4f7004209476"
"C472A1F4-611C-4C9A-BDE4-CD1F3CEE107D","0e74bde4fb429e620419a5f8b58fef2a2bb5531e0605527554860a0aa5ae626f","retained","9b39459544b1278b9481d10d20a3ffec9394e5b34f4c509e8bd46df37db9a028"
"C472A1F4-611C-4C9A-BDE4-CD1F3CEE107D","995e6b41c2be0e21bf1de070ea1854b11b08775ee9ae02d656da57e0da041aa7","retained","6d8f8256a4ecdc55d59b550266c610026dc2eb2dbd977954937e4685414cb63a"
"C472A1F4-611C-4C9A-BDE4-CD1F3CEE107D","995e6b41c2be0e21bf1de070ea1854b11b08775ee9ae02d656da57e0da041aa7","unresolved","d27a36253e47a0869c52f7cb8a1fa4217393096b8a8ebd2569eecee1b5708b0d"
"C472A1F4-611C-4C9A-BDE4-CD1F3CEE107D","995e6b41c2be0e21bf1de070ea1854b11b08775ee9ae02d656da57e0da041aa7","retained","fab691d5fdc310fde439c82402dbe65d1185ee645bbbb2c1ecb1e29f33ba33a1"
"C472A1F4-611C-4C9A-BDE4-CD1F3CEE107D","995e6b41c2be0e21bf1de070ea1854b11b08775ee9ae02d656da57e0da041aa7","unresolved","088c51e3cb33e0f61a9c064e3e7ce72c4a9b31b8020f528e86ae8a2bc1c1aae9"
"C472A1F4-611C-4C9A-BDE4-CD1F3CEE107D","995e6b41c2be0e21bf1de070ea1854b11b08775ee9ae02d656da57e0da041aa7","retained","327b24ee65acad84ae47a444f662315e976cfcc1e7647bcec721b1886f8d507c"
"C472A1F4-611C-4C9A-BDE4-CD1F3CEE107D","b60423f346f2a449945ec001fecde3e2294ec702eca5bca559b61701395d611b","retained","9315c9f343d7816e9856f9e7ec331e298d33f1d26ef84c7c89c609639f7eb2b2"
"C472A1F4-611C-4C9A-BDE4-CD1F3CEE107D","ca04bedcab3950b5350538c55444824cf0b145ba5498688a69330545febf49cf","retained","5e63293323eafa661ac9eaf89b4eb32e15eaeb453fca647423194f49e7d7b64e"
"C472A1F4-611C-4C9A-BDE4-CD1F3CEE107D","b3b94a79d5048e668ef3e99686671ad7374c4680b16870d123098aeca372a18e","retained","1b8488ff5bdd8ce8393a7426a0a4b57362b30877a43752792e397b1a1e8ace60"
"C472A1F4-611C-4C9A-BDE4-CD1F3CEE107D","b3b94a79d5048e668ef3e99686671ad7374c4680b16870d123098aeca372a18e","unresolved","f7a41b48fd210acbdd47741e25a2653e64378f52e029a5cf43d44c459a5daaed"
"C472A1F4-611C-4C9A-BDE4-CD1F3CEE107D","b3b94a79d5048e668ef3e99686671ad7374c4680b16870d123098aeca372a18e","retained","830ff945cd78d1e0bed1d6d1f9dc85b3114f5959effa29dba74cc0c3a4607d05"
"C472A1F4-611C-4C9A-BDE4-CD1F3CEE107D","f606446f495ac807d995c7190553960cb99070ce7fb67698af5ccd508204fbe5","retained","17cf61735cb4464596966e53d609a8e09f8526058ca69a3a1ec2cc131c1e6882"
"C472A1F4-611C-4C9A-BDE4-CD1F3CEE107D","3a3b8c6e623d9fbf4dd0125b1d971f21b198e923d3e184fc1f4ebf319c5a308e","retained","8dcd1c330be5211ca7ea21ac8d44126e5349a24ba63925a8636d61c76184c9ac"
"C472A1F4-611C-4C9A-BDE4-CD1F3CEE107D","2c9ff642bc6c73ecf7b0df06616fc5322211271ff9fc6a4a47ab48b2723da6d4","retained","4af3e71b2e6f5b36e9e56db78ab59d5d1c2a8abc53c5fd1c7ef38c669bc53468"
"C472A1F4-611C-4C9A-BDE4-CD1F3CEE107D","f4ff0e24cec2dc6b8f6c5755f196b6470fe4d607928bfefaa6336ac0a6654fcc","retained","a8a2a5705a8c5db948deda3d647af421dfbaa0bece0cea75b83dcc0a5f9f39ff"
"C472A1F4-611C-4C9A-BDE4-CD1F3CEE107D","f4ff0e24cec2dc6b8f6c5755f196b6470fe4d607928bfefaa6336ac0a6654fcc","unresolved","0ab87a8a156bc3904eeee35dbd9338e2a7c74e318216b1d35fa0e430d5a9c2cd"
"C472A1F4-611C-4C9A-BDE4-CD1F3CEE107D","f4ff0e24cec2dc6b8f6c5755f196b6470fe4d607928bfefaa6336ac0a6654fcc","retained","b36ccad3ba77fa0306708a422c91904a9e4f10b76b8408813710b6e384d1f273"
"C472A1F4-611C-4C9A-BDE4-CD1F3CEE107D","657a0acb38b8b2c5ef5e23a6e116ea9e82f854b20460dd57d2b6faebcc93e20e","retained","657a0acb38b8b2c5ef5e23a6e116ea9e82f854b20460dd57d2b6faebcc93e20e"
"C472A1F4-611C-4C9A-BDE4-CD1F3CEE107D","984e214bd4287c35ec779a27461a30ab8e5b71c0110cbfa70e34acef61d99a64","retained","16ac6870006211001455eeea19c93934bcabb83a37f20634204bac8a977e3e01"
"9D6A9641-9021-41EF-8A99-B3F1CA928530","9f8446a903798b07ef4a214728756793942b6c89b4bc74b15d82a98d3c03d8da","excluded","b7b5312ffcd9bafadd1e61c5a80de8df2e5f43d0354db8085d026ee15993027e"
"9D6A9641-9021-41EF-8A99-B3F1CA928530","9f8446a903798b07ef4a214728756793942b6c89b4bc74b15d82a98d3c03d8da","retained","91d55fc3c2a91487659d495dd97910482333f7e4a8f0cbbd6824d225fae94658"
"049C92EB-5F0C-43B8-8B0C-0E88EC158CC3","929a373f0eed0ff5e02017a471d4d2d48fb3eedf7f2a2581bd4a89dccdab968c","retained","0a5f5235491bb738319c10bf716cd657e7ef7e6ca03ecde7875d31afcedccdc6"
"049C92EB-5F0C-43B8-8B0C-0E88EC158CC3","971d8eedd63c498ed158eac5fe96a3029796bc8365627dbbf60ab2d8392d03a9","retained","cbad7823d71f1cde32df0e8fc0bbe15330ba72bdcec2b046a15e6acc9cc8d308"
"A9B6267B-C2CE-48F0-BE0F-9C4C13DA5BFD","16a32ff0129085fd0fc81711e8a7c0fba4aa019ed720a88e8afde0bf49d49952","excluded","6c0f8b5c4afe5df2688c84f39820a902d51d241778e5662e43cb0f12c523c7ce"
"A9B6267B-C2CE-48F0-BE0F-9C4C13DA5BFD","88be918e901683d79a9689d1131630302dd22ecd47b513bfe5f337e7ef67026b","excluded","510fe57c6c5e941736661f9173913cec16702d2378f549e49e0e075a64199830"
"A9B6267B-C2CE-48F0-BE0F-9C4C13DA5BFD","4c6d6c96f36757b766c23b829b03973dca9db59de57964e97bb59abe3071d72a","excluded","517cf4cf45e01c792cc602a7b3f61301f32c9b549b2519127c4ca9820baf9b21"
"A9B6267B-C2CE-48F0-BE0F-9C4C13DA5BFD","14b6369e98aae357e57ffb073b1d7ffd53b8ac97f82370aadd8810304952ff3e","excluded","14b6369e98aae357e57ffb073b1d7ffd53b8ac97f82370aadd8810304952ff3e"
"A9B6267B-C2CE-48F0-BE0F-9C4C13DA5BFD","e3918ae2b889ce3ef63f00cb84276e2d81ce89d9295bfcceb0d2d441896eeb2e","excluded","e3918ae2b889ce3ef63f00cb84276e2d81ce89d9295bfcceb0d2d441896eeb2e"
"A9B6267B-C2CE-48F0-BE0F-9C4C13DA5BFD","01488bb2f8a2d8166db1a8660e06af2697f5b66fea76893aafb68757415aff6a","excluded","9de1cce6f27a82a1639a80fc58aed144f64a04af2b9fea6fc90df3a614d0fdc7"
"A9B6267B-C2CE-48F0-BE0F-9C4C13DA5BFD","01488bb2f8a2d8166db1a8660e06af2697f5b66fea76893aafb68757415aff6a","unresolved","babc9165fd1dce7800116862911f4d9b2ea2f20dcc0bfcf592964105df94b29a"
"A9B6267B-C2CE-48F0-BE0F-9C4C13DA5BFD","01488bb2f8a2d8166db1a8660e06af2697f5b66fea76893aafb68757415aff6a","excluded","c6685cde1801a56c536291923de49e10694dd1dbb997ba7d0c139c6b0b15a988"
"A9B6267B-C2CE-48F0-BE0F-9C4C13DA5BFD","ce83c40660138f1ea4f88b15d26ef4cf6a057e0cedc65501e37342be6cf603ed","excluded","23acc5087a587414d6bf0d49d73673973ebc498e172fd8d2c1f7a6be24853013"
"A9B6267B-C2CE-48F0-BE0F-9C4C13DA5BFD","ce83c40660138f1ea4f88b15d26ef4cf6a057e0cedc65501e37342be6cf603ed","retained","2d3e3d22e2fb174cbdaa268d8254d85b1db41a30ae27794c9e459f0afecc941b"
"A9B6267B-C2CE-48F0-BE0F-9C4C13DA5BFD","4117c95ac7d6510be4af395442a0bcfe4302d5992d95fcafbf8e7bc0259bd9d2","retained","4a089d534f238843877c9dd61eec442a4a6493fdab0779f9448bf1b05939f677"
"28BC7736-1F56-437D-90EC-D366295778EF","8724e45d533c747efed238aa5ca06982d0bf819d940d60c31e159f6428843564","retained","8a923f1e61235d4678b64e369b4ec8540f9acf402519dd827f92ccbcc9c78d54"
"9F35CE10-5FDE-4D71-AC3A-6D0B269FC65F","e0530c2e8b407bd730d9d56d4e72899ed11b4d057251e36d7f3c1697b713ca42","excluded","3c4ab3055021b272707c3da0351ac229f565eb64550621afc10f0b34c2a4647c"
"9F35CE10-5FDE-4D71-AC3A-6D0B269FC65F","a5773766b22f772d9820e1df76c98f2a13a269667381c8ff1d36a9a7774ff09e","excluded","23bbad9803bd5126c9851b4860fde058b351be11a1cdae3ffa7f90c04e3ee112"
"9F35CE10-5FDE-4D71-AC3A-6D0B269FC65F","06970c8696ea98e92ba860045b047207ec5b986b76447674d6be50976d5ec15f","excluded","27bef2c3e3bdd7f2ac9473b94303d59ad61c5d15851a3589d0d7b002aabc3897"
"9F35CE10-5FDE-4D71-AC3A-6D0B269FC65F","06970c8696ea98e92ba860045b047207ec5b986b76447674d6be50976d5ec15f","retained","5f9a2f451e99c9b6f758bbd9d100bc9bc802b2ce2c99685381402ddd86371caa"
"9F35CE10-5FDE-4D71-AC3A-6D0B269FC65F","9ac08c5f4f9c52c91f8e6543a223435f988f4d68cfdf26438ec43262e82a9749","retained","314b6f754d0fc8d22f5600033171a748dbc84919c8904108f75c32506041b83e"
"D7F3C35F-D088-4D3D-9CB7-9F024853F781","857de550906e85bf5d4fae7a73248eceeb81347ec440546b1923b839488acaf1","retained","84e215a0ae0135030774352fe9196d1601bfc5bff233f0a5fdfa10fd05b71e69"
"D7F3C35F-D088-4D3D-9CB7-9F024853F781","857de550906e85bf5d4fae7a73248eceeb81347ec440546b1923b839488acaf1","unresolved","8687c7dd3d6efcc03cd4a2c0d0b3432e63152b1870704e7b8ddac7517db8c720"
"D7F3C35F-D088-4D3D-9CB7-9F024853F781","857de550906e85bf5d4fae7a73248eceeb81347ec440546b1923b839488acaf1","retained","7d74acf78aeced0a024faf5f4a4b0d1207c2b0115cb28f6178a49d8da10a8ae1"
"D7F3C35F-D088-4D3D-9CB7-9F024853F781","abd8175c649c6b2e89f3ca341f78c5cb50e22ce132d7f40d145189bd632720e1","retained","0dd2844d4ad72373f575b01de859e2a4e55b8a547dbd872e792db5e6ae22b353"
"935F67FB-C900-4CAC-BD0B-141662A9134C","4c4f2a71c929acc7952bea32120c53ebf9e9d8c2816c33e8cdbc1f470c21c600","excluded","9a69653afd6bb8a3aab9fce436aa69c67cddead0badfa06cf035c61e27b1d3c5"
"935F67FB-C900-4CAC-BD0B-141662A9134C","4c4f2a71c929acc7952bea32120c53ebf9e9d8c2816c33e8cdbc1f470c21c600","retained","318be903c1925a84e532ca6e0c5ab0a15c92deb37821712d8ce59e811ff55e5e"
"6E0D0652-9D0D-4B8C-B682-03C2738B1631","64f0b7775af7bda788e5e07a7c0a9d70da59030b2e635856974d2815ef4af180","excluded","0c5c85636baa86ea8440dc295fd58e969026bcc82dc5571316578e5b7c4302f4"
"6E0D0652-9D0D-4B8C-B682-03C2738B1631","64f0b7775af7bda788e5e07a7c0a9d70da59030b2e635856974d2815ef4af180","retained","c820a145e8c7f73ceccc3a4200d79015638060d2ccd807ba34e77e9720d6e382"
"CD5E6865-D11F-4CF3-A96D-9B1C5256A947","d68fc9107ed714f6022f49e35e59bf542877caae75bf22ff2b55aba5b1781fc5","excluded","e70329439c79bfe2aae4c416e84b49f7d2ca3b1814ef92bdd0d6d41c7dcfd722"
"CD5E6865-D11F-4CF3-A96D-9B1C5256A947","d68fc9107ed714f6022f49e35e59bf542877caae75bf22ff2b55aba5b1781fc5","retained","dee2853ac960253e0ff69de4690ebe2ce372c99064e2b890ded7a313290e6e6c"
"2CA9E340-8843-411D-9FAC-F09D3B8BEBE9","a4ae59f91fb2463007b63ffb04e5c2fc46674fcaf90814fb82c3d1dc5125de83","retained","c668d223e9a3a85b1499bfc068e58cd6de7d889a6bfc1738e30639600f17f78d"
"2CA9E340-8843-411D-9FAC-F09D3B8BEBE9","a4ae59f91fb2463007b63ffb04e5c2fc46674fcaf90814fb82c3d1dc5125de83","excluded","f97412bc86bc882be9db7783b6034014612db119dd5578229948ea0da753a3d3"
"E19A91E6-FA42-4856-A5B1-E6AB22607614","c6872f9de85013b780c9e9be1a2d3ddcbc93ad03f39c0f2f22f757c2788ddb48","excluded","218371e79514afd21541883d7f55119e6fffc978064c057cd6b53c2b38ec5b47"
"E19A91E6-FA42-4856-A5B1-E6AB22607614","c6872f9de85013b780c9e9be1a2d3ddcbc93ad03f39c0f2f22f757c2788ddb48","retained","986347c396a839b107d8a4c9fc8eb1d314c8fede0851d22f4a4cc3dfe70d53ac"
"550C6B77-FB84-41C2-98E0-01D574881452","fb050a4e5926398a9ed862d8e9d891f9fc2918f0b55e40036c833b16b10bd70f","excluded","4cd33bd3ca353fab6caedc350e1db1c02fa64f689aea166bb60255f1d2755ba7"
"550C6B77-FB84-41C2-98E0-01D574881452","fb050a4e5926398a9ed862d8e9d891f9fc2918f0b55e40036c833b16b10bd70f","retained","00b11862c9bda3c60913fc33a30eaeac77ca687a0c967480c140576d2393fca4"
"6E0D0652-9D0D-4B8C-B682-03C2738B1631","c29debe087f3dcba1d19f85ac0df1916cda83ccb3dcca555911cf7c437882aff","retained","0b271b36dc071c1a3e019a5be6cd589c1cb249b8b5124f76b737929c69407337"
"6E0D0652-9D0D-4B8C-B682-03C2738B1631","c29debe087f3dcba1d19f85ac0df1916cda83ccb3dcca555911cf7c437882aff","excluded","5f85b97ba1a8d7ec5163e26208f9cf4deb4e70b5d63f94adca4747f0fb28c00f"
"DA44D0D0-4260-4868-9362-4A6FD4FC066B","038c4cc3d08bfa6091b8cd4f785e33cf88418d500a1f8ffcccd7a41206faf1f3","excluded","4f48e3f5047711b7689dcd2528996aa758aa6ee06c178dc377dcf51dcba426f0"
"DA44D0D0-4260-4868-9362-4A6FD4FC066B","038c4cc3d08bfa6091b8cd4f785e33cf88418d500a1f8ffcccd7a41206faf1f3","retained","39c1db13a1ab1dc99cbf477fc332c9afe0d6cf5b0f43c542172ec587b556df28"
"7F9C7702-F1A6-4599-84CE-C9B4BDF3D503","96abadeaf64e2b0b556146940f01fd7b86df880519946ef211d111f0dd5e81ea","retained","f07640b37d70c99faab899fe138957e23c95b6b09f116ed65ed5461d9eebefa4"
"7F9C7702-F1A6-4599-84CE-C9B4BDF3D503","96abadeaf64e2b0b556146940f01fd7b86df880519946ef211d111f0dd5e81ea","excluded","b323dbc6694948bc142b896828aeb4c2495ad39eb6df28887386ccea1f546111"
"DDA5AFC8-0192-43FF-A849-1249382A6AB0","0c87a5401a20307f10fd8ae0d612f843c89b00ab882a98dcb35c479d38c34e58","retained","92a86f3c63d90d93cd6425848ee12b5630c51e664f17a21572f7a39a8ff9d68b"
"35BAA098-3AA6-4898-90A2-1899A8D63D1C","1a96bb8daae59e0362d0373f78281fc41bfdd7e4ac591395eefd81c8af8c070c","excluded","7a0673f5542fd0b1f46d3bf3d8980d514be7aa59b6f228a7710e9ffcf38bd915"
"35BAA098-3AA6-4898-90A2-1899A8D63D1C","1a96bb8daae59e0362d0373f78281fc41bfdd7e4ac591395eefd81c8af8c070c","retained","d3163c572948cfb4715c32e27a0b2ae45bf3a899421cdeba125f1324fefe1cff"
"7DD555A0-D851-4658-9051-D40B9CE570E3","8949dd2f8796ed2bc51e901f45a7f442e0793187f2fdac1bcab1331cf538fa29","retained","47bde073944f683e3b08a7e7d93511419e57de1c3c514ee2b791bc09fa233849"
"7DD555A0-D851-4658-9051-D40B9CE570E3","8949dd2f8796ed2bc51e901f45a7f442e0793187f2fdac1bcab1331cf538fa29","excluded","7a67cfa6339842c3a03e4ea75b6d94e50e7b1252f312e378182df879ddabf286"
"7DD555A0-D851-4658-9051-D40B9CE570E3","8949dd2f8796ed2bc51e901f45a7f442e0793187f2fdac1bcab1331cf538fa29","retained","977418f93789d3d10e2c7533e4585699192687582d40c8669257edaed1130497"
"7DD555A0-D851-4658-9051-D40B9CE570E3","8949dd2f8796ed2bc51e901f45a7f442e0793187f2fdac1bcab1331cf538fa29","excluded","bda05fc765165111e20b70787b7a722d55e0dc3404f9ad3b9cbe967694e9384b"
"7DD555A0-D851-4658-9051-D40B9CE570E3","dccdcf0a6450bffa624b61fac766a7e975f98a93f2b53d980ae299a8c95ba565","excluded","a0125e59d72e2ff53be774f09e438a5a6d9f43a5417910ba69f1a6b6138537b8"
"7DD555A0-D851-4658-9051-D40B9CE570E3","dccdcf0a6450bffa624b61fac766a7e975f98a93f2b53d980ae299a8c95ba565","retained","8ba29bac61cfe9d7096eb3aba3893d5b1846912e339ab4ee037c968b83b2546d"
"7DD555A0-D851-4658-9051-D40B9CE570E3","dccdcf0a6450bffa624b61fac766a7e975f98a93f2b53d980ae299a8c95ba565","excluded","ece023cedee54b897ceb7eb8d9f3f175ddb1f3753e929a610fe5d203b0bc6aec"
"7DD555A0-D851-4658-9051-D40B9CE570E3","dccdcf0a6450bffa624b61fac766a7e975f98a93f2b53d980ae299a8c95ba565","retained","29239fdb0b2c04b2054410b7e6f62018a52036b0272bc7249b60bfded74958f4"
"CDB46C45-531E-456F-8BE5-9BA4B418F736","045fd3d7c4fafcfd8a9c0d9ceab9ed2e05f9955b4a979df6645435575d5c3850","excluded","9561b80209efb7b5236b52a3527eb4a538866507586f55fe4445df2341c42954"
"CDB46C45-531E-456F-8BE5-9BA4B418F736","045fd3d7c4fafcfd8a9c0d9ceab9ed2e05f9955b4a979df6645435575d5c3850","retained","1401ec03d152a50c0b7408fffc970de0487805c2eac3046f12c80db5300f0c54"
"FB02D262-CED4-4A1C-8A25-AE336DDE3D6F","5324bb17ccd14676453b77fffad453ce7ac875356e94e28042cda3f7f3f3b978","retained","f99b374a538a795a188a66f76b106997a3f37ebb319d3eb2660e6c71414ec102"
"FB02D262-CED4-4A1C-8A25-AE336DDE3D6F","5324bb17ccd14676453b77fffad453ce7ac875356e94e28042cda3f7f3f3b978","excluded","673f9d92e5ca3a86a9d2a9025048049816f712effe7104d0d46d2711388295ce"
"FB02D262-CED4-4A1C-8A25-AE336DDE3D6F","5324bb17ccd14676453b77fffad453ce7ac875356e94e28042cda3f7f3f3b978","retained","f8d30f87bacd1176e7c3988a4f176679e03b02f487b2d09247894d83908407d4"
"FB02D262-CED4-4A1C-8A25-AE336DDE3D6F","5324bb17ccd14676453b77fffad453ce7ac875356e94e28042cda3f7f3f3b978","excluded","7d69d133fdbdac542434f920f6229bbcdc97adae5d795df541df29010d4aeb97"
"FB02D262-CED4-4A1C-8A25-AE336DDE3D6F","5324bb17ccd14676453b77fffad453ce7ac875356e94e28042cda3f7f3f3b978","retained","2eb94d80b35771cdd8a5f62d14e83ca92b8e71d014a753e0c0fd49f2a02fecc9"
"FB02D262-CED4-4A1C-8A25-AE336DDE3D6F","5324bb17ccd14676453b77fffad453ce7ac875356e94e28042cda3f7f3f3b978","excluded","78fc3c51fa0e4a5443ab75f264a512a525531e6813275ae73b7cf86ca2a3a728"
"FB02D262-CED4-4A1C-8A25-AE336DDE3D6F","5324bb17ccd14676453b77fffad453ce7ac875356e94e28042cda3f7f3f3b978","retained","e243558083e04b83442ddafb2379d6116179592c3ba1c31779d0d5952d1f18b2"
"B0B349B7-7ECC-4C05-ACA0-394248ED7BC3","aeb616b2166898a13d0e8d1b330769aba72233674934905b05b6859193860a6a","excluded","1079dac750763c93a3af982475a85f0f3ee5494fddfc35654a817ee443f50b54"
"B0B349B7-7ECC-4C05-ACA0-394248ED7BC3","aeb616b2166898a13d0e8d1b330769aba72233674934905b05b6859193860a6a","retained","09ad1258dee87ac32b1651b90eb8fb0050c5908a76b375ae7f0a96f401324a51"
"3FC81E39-1879-47CA-9098-1368FA460010","1d122cbc8500b148f6fdccad3a18f0f333ca43d3186d7c01d2cfbe94edf9284b","retained","071a717872c6bb4abcc4a86bd270dee6f03129249729c20f11244e565d0853ed"
"3FC81E39-1879-47CA-9098-1368FA460010","1d122cbc8500b148f6fdccad3a18f0f333ca43d3186d7c01d2cfbe94edf9284b","excluded","3afc22ff68b06ea7f0580e7f81af86d4f7d000d1e11b81f8e6310d4c4ec4d329"
"D64A551B-C541-4728-AE83-FF07C998E872","057260c8c232af6f66d20a1b2528274e5ad8d057eae94c40d1e7395b84c73f80","excluded","8cd190ff3a9b6e562e6204df048b22b1808cae5263cc00133f97613c14f8ad65"
"D64A551B-C541-4728-AE83-FF07C998E872","057260c8c232af6f66d20a1b2528274e5ad8d057eae94c40d1e7395b84c73f80","retained","d0681c99fbfb058321eebbc1f2e7e2ab4926d7e95228e888394d89c1a29ea11e"
"A4CBF3E8-7733-4B51-9C16-CB99A300B78A","4a02b3352a6ef856c2dcd2b0be33a5f8514f303b5dcdb8a1dff25c951efd160f","excluded","c2677014f0bdef79fcd36d460e054060a4075f06345cfcc3ed2efa245ed067ae"
"A4CBF3E8-7733-4B51-9C16-CB99A300B78A","4a02b3352a6ef856c2dcd2b0be33a5f8514f303b5dcdb8a1dff25c951efd160f","unresolved","97d041b71845ea473f5d9c1138469ea62d34e4a6218dfd2ff53eddb2602654c3"
"A4CBF3E8-7733-4B51-9C16-CB99A300B78A","4a02b3352a6ef856c2dcd2b0be33a5f8514f303b5dcdb8a1dff25c951efd160f","retained","eefdc86ccb119c5c52526538be13ee63f8f704ee743a99132146b9142588897a"
"A4CBF3E8-7733-4B51-9C16-CB99A300B78A","4a02b3352a6ef856c2dcd2b0be33a5f8514f303b5dcdb8a1dff25c951efd160f","unresolved","c7f310830687e33f1cf5d984ba1025da0ad2cd226f0fd16bc17c0715610d30dc"
"08694B42-B5CB-4CF2-9F1B-F97D2C912372","1738a7933cc8676d9b6b377e9ed90e6846637fc7f5a87c0e29097699386158b4","unresolved","c373280edf5ecfd53a9d0083d750a4e5b5bb39795abaf55f38a23e9ff2001455"
"F1A76154-466F-4F4D-B677-42F4FB021C17","27cff5c3c7e72910c36af7cfa6d744d7c016c6790936edcacdf7f62b7eaef556","unresolved","6074587af88bf35cf0218c6c3a7feb43ec075d307c260172da0c6df6d08db2d0"
"F1A76154-466F-4F4D-B677-42F4FB021C17","27cff5c3c7e72910c36af7cfa6d744d7c016c6790936edcacdf7f62b7eaef556","excluded","dd78d6018882ebfb5f1436efd32c699238c7673a0747f92f50f493c0d35a6393"
"EA212F9E-9BCB-47FC-B837-E5E958BD1057","fa57ad0a291c55b414c70246c499ab88d74550addac8ec1d1a7a7b524eab25b2","excluded","075e9d1790eaaff274184b67f711b5c1c16f9267afc4eed4b88e8a050a4d7f0f"
"EA212F9E-9BCB-47FC-B837-E5E958BD1057","fa57ad0a291c55b414c70246c499ab88d74550addac8ec1d1a7a7b524eab25b2","unresolved","a9b5b663e30b11376cbd33d4472f588052a733d596fd48597fec95998420d602"
"EA212F9E-9BCB-47FC-B837-E5E958BD1057","fa57ad0a291c55b414c70246c499ab88d74550addac8ec1d1a7a7b524eab25b2","excluded","4a7939626633597ac5aeaf4559cbc4384fd80a0f1b97a6f43a1fe7e9eb19b500"
"EA212F9E-9BCB-47FC-B837-E5E958BD1057","fa57ad0a291c55b414c70246c499ab88d74550addac8ec1d1a7a7b524eab25b2","unresolved","355edfe5503d1a0407d3a22022bd9886a4410337d3800ff5e3484e739dd5b19b"
"EA212F9E-9BCB-47FC-B837-E5E958BD1057","fa57ad0a291c55b414c70246c499ab88d74550addac8ec1d1a7a7b524eab25b2","excluded","81d600a698792dab5184b692696d8e13e725a1b0dc64d66c6127b494e038af67"
"1913F880-A837-4849-8B2A-CC2EB45CC84F","6bbb21e4e0c246ff1cb6a673f8cc3a6f84540a7d8ed11d46d684f666c8e55410","excluded","a1fac89ed4a19f58b2585dc7fc2713e34c6d02331e8a2743b2ab18b7a7112ac9"
"37B345A9-7351-4407-902C-D117577C3488","81e6a9134e7a8153eed1491605cd2a0d8555b7edba5c1f430c33d038e9d0a73d","excluded","703cea57480627349a6740032c67760cd6d41e6ad5abc6eda3d1ed4876bd71c3"
"D37A7FA2-A0B8-4655-A24F-0B116150F229","626094c3917a7b8417a4e7b25aef4cf46d009f0c4260afbe98adf0d5f6e6f0d0","retained","aa0f93d4b5d216beda7b7675323b7078917fc7f3a69411c7b4c088fc7c76e549"
"D37A7FA2-A0B8-4655-A24F-0B116150F229","626094c3917a7b8417a4e7b25aef4cf46d009f0c4260afbe98adf0d5f6e6f0d0","excluded","4d9237cc1abd80a7a4ca29f3d49a2c7d1aed9b08b1119050834b5ffc93dd8d84"
"F46E74F5-B0D2-444B-A24D-09F9B39EE5FD","76dcd049053c47ea4101e31f7797a0036df0baf9ad719d8ed63a119dc073e3b5","retained","452fc8e3cc94d6647fe19a2ca9f70794676e498bb6b4e8ec4032165c3574f35e"
"F46E74F5-B0D2-444B-A24D-09F9B39EE5FD","8d04d2955161970c7f2f81c0648fc3c5a4db8b1d6e80e8eefd66e6473b77ae25","retained","728efb1c47970e9adb0741e8baa7b656370628f5fee7e7d6dd73291745b68f42"
"F46E74F5-B0D2-444B-A24D-09F9B39EE5FD","c961ba528fa162d46a73a950bdef8f872a5113e339ae08deec1fcad0ed89df8d","retained","7afe7bbf82c2a4cf1e64aaa36787663d4c90949d4adb3d48fbdad7677bed691f"
"BA28D07A-1303-4394-B0C4-EA2533DC48FD","f7db09f19e6e86a53b501fd3c2bef667417dc5db608e65374096074621da1f99","retained","fded26f4655085ba2d76a03c6773ca2660cbfcf2fbdcfa2793536f789fa7f1f1"
"2709F075-8D91-4AA2-A75A-35E9C5BCCADF","a58a8ea67301ceb577441873980a7cf6fc6301ca14bf5ddde1250722ddcf6386","retained","b47529d85d37cfaa6c8750ebbd2df60a459782d967fa1ab015393e09acfcb33e"
"0A1545E9-0518-49EA-A962-38CDD022D15E","9b97b7c7093c2643a811d3346b69cf035c42d42aad4a0ca0c170976d257b00aa","retained","654dc151ad8628d522c9cff17599ce19dc77d7e178f7efebde9f861520de4464"
"0A1545E9-0518-49EA-A962-38CDD022D15E","9b97b7c7093c2643a811d3346b69cf035c42d42aad4a0ca0c170976d257b00aa","unresolved","a22033b3b6f14a366063fed48fde949725d0db685629b1d85ca10bb099ae3c77"
"0A1545E9-0518-49EA-A962-38CDD022D15E","9b97b7c7093c2643a811d3346b69cf035c42d42aad4a0ca0c170976d257b00aa","retained","b80ae43fd8ff44eac927ff2a93e08ff11fbb7c41f9c806989f8056f7616d0b33"
"0A1545E9-0518-49EA-A962-38CDD022D15E","2e2002470ccda971793f56c04264bdea1c3ed09084b5fa989497dfecd0349abe","retained","1898e556e5de551c41515577a403036fa1853fac89bd25227cce1ed77bbc2f3d"
"0A1545E9-0518-49EA-A962-38CDD022D15E","2e2002470ccda971793f56c04264bdea1c3ed09084b5fa989497dfecd0349abe","unresolved","1b81f9ff2b8b42fd63caba7a8071536c5e680a442e927a018d9522e3fc03fa9c"
"0A1545E9-0518-49EA-A962-38CDD022D15E","2e2002470ccda971793f56c04264bdea1c3ed09084b5fa989497dfecd0349abe","retained","ee0baba17cf8154bb4a72d5610b7f1f1f6890dc4efb23df78499399bf8e09c03"
"0A1545E9-0518-49EA-A962-38CDD022D15E","2e2002470ccda971793f56c04264bdea1c3ed09084b5fa989497dfecd0349abe","unresolved","188925e0e3b989f453feeff82a0cdf939617dbd979707f4078b6f168c977181c"
"0A1545E9-0518-49EA-A962-38CDD022D15E","2e2002470ccda971793f56c04264bdea1c3ed09084b5fa989497dfecd0349abe","retained","a143c960cd3f8f7ba7d29b3144991628708075738165c1f356efecd86c1dcbe4"
"038F79EB-ADA3-4BE0-839D-C3C78506520B","b8bb071747e6ed7e943b37d4ebd1987b4042600396e88dce6985d1d773d8f82f","retained","2fb097b07447b1ab9cf0637dfeb1fcd90e2d55b265f475d91e2dd2c89b591493"
"038F79EB-ADA3-4BE0-839D-C3C78506520B","8604b6982bf9b9cd3f2b989aace3c66ac068d9b284749cd491ce7db721411991","retained","6f0ed6e96bfdc87a0040581294f7bb16514812cc0f78cc914b4e441e11977266"
"038F79EB-ADA3-4BE0-839D-C3C78506520B","7b89b443e14d7b00cfe7deaff5e55dd3c69b4b839bac185735832a80cc3e8315","retained","1db262727272096e92e7103e39432d135026f6207638b648a35e341ace7c2403"
"038F79EB-ADA3-4BE0-839D-C3C78506520B","a66f1c774dbaa56efcff43efcf8a916ed3b2ab97b498c25abf103ce4d2ee88b6","retained","a8ae9dd0ebe879698580a900c70fa8eb0f7a73913341d72f0a8d883909d4db31"
"038F79EB-ADA3-4BE0-839D-C3C78506520B","a66f1c774dbaa56efcff43efcf8a916ed3b2ab97b498c25abf103ce4d2ee88b6","unresolved","5eaecc8403fbaa1ce3b418fd7e8ea86827a5810dbdf3e95e525d68194f0b740d"
"038F79EB-ADA3-4BE0-839D-C3C78506520B","a66f1c774dbaa56efcff43efcf8a916ed3b2ab97b498c25abf103ce4d2ee88b6","retained","e50d7a6adccc3a4613a3a10491cac2f5f1a32103736bed78aa9fa55193e7253b"
"038F79EB-ADA3-4BE0-839D-C3C78506520B","4c2aa89b1ddb940a3f7e20aecf100f2c5842c574266ff3bc3d9e17a97446095f","retained","d877fec0567d1ea77e405dad0c833c4cdae134e899d237c7cbbae1b8b6d4524d"
"038F79EB-ADA3-4BE0-839D-C3C78506520B","4c2aa89b1ddb940a3f7e20aecf100f2c5842c574266ff3bc3d9e17a97446095f","unresolved","fb729b40f7a8c17a17d229bb1d9de937b65158036ec44723925da978ef4b8a6b"
"038F79EB-ADA3-4BE0-839D-C3C78506520B","4c2aa89b1ddb940a3f7e20aecf100f2c5842c574266ff3bc3d9e17a97446095f","retained","dd28689126dd3203b43e49cfceadfdcf9c624a13104674a961a89159dbfcd239"
"038F79EB-ADA3-4BE0-839D-C3C78506520B","60d97d81aa16571706202f41a3443b632d2c62761ec756a7b0b0bef8c3cf64cc","retained","ac53ba0dd0ed5d5aabfc1749083b3a2cf029d246cbf2dd5485c24dda8a927e5c"
"A0AE4B9D-626C-43D4-9221-D6B1A85332C5","4d48e428ddc3b3025ec36b2125f172de543eea6b9ca32222f238c7013edbdd78","retained","5f0d997736f9bf018e8e2f284580808959b1a7a58a3c298250c3455d6972d866"
"B61362A3-CEAD-46D6-98C1-75EE49D39862","2487723eb5fd183bd828debba0f1c357a93f4bb13a8313012e392360105b1a88","excluded","f3f020b3f7b671c08f7647a55519140fc4fb2c7538eaee62f2c4375435bc4407"
"B61362A3-CEAD-46D6-98C1-75EE49D39862","2487723eb5fd183bd828debba0f1c357a93f4bb13a8313012e392360105b1a88","retained","e90d06a8160e2962f0ac14f77b879f154d14582ad91bb2b60e7bc5201c806718"
"7D8BB5EE-2312-4074-A644-53160C9B0701","0df63c54022ebffde20270e50dd6fa752f7d661acffa683520f3b4e0801fa0b5","retained","953b6637cd16d07040652c3259937ef5f61ceca80e83c7625ae29b84fbd4b39c"
"6679F78B-226F-4BFE-B506-BE0D8CCE8791","a43ac64373a4ea2b438aaded72250e14965205010e23aa048a5d34070b45ad85","retained","93efa10e4b9f3913830ab15aada014ee52ebfd4a2d378cc90b555df25a7c1132"
"6679F78B-226F-4BFE-B506-BE0D8CCE8791","6399f59259af7ed78687954d85c3fdc0d477b6dc4d39e0095e216a9eecf345bf","retained","c631017eb690c22b7d3035d828d424b5b73c218472592d090d09098c8e68ed6a"
"6679F78B-226F-4BFE-B506-BE0D8CCE8791","1faf2dafcc95a6f7df8634507c0c6afb2ff275550ae8a5a9a0cfe24275466eb6","retained","6a6d60a35097808cfe3e04aa97342da3eb54052aa078dee369bb1bed7fb9b353"
"6679F78B-226F-4BFE-B506-BE0D8CCE8791","1faf2dafcc95a6f7df8634507c0c6afb2ff275550ae8a5a9a0cfe24275466eb6","excluded","c02ebcf17ecb1830a2874c903416671da5655fb4c4d62ffbc1ae0c3b0218ea90"
"AF93B20D-F99D-48A3-97E5-67E5BBE4CF05","8419b4159eee3eb535b90f2925e8f1c086e4de9237820e6b9068238312780048","excluded","fd99acb7856d3c83423a9ba8d04bf7a9ce29f2bd77c98f59d72f24f5265ba4e3"
"AF93B20D-F99D-48A3-97E5-67E5BBE4CF05","8419b4159eee3eb535b90f2925e8f1c086e4de9237820e6b9068238312780048","retained","652c66ebff814114872c28f2b487729f453c9ac7e1296bb0f48ac92db36b2b6a"
"AF93B20D-F99D-48A3-97E5-67E5BBE4CF05","2caa1080519181a929211db6abf40a4429b47e24d117e194cc72f4b12e740a62","retained","3cc2b929b4432288a5251ef73a155149525b1ef5afa877e2e88ee49b1041da22"
"21A7330E-23BF-42DE-A4A7-6C4892317454","457535cd033bd3f372cc03db821fc5a40926da40fb42b13b4ed471fcfa0fd0a2","retained","7a55e717fe06b50ae2d8ab642fb4021379351ff8f1a9d117224d1a283bc88436"
"9A2F08B1-1814-4D49-BB76-7459C86163B5","c11d11efd5796e9d82414b2768e954a125966ec6054761898f97b7a991c2baae","excluded","c7521c97c753faf1959013c384640a1f8664a8e610a0c539eae25084a99ff202"
"CA48DB8D-FB87-4373-8926-551EC0568673","bb5ab420c0d2dd36bb8d2ebdad33d0114725f4b2401e9f34fd3328a300b58f9e","retained","7dd23a696b5d9d7b5a476e42b145c5f8c811dd64af6028812d594d8fc6539df4"
"CA48DB8D-FB87-4373-8926-551EC0568673","bb5ab420c0d2dd36bb8d2ebdad33d0114725f4b2401e9f34fd3328a300b58f9e","excluded","81f4c4e465a87d09e672397cfcecbb2b3d194aeabba0a74323bede667cb22e18"
"DF072775-1EB9-48F0-ACAD-A459841DECF1","f132f73c68072dcd1369ccbde912d62fadb5c6ea0d3c970aec70d12d64f4e3b0","retained","10e473cce6584b76c34f78a609c9af09d5d97473732a82e59552f13a5de94d7e"
"DF072775-1EB9-48F0-ACAD-A459841DECF1","e0e46850defff0a26484fbead08b1c449b7201d350837293572c6ffa07b564e0","retained","86aa331ac6954288c8c335abeff12f856c5649876360a31b0c867bbfbaa4e59d"
"DF072775-1EB9-48F0-ACAD-A459841DECF1","23949618430d76a44ee3be6dcb275652f3358fa4bb75669072d9638579e25dc8","retained","5bd5c31a153680c2aa3cb7b1c3ff3958e39e956add176043039fb976be9f3571"
"DF072775-1EB9-48F0-ACAD-A459841DECF1","257ac4fa663e3781fa8c0e14592f34c9f42f2d41e4f659c04381237834057f78","retained","23ca9b9fa19a953d1ef2ddf508b8514042dc099b5863a088ffb341489750f766"
"DF072775-1EB9-48F0-ACAD-A459841DECF1","0502d937dce08a617cc9f79974695ca1c7681e808e2ee31c639d824a7c0a8509","retained","4be2d9a010c118c5886637c685785895bd3007bce6835c844e714ec72a51f4ab"
"DF072775-1EB9-48F0-ACAD-A459841DECF1","cc8599249f6cab7cc0f345b0d0fddfc0ad7ec40bc76738b5494430331a96b0b6","retained","436f19a84ae08857fc81410c24adcbc3f112e3f4dae27491cb732b434a0c2f47"
"DF072775-1EB9-48F0-ACAD-A459841DECF1","1c01b4aa017478a6bfcc16ab3e1f67c0b8f0cc85c098572ffdecb584c4039563","retained","231299039eaecadd3f8e000283b80caecbc1b59135240a6b63b6111713370f8b"
"DF072775-1EB9-48F0-ACAD-A459841DECF1","1d29e1539f1d86ccddecef7c65acd71103556e7fee48b8bef213c6977c68a998","retained","e5a2056d4ec4a99e06b64d07331f450ebd1b10cf07c06262ec320445793ed534"
"DF072775-1EB9-48F0-ACAD-A459841DECF1","579c855b3286e979d466c549aeb84693975347c92f8ae11d49a5a72608c17e7c","retained","9573597416b508f5daeb6fa815a89883da6db6761bbdee494c051d796ddbfc14"
"DF072775-1EB9-48F0-ACAD-A459841DECF1","5c55bf0e24039f93a6d7927a150491c66a5ee3486aa282dd50c89d414372484c","retained","f5c14d73b5bc74ea75208080636d5aa60fe12f8f22b2963cd310741838ee4ef8"
"DF072775-1EB9-48F0-ACAD-A459841DECF1","27e2452bfa3814e1d9d26ae25e530253e3d518448ebd9c1c48710cb1e1f64d6b","retained","ccd03ae320279ce388daef4dd3484444c5a45a84d485e2c135ce88ff43527104"
"DF072775-1EB9-48F0-ACAD-A459841DECF1","27e2452bfa3814e1d9d26ae25e530253e3d518448ebd9c1c48710cb1e1f64d6b","unresolved","a5360667d419422decd970463e52f0c033e386c43b650464a843c3510e486bbc"
"DF072775-1EB9-48F0-ACAD-A459841DECF1","27e2452bfa3814e1d9d26ae25e530253e3d518448ebd9c1c48710cb1e1f64d6b","retained","adbf254751a94f34b82dc33eca046e1675797a9afbb1e8b52c52061516e55b17"
"DF072775-1EB9-48F0-ACAD-A459841DECF1","e5ac2f2435ba4591a356d23c4a52c4b62ef36007d45db9e6318e6cca5cf7c8fe","retained","857eb52b173197791ee6324b829ac26b506dcf5b1876d5f9f7bc8510d65b979e"
"DF072775-1EB9-48F0-ACAD-A459841DECF1","9629ed13c6fae65d928be4bd339b52765f19afccbc3d9bb1f5a5894f1d62eada","retained","9629ed13c6fae65d928be4bd339b52765f19afccbc3d9bb1f5a5894f1d62eada"
"FD92B0B0-F56B-4468-9CA6-DA0DA903B95B","5dcf662c1f7cacc611fecdd849ecf5acf78869dfa645f5644be5cc95bcff210e","excluded","834300dbabd19a0fe70808942d3451a5f277e913c24bb1bbed4a57280fbf292a"
"FD92B0B0-F56B-4468-9CA6-DA0DA903B95B","5dcf662c1f7cacc611fecdd849ecf5acf78869dfa645f5644be5cc95bcff210e","retained","d54d16fd9528a9ee28b92c5dd90117089a96082431fef397368ae082fb2cabcb"
"8D4DA3CA-D369-4197-81BF-3F984569D37E","219a46ba267f23dae1fc619b9d7d3eacb83715827f7a4929a70c954bb19ef0db","excluded","2bf34c26063978ac85289ea30d7f306571c703745cbd9ea083e091532fa32682"
"8D4DA3CA-D369-4197-81BF-3F984569D37E","219a46ba267f23dae1fc619b9d7d3eacb83715827f7a4929a70c954bb19ef0db","retained","106373d3aca96c782bee49d2a731cb6651b73ef74f9d510594116bf027bc101c"
"57E08005-4B77-4D1E-A553-325F10DA73C4","66a36c3cf6ce7f2905f0dce892202db992868d0601e3d31105895605077b375c","excluded","4e2fb4c2255f2dc22cadbe5471ea85624223cbc7920acae49ba5d57cf8df6309"
"F6CC565E-1D81-48F2-9A88-34581B3AEF2C","e1e882afd14709baa9aa5b79a5ade63e95a3e1b89212f22e4d78d45017e8fa9e","excluded","349c30f5457f0690e1a14a87a40f1b4884ba07375e132fa05a435a79ecab4657"
"F6CC565E-1D81-48F2-9A88-34581B3AEF2C","f509f39a1f104d594b60012fb99b0cf6e3be88abcf37fc7483e56a759f3e4ae8","excluded","83c4073b4499d57d27150ee69c0f3e31fcd907c40b71a4c0017e7da1ae4cb82f"
"F6CC565E-1D81-48F2-9A88-34581B3AEF2C","f509f39a1f104d594b60012fb99b0cf6e3be88abcf37fc7483e56a759f3e4ae8","retained","a0b2d77c5731442f137ae62616edf85d4c8d4cf4fbbcc4b231111cd87264aed3"
"F6CC565E-1D81-48F2-9A88-34581B3AEF2C","81805c9a8c218261235d781a805bdcd3a5be51d76371ccfca9a19d96cc3cef01","retained","da884fef26a303033e0921127597c4e9a4a46d903820af6c6ce64e6f1058cc49"
"F6CC565E-1D81-48F2-9A88-34581B3AEF2C","81805c9a8c218261235d781a805bdcd3a5be51d76371ccfca9a19d96cc3cef01","excluded","b7a42e098fc1bdcb7d7d3137903374d647102dfe67e5f8eee1630a2a9cdb693d"
"F6CC565E-1D81-48F2-9A88-34581B3AEF2C","301eefc26fab64038435c74517bd40dc4373546115fe9b260637594ce31ac2db","excluded","269317ae4b4fdd7b75c4a809bf6c0e10eddc9a03184685b59a332f91cb290030"
"F6CC565E-1D81-48F2-9A88-34581B3AEF2C","301eefc26fab64038435c74517bd40dc4373546115fe9b260637594ce31ac2db","retained","9628b0ba2642d2f193aa24a8a966262f823fdf4a723dc25a3d14f91cd93130c4"
"F6CC565E-1D81-48F2-9A88-34581B3AEF2C","69e13db70b15b432c04cd3a82370c68fad83105985df552cec15305211529b9e","retained","1c8daa20fc60d5d38dd8c3ee560eaa9a220eb5b4df8dc08aa0ae75a1d0cd91f8"
"F2CA5C34-7680-4F3B-8995-4FF077E996D2","77f84cd583629da4fd20dc5fdf741107a9cfda13dbedea21612840b5e14271a4","excluded","463e5734c4d4a5fb8ef110b7e1752f73fa5f7e2bf4497500a393c4b0af67c1db"
"F2CA5C34-7680-4F3B-8995-4FF077E996D2","1bb479568c52c7178ecc289a841882af93e6c78ddc0fb83320b5f0294869208e","excluded","c1e8bcb876c40b02001c298b8a2a89d795a9a848c79e7f90fd9dc269a58a53ab"
"F2CA5C34-7680-4F3B-8995-4FF077E996D2","1bb479568c52c7178ecc289a841882af93e6c78ddc0fb83320b5f0294869208e","retained","3be037559da9e9ea6657c4cb8c97ec14d01fb47637e491506a6e646a89ffefbf"
"CFD5566C-1510-4969-B29D-FB42174F9C18","089a592e3726c9d3f095112f3858d288a2011e230d4662dbd5be23f62a0a3c20","retained","0ab92fe963d7fa3ce70a3626217c8faa156866d19ae5f2b5f915171c1cf21afc"
"CFD5566C-1510-4969-B29D-FB42174F9C18","089a592e3726c9d3f095112f3858d288a2011e230d4662dbd5be23f62a0a3c20","excluded","f20ac30fdea7cc4e8fa1fdd9f866c2e50adc37cdbc0cf6478f7cf4778de7898d"
"CA1422E6-7A25-4606-9057-45A0718C6680","67bf828e74623cc472c69b42d4f6150ed5ec7cd7fa6b9065db98635f2efed12e","retained","58d3bb78a9b72a56b929bf88ed921234ada573fa40132a9a7666b42d9112c082"
"CA1422E6-7A25-4606-9057-45A0718C6680","67bf828e74623cc472c69b42d4f6150ed5ec7cd7fa6b9065db98635f2efed12e","excluded","11a170486310432584c59c6d134abd668bb2293beef3215a54b44cc9cd16b4b9"
"BADE44BF-FCFE-4946-9D5B-2ED394EFD8BC","b9921e19f60be4d41d0c9acd7d7e436bb521c21861bb1f510cbe2765a352b0fa","retained","2497bed3ee5fb22a6276c267d543b487b5beb4235a49f1f60d9b93c61bb37da5"
"BADE44BF-FCFE-4946-9D5B-2ED394EFD8BC","b9921e19f60be4d41d0c9acd7d7e436bb521c21861bb1f510cbe2765a352b0fa","excluded","aa515e03bbf77520481295042286bf7fa2069a25edadd25e342a9625a63fce75"
"4AAE7A71-3CFE-484F-822C-1F5CCFDF8CCC","efe0461c48a1aadb30ed7175f85184762026486a764212dfc57a1cd1a165e82a","retained","456f3b16a2a219264a1ea61107d2664b0d6ff7509632ccc0300635834e30313e"
"628FCA80-08D9-4D7E-A39E-36BADD6FC77F","2e2710718ac29fc76d493ff01d6d532c7095bb2de4de9f2ae4c99265234dd065","excluded","60ec30e6abadb43d12983ba910d983e5d0e89099f8ff997c30333cff5df37244"
"628FCA80-08D9-4D7E-A39E-36BADD6FC77F","2e2710718ac29fc76d493ff01d6d532c7095bb2de4de9f2ae4c99265234dd065","retained","b47f3989eb2cbc9d883962f86883e12399a07b5b541aed1fba186722d444acfb"
"8AFE79E3-4123-4583-B77A-3677BCD991F4","25a291ac4ed515e1909883377df2bc83f56cdf65999057b6445be2627dd1f8ee","retained","1a07a94bec769e2052cd81e4b349fd83a46c283a3a1e922cd1555c0d28991ff2"
"8AFE79E3-4123-4583-B77A-3677BCD991F4","25a291ac4ed515e1909883377df2bc83f56cdf65999057b6445be2627dd1f8ee","excluded","70d40e60de39e75dfbce0913daa68639f7b4388c9539febb33840f34bbd8cbdf"
"8AFE79E3-4123-4583-B77A-3677BCD991F4","25a291ac4ed515e1909883377df2bc83f56cdf65999057b6445be2627dd1f8ee","retained","0521529ba0477817c0348ecf746695b9172e0a0f79a0b80d2b14af645e589878"
"8AFE79E3-4123-4583-B77A-3677BCD991F4","25a291ac4ed515e1909883377df2bc83f56cdf65999057b6445be2627dd1f8ee","excluded","36f90e7793b04cce8bf67b9756bc9a1076c3054fd3b3c3cf319922b7e184a302"
"8F48E78D-AC58-44EA-85A4-1562F735BF65","9cbd1732b3cb4b51b7154b925c38aa978b71260ca05e6750d8345c86f0c7c5c7","retained","a19323aa0f40b6a37306a4d9f9cae281d0b6c14fc9fbc4ebffa2841dafd13bdb"
"8F48E78D-AC58-44EA-85A4-1562F735BF65","9cbd1732b3cb4b51b7154b925c38aa978b71260ca05e6750d8345c86f0c7c5c7","excluded","288b892c7bd5f4165af87928230846a4797e8e2e46018e0d43cc940af9a1bc7e"
"0719B3DA-5C0F-4802-BF43-E7BA97D0313B","ca9158d6d136033fa7a784543fae229e4df30002a582374e91a8b8a18684ed4a","retained","57fb35cd1804c037c83940e44171045efd9b1a4c7544b9a8b72d8e07500bfbf8"
"554284F4-D48C-4567-AE1E-FCE9052EAFEE","dc22419fcb914f1a04396c970eb39b2a0a7ec511db06a339581c4be7dbb788ca","retained","95b4cd96e337aa8b949383ba8849f00ad21a26ef98fb3b636fe08f664764e8fa"
"554284F4-D48C-4567-AE1E-FCE9052EAFEE","dc22419fcb914f1a04396c970eb39b2a0a7ec511db06a339581c4be7dbb788ca","excluded","1342ddb86ee98ed521c7b9efd15ad64e343c276be2177fd20fc42c0ba9a520d5"
"833B1ADD-BB2C-4B17-A330-D6896086B4AC","dc5daa933ba3acdda5b07bbb58da4d1644582b3e8097b0a2982311b1dc18173e","excluded","e05c706151e20b9c57e6de3d9f681d6d71dc31a819de0ef37a44b5bfc32b1c52"
"833B1ADD-BB2C-4B17-A330-D6896086B4AC","dc5daa933ba3acdda5b07bbb58da4d1644582b3e8097b0a2982311b1dc18173e","retained","e219faabbdf94e0344ac2e94ec5195fd04a4d77292b99e33586eeb7c499cd0f6"
"62C51EC8-D812-45FB-BB04-EC5020F61C8D","b7d6532682250eb5dd034971f0a1dad66c80f1297523797c6171ee10c394faf2","excluded","63d61e9365147e1ef6b6b5bb96d991e838f9fb65fac4ca228c18933d390f117c"
"E876264F-5005-425C-8042-8E66581A7ED5","428b458b9d7091d20df76b2e366ca6360d6861849fdf017fc8080173d04cb292","excluded","6e4bd8f9357a348ed036f1f5a956b2caf8928a0b281809d9c88bd715aca1e2b3"
"BEF4114E-1CB7-44D0-A3AE-21D51EBC34C4","0c68ff159176a449f3adf9c067cd23ab8bfbfe4fcf5b8c5365412f216b05f859","excluded","15e0bd82f37a4e781a1a85f4dda2a49affe87241c60aa4769c321d8d4fd78c59"
"8FE683F8-890D-4BC4-B2A0-2F57C7185C54","ca9ff143ec2175c4def080b5e0be55929f16a46056de7d4d8e91e019bead32ec","excluded","e649dcf421048cd1bc8f6ecce2a55e67a7cdc30834b45ca232d675a250aa7373"
"F35E7C0E-8601-45C2-877D-E8DB357F3D98","3db0af133c7c5c62276478ce7d8e8c3af4b488341436538f7761864d1371e24e","retained","094977458552fbf4756605dbfe3bb1f8ea6d0b6de59bff069db28c90767e66ce"
"F35E7C0E-8601-45C2-877D-E8DB357F3D98","3db0af133c7c5c62276478ce7d8e8c3af4b488341436538f7761864d1371e24e","excluded","cf024b16acd6b63e2519e82f92897b96f131bbd49812322e6eb7be8800e5e15f"
"6015ABD0-7F02-475A-8265-2860C7EA6248","747006f2884b3977133ed75c74017fc74fa23d7a2791c3764fc24ac9da155a8a","excluded","89e7c191c5f8c452188b9771228f6ece56c35a4616f980c99d633316aadfcd9a"
"F43FB94D-ED6F-49E5-9393-6ADBD3107603","80eedff21cce9a23dd505621b0d52c1607d531219bc916b8768f2f35496a334a","excluded","b59acb95c8a793ad8f4dbb56ffcdbeb4edeec3113f2f9ee506d81bbaf1c1673b"
"0BF813F3-64D9-4309-9E22-8EF164A748C1","1d5b1fa91bc653ec751f92bd7804e075757319fe3ff2b978ed6531a7cf06bc9c","excluded","19b4ab8c0d5089a3278f16111e81c4ec4552bd85fc7ef1b15c6cc32d775f4be7"
"0BF813F3-64D9-4309-9E22-8EF164A748C1","1d5b1fa91bc653ec751f92bd7804e075757319fe3ff2b978ed6531a7cf06bc9c","retained","4fe7f80a873689726655998869795f1adb0cc7b12a95807c8a48ceef86645ee3"
"0BF813F3-64D9-4309-9E22-8EF164A748C1","607bc431b918f07ac165b42ab53811619c6525435cb0c1591303677c6b1c1d91","retained","4c6a375fdde6e1d6d4977e4b796e6b1526f5e246eba40f36db8e12d98149dcfe"
"0BF813F3-64D9-4309-9E22-8EF164A748C1","607bc431b918f07ac165b42ab53811619c6525435cb0c1591303677c6b1c1d91","excluded","bd8e0c0640c42a8874d507dc81cc9dae57c7fbb87fa8b64d2944f2621aefce18"
"1E8A6282-EC47-42DA-B07E-43B69A4C8453","d7f1fbbb628fbac87dd535a746b93b65bf1cd3f401f8833eae5b2c63b3a102a7","retained","ef6bc4c118f6ce9f28c94ea42d69108d49bbf1f603519e8dd274a2be66a5fb67"
"1E8A6282-EC47-42DA-B07E-43B69A4C8453","edb313c4fc8fc40f8f40fd049cedb28e54cc35cd0f55b2a5a6fd860a99c29911","retained","1f52580299a43726e52de537a390722347c83f2fb4fc768d9adec5f28e8e884e"
"1E8A6282-EC47-42DA-B07E-43B69A4C8453","edb313c4fc8fc40f8f40fd049cedb28e54cc35cd0f55b2a5a6fd860a99c29911","excluded","7d1194a1e4fb1bbe185f3c1f13a63f3a21cb79683b12fd9017169bb46b410ef3"
"2B68A914-B8EB-44D5-B46B-3346EC623B24","3add567de3be86bffbbe3dcc2b95703d19d4a9dff1a3b64ed71fe26ffe010518","retained","38d73af0d237d4fd99a75b8609b9ab36e3de7c6d8e4ab6d1cd9adacd7592bc33"
"2B68A914-B8EB-44D5-B46B-3346EC623B24","52a62dee75f58bd13922f8b9d941324b4a601d914d40e2e4bcd2d81a6345440c","retained","c47732517169f5f9e94ecc8cd9b466af367337f67e5b3f4e6e7939079c35045f"
"2B68A914-B8EB-44D5-B46B-3346EC623B24","52a62dee75f58bd13922f8b9d941324b4a601d914d40e2e4bcd2d81a6345440c","unresolved","35842ae4999ce34b356ccc9cf766f76caee93dabbca0947829b9bfa9eadd1e4f"
"2B68A914-B8EB-44D5-B46B-3346EC623B24","52a62dee75f58bd13922f8b9d941324b4a601d914d40e2e4bcd2d81a6345440c","retained","ea60a8bd17f4023b9725ed5bf03e33080ff529531904c4f8f4033f494eef04ee"
"2B68A914-B8EB-44D5-B46B-3346EC623B24","273f27f9ecb86e299bd6cfedbd2fba591081332efaebf2ad19bed7b6a0967ec3","retained","a41cd0accfac37ae4ca00582cb4ed887638b35bdd4631f484c77d4f320ff34c2"
"DF06E3B4-E0D1-45B6-8B44-115955673857","92c9e2270d4bc8a2d2ce1428e36c5c67c403f2931751db2fa071f6ff22ff7657","excluded","0e47ce9528afc358768ccc05988d11ad9b541f5603a6aa14097c6d5c832dccb8"
"62438928-AABF-468E-87A1-19B9EABA74F8","45f47cecce66f8de53e56e043ea5f03b98523962f50ec0b3549176bb43f95e9e","excluded","101ce20e07c467aa8ca1a108ebdc674adb0471efb1c82e04a125ca4ff00da185"
"A1F59E9E-6A37-4ADB-A268-C3459CAC94D3","aca3a7add04190e5f4c6138525b25eba7dbf35449eca1f5ac598912ec195dcde","excluded","6385ce44a648162c7d5b26a24b65fc3bed1e03e4e3795e485e95164399a32480"
"F6174BC4-8847-4EA1-A4A9-93A786C595C2","d52591ae3e074af20d6edf61c3802f5c36f60017a83736f0f11cf259c0378052","excluded","7eb019acc05e9b70dec9058419aa7a3d6085a3db6ff3aaf28a225d067015fddc"
"C25F8B88-8255-4EF5-BC4D-78582BBE4511","671e78e93254c852c19048afd12f4c9cabb0f49191a733a24418415297b47ca9","excluded","c3e0fa66ba894ec33d26817499f0969c1a39435df2e88cb3586e8d9c429041e1"
"30947F41-848D-465B-B5C4-A3EF60F1201A","b4396b7be27e038a35805232cb6cd6ddbeb95a14e3cc6c2dd0d796b32f5e6abd","retained","327b204f68337353c404710b834959200efe92abf2635e3f73fdf07622ada527"
"30947F41-848D-465B-B5C4-A3EF60F1201A","b4396b7be27e038a35805232cb6cd6ddbeb95a14e3cc6c2dd0d796b32f5e6abd","excluded","b29627afc7b211dd1248afa84323d851fb3154232095074c454a2becb6322b3c"
"F46E74F5-B0D2-444B-A24D-09F9B39EE5FD","ba1548b1b46c337eb7e9aecd592966e956725e54e71fe7c52e080f502b308c1c","retained","f604fcc1f9ff8ea83ce8bd91e6c59a21d477acdb2d535683d844f565b821fdc0"
"B3C3F0C9-2AB9-4667-B49F-742023BC0951","dc70c2261c0efd44c93c7f090e426429c96716e7d3bcf04d99a2204dbe3fc091","retained","2f3949a023f1539e2e6f5d916a8f2a25d6491544d00321438d09190084543bc5"
"B3C3F0C9-2AB9-4667-B49F-742023BC0951","dc70c2261c0efd44c93c7f090e426429c96716e7d3bcf04d99a2204dbe3fc091","excluded","a6c46577d2347410c5189051e2dc74e9b80494ca6d9ebf626419d5147e600c0b"
"90258414-0F4F-456B-B39C-D2BDEC90E270","5a9b5495bc1c7a3f05a92a29ef3c329bf28d894453dd0665a9561f40a56bdc35","retained","644abc25260d8894e351227740599e94ad4628b6a7db86f7b21f13c29fc0c88d"
"D096E86A-EAE0-4DEE-A06B-69D24F36E9E3","ff25ed200ca9f256ae91c7f9abf320ee55e48741d0d695851c51012fae9c5897","retained","278331858f5dd47d3cf2649786482ae253999e9a6ca3179cbff50c849bec053c"
"163AAE3A-F823-44B8-AAA2-736D46B7D256","be294468b06f98437d4e6d642923d7e7db3ae2049fbeae24e2c8ce201c90db2e","retained","72b7eeff14578e6a552c064befd762314944f9bcf427ae1e505f4b12334e5a27"
"F0CAF7E6-B304-4A84-9B34-0EF6452DEE21","2743fe4564c2dcdcebbfd834c7bddc512360d056c8ba3a45c8db6f7d72cf85dc","retained","9276cfeffd05d9a5c578b07d7dd26ccbe952cf348d0ba8a91c5bdecfb9d67b85"
"F0CAF7E6-B304-4A84-9B34-0EF6452DEE21","f0732f24e6f599871da254e0c32b6fb4db4cd85d665dd0d368f6ea37df9ed1fc","retained","3af386b4171996c5157e591c8e875b2db6814292dfe847c42443d2815c64a594"
"F0CAF7E6-B304-4A84-9B34-0EF6452DEE21","f0732f24e6f599871da254e0c32b6fb4db4cd85d665dd0d368f6ea37df9ed1fc","excluded","6294f8bf34e2a52992786b337f346a93d48c7887e6a3a9a41bfc917411537d95"
"EE90D64A-028F-4A8E-B9BC-42CE2CD63657","1a452f8fd91d09287c53d7b25eda27d70e9a2a70d61f38d4a59e29656bd5c9f4","retained","490b7bed623c1423d7872aa58ef99aa467d5f236fd564136a96efbf2225032ba"
"EE90D64A-028F-4A8E-B9BC-42CE2CD63657","f2bc07318c79c5578d11a7e5ae3b57722c9c2051bcde8808e5b17e6dcc7d1173","retained","60aa34da9d64290dab7adc2f8c811679c045a96c0ccca48e8c6b78dd39b4e026"
"EE90D64A-028F-4A8E-B9BC-42CE2CD63657","f2bc07318c79c5578d11a7e5ae3b57722c9c2051bcde8808e5b17e6dcc7d1173","excluded","994411367e204b94c576b0187ce87052d2332e4955cf79b2bd5c003eb5e5a5f7"
"499AE0D1-E6BA-41FF-B915-E2F6DC060335","3a19f1440b259b976952378844785d01495d4ce5dbb28b6b7f331aa54a50d3cd","excluded","914c94ad17a4468ce5e5744c3f276152ce6b9e26dc17588f0a59e131f325f6e9"
"B6A0C5A0-455E-4783-9CBB-83ADC800AB53","e8777a4e08212a7fd9630acf522180f786c4d186c549acca7197e1381fd97361","excluded","85085a60f57cafc1d3571880687c6ec17806391bda6b0da6537ab57996fcdad1"
"ADE7AFED-DC17-4984-BE57-85A3531999F9","fe9e64c9f975606c9863c26bbcb12893b6c8679b31039b2ca84da165faa254c7","excluded","15b76520041037c3126dc3a257875474da35719fe54e2ff146c3ed16d7889f16"
"DC6571D2-6BF4-4562-AF29-C239A635148C","40e14cc6ec9e37d192ea8d7b9f69a8917a543d8d42fb7b9011f4e89959ad294e","excluded","369c0258aa4de82d16e5010697af784357c53be9f87176b90f5be449b889726e"
"F54D6507-9A79-4D62-97CC-D4960FB38E99","51686fde99c185ad079b884a1e04c39d497dd7bd6781743b03adb1ab8f26dafa","excluded","96997e7b4c65d1652af077e1d4d31cb31e9e91ff0d762b3c225a04cb7472e292"
"507E0BFF-C6FA-49AD-92D5-E669CB9C263A","c0535f993931d5ff495a81da6a88ea3c444c5fc5029ed5291d5be056d0fa8d28","excluded","c6d2b6a09dd665b782c545b21de4029cc27ee90f3e10e73af6e68976d7de7379"
"507E0BFF-C6FA-49AD-92D5-E669CB9C263A","c0535f993931d5ff495a81da6a88ea3c444c5fc5029ed5291d5be056d0fa8d28","retained","198c5176ac459dbdfe3c0881d93dc3b77e59b0a0acfe94cdbed1c5702a9edadd"
"644FD22D-4089-4DA1-B9F3-388163E914BC","ae5b7012857442381ff8f38be8bcd3f1feeaf66a035588599d9022b3b78cdf99","retained","a1c7c6b7a2960b53bdb7b429d084453030da516cdc46bea327ab8010a260f4f2"
"644FD22D-4089-4DA1-B9F3-388163E914BC","ae5b7012857442381ff8f38be8bcd3f1feeaf66a035588599d9022b3b78cdf99","excluded","0a95e054391a80a17b7bb46c5f0740de91d5ab0c3bc70ebfa28cb42ddf87fef4"
"5ED8FD6A-2259-4B44-BAA0-FE087B5472FD","4f1b121d5725ec04f6552700417895c44687d739cc9263f877a1af74c6ded4fd","retained","56e806475a21c4bf5a749ae057db1661be144c5e6c871a92ef23b5ed990caea6"
"5ED8FD6A-2259-4B44-BAA0-FE087B5472FD","4f1b121d5725ec04f6552700417895c44687d739cc9263f877a1af74c6ded4fd","unresolved","a14f5e7f5e7439d5fd8f88a29837bef82fb6ade6d29aabee591e992a746c344f"
"5ED8FD6A-2259-4B44-BAA0-FE087B5472FD","4f1b121d5725ec04f6552700417895c44687d739cc9263f877a1af74c6ded4fd","retained","e34264a43cf46795b475e05ed92585d1be0619e8f99425e344e7113cedf1fc91"
"BE21CE5B-A2F6-4D21-83F8-BA335CC3B303","f130c8e115df8238e188f1235b04e372a4c420b18aaed56a325112a12402df83","retained","da7311632bf970b2684210d0238a938941aec795e330c2e7754524792a625f4d"
"F41E1AD6-DD20-4CFC-B8BF-005F62CB3498","0daab17b944e8a4fb3f4c1c9f3b81751515f691fc171018282ee9ba55e83cd45","retained","a059f28ea73a4725bdc9a80cd87abd4e8ebff8edeb37a43785f32611a49bf243"
"AB503C52-CF93-4873-8856-143C7721868C","d5726259cd288d450192e6e555ee5601c9010f82be608f82ccf438219a60ca47","excluded","222f214162f54195c4ce8771fac0e96791ccf6702f82fed52626c8b15e004893"
"AB503C52-CF93-4873-8856-143C7721868C","d5726259cd288d450192e6e555ee5601c9010f82be608f82ccf438219a60ca47","retained","3187673f2cd4917f2fc8d06bba07c3da225e9472410521672d104641f92bb503"
"6E1C5077-E560-47C2-8271-D09FF20C5F70","51c499222bc2e85deda1377b1e8a118c1c9de933bb9237cfde8a8a6874b638b9","retained","eecb18530ca2d84d1b706c8854e04d11b96aece4102ececac6df2bb46573801e"
"3120F91E-F4C3-4D2A-817F-D0A5E61C4DFD","65dab7ba5c4236ecb0acef7799986a63c61449edd01ee1737e1450fb158d0d5d","excluded","acbe22bee8b84b86625b603852d691e19cf17108c17511d0a4de6fa968c73ca3"
"3120F91E-F4C3-4D2A-817F-D0A5E61C4DFD","65dab7ba5c4236ecb0acef7799986a63c61449edd01ee1737e1450fb158d0d5d","retained","b6236caef73cbdf99f734f9da109cc79c6df60709a99248c2eca686114803ecb"
"AA49A0C3-5A81-4CFE-9D9A-2633F7B2A67E","92b1d81a68d3ddcf1fc2e60b2cb896cd9fed3d98aecdc2f6e4453498e5ca009b","retained","0280a6b57d1d1daaa7f2deb2f2ca718592e28c434db12a89c010652eab0ad73c"
"AA49A0C3-5A81-4CFE-9D9A-2633F7B2A67E","4eeace61ec1f575aa2005b11786e283c2d657aa7852614fad14b0a3fea85a8f4","retained","3135a124a42903e2cebf33850c1b1f36618773160afbb362ca421527cc1b2102"
"AA49A0C3-5A81-4CFE-9D9A-2633F7B2A67E","4eeace61ec1f575aa2005b11786e283c2d657aa7852614fad14b0a3fea85a8f4","excluded","45e965eb7976af8071be63889da3198921eb377a3b6af70dc0eb460732cf1e09"
"6BF1D51A-1098-4AA5-B53A-7AD90E15A17F","4ff76b91763b25a06404dec6c3cc605a26504edf00cd104dc74434c47305d153","excluded","09415dadbeb50b8fe42e0b0aa4efc140390f937230ca64d4991d789004ffbe53"
"6BF1D51A-1098-4AA5-B53A-7AD90E15A17F","4ff76b91763b25a06404dec6c3cc605a26504edf00cd104dc74434c47305d153","retained","ca9ed8820f652536db90cbb7b8ceed99f7ee15d99595d9b06ea12f0ffe0bd831"
"8AFE79E3-4123-4583-B77A-3677BCD991F4","84bff99e1f90732198386d10eee86a5b3c4af0ed85242f876d9303e377715015","excluded","b622a616cb67d92f4cc460c42a6f7a88bcee71d42be2a18778e62f5a07d7c62c"
"8AFE79E3-4123-4583-B77A-3677BCD991F4","84bff99e1f90732198386d10eee86a5b3c4af0ed85242f876d9303e377715015","unresolved","08d005a4749416d4d40d518abd42fc4acccc4990dcce4ed3b9dd40fa5319f046"
"8AFE79E3-4123-4583-B77A-3677BCD991F4","84bff99e1f90732198386d10eee86a5b3c4af0ed85242f876d9303e377715015","excluded","6038caef97d8430a059959fac5b7bc5fd3b12d6a555fede0cefca0abdbcb1a97"
"78828B02-A286-4F71-BAE4-EF7FC0889F33","93703eaae499ef28061c3b884d70d3fad901266c66131cf6300bc9b3b1f4edcd","retained","2c62486c2c497e13e9a55f811adfcfa9924be7518c98cdfab5e9bf5c0325e34b"
"78828B02-A286-4F71-BAE4-EF7FC0889F33","93703eaae499ef28061c3b884d70d3fad901266c66131cf6300bc9b3b1f4edcd","unresolved","7db76b7f33a9ae193edfe67270ea64e3a8785965f1901805637f05773dd4b53c"
"06D454C8-7412-4288-8D31-9BB326F9E706","3d68f02bff7adeed6f7cf1c525becea197653773cc39ad8bf40176f3261a61f9","unresolved","e286193a3c1118c80448cd00daf82221ec5030e998a4255a782fcf52c2b06575"
"DC0A65F7-4886-4E32-82D3-AD751616AA98","8caf94d3a7ecd6a9ce2b731a192d1eb3664ac2a5ca4719c4af024aa78c9e6184","retained","4238e76c1ae5f52d11343e8008729e2ef0c7462b9cafe5ff33f3491c0373d101"
"DC0A65F7-4886-4E32-82D3-AD751616AA98","8caf94d3a7ecd6a9ce2b731a192d1eb3664ac2a5ca4719c4af024aa78c9e6184","unresolved","81c79544d3302270c7e86f1dbae4b90c7dec9d4f2fe1483e09f54dbcccad96e3"
"3E083408-8A56-4C8E-AAAA-0FAC6E014B72","add0bcb7fda5dc192fa9e75e6e32565be56465f67a386774abbf67a324f5db25","retained","82d4b2c229bad26f4c7af78cde0b3ae3ef995627a9c96a1edbb9a771771dbcb9"
"3E083408-8A56-4C8E-AAAA-0FAC6E014B72","add0bcb7fda5dc192fa9e75e6e32565be56465f67a386774abbf67a324f5db25","unresolved","3a8bad56d345845bb4d9e614be4f0aa871703b0745b4e0f9df6987fd33a1b940"
"3E083408-8A56-4C8E-AAAA-0FAC6E014B72","add0bcb7fda5dc192fa9e75e6e32565be56465f67a386774abbf67a324f5db25","retained","c798e5f7beee28a5f6b496a058856f32a222b1310b4efcebf4676504bff70929"
"0819EEBC-6855-40BE-BA95-3BF1DB74D224","42a9a88245154cfd6e2a89455dade7fbeeb78a33b1d1cc4b056a434e4088122e","retained","266f46d9afcaffc6fe5b0528fcb2b95d2bec0dd6436c2c553807ca9f5130c272"
"F0E911EC-B217-4619-94E2-26CE99A48F31","cfd22a5ade563fb73c63de875b98c910b87edb4c956ffbdba94d452fc2dc8075","retained","3e22f68fd9bd83582721598e298b86e6597dbc3995ba81860b0b9ba9d126cebe"
"F0E911EC-B217-4619-94E2-26CE99A48F31","d18255cb0117b2903dbd81883d422da187adeeb3ac345ee09830d7e0bd5bced1","retained","007682b84d11bd99180074d571f319a66491afbd5d1bcf0072d19e17cdd801cc"
"F0E911EC-B217-4619-94E2-26CE99A48F31","d18255cb0117b2903dbd81883d422da187adeeb3ac345ee09830d7e0bd5bced1","unresolved","e49b07050798bb75f214ca6e9499755bd042864961d0cfab83761e9aae890ad9"
"F0E911EC-B217-4619-94E2-26CE99A48F31","d18255cb0117b2903dbd81883d422da187adeeb3ac345ee09830d7e0bd5bced1","retained","744da3501d9ce153c8633add38992f6fffa3b24123b4827516ef5962af463978"
"F0E911EC-B217-4619-94E2-26CE99A48F31","5d3a6cf84647707909a4d4f3b778bfa583c57784b3870a5ef5531639726150c1","retained","138c37fa934f0dbbafb7e83f86c4e92efff1774e09f4cf7c846bedfa6b93a0d6"
"3D3E15E6-B3A2-41CB-985F-5502C0C9DF18","d299908750222f4aa6ad929c83f2606d6493a547eaa55404cc1af6c705fa5047","retained","42d20d06c1d4d4c09c23daca25cfc541b30210e584a7c17a2466952ea6fea0e6"
"3D3E15E6-B3A2-41CB-985F-5502C0C9DF18","206743aa4ef3be2a8fd12c2b50a995bc3a2874dc5dfa09934ebfdbfdbe459744","retained","afe074668fb409b5b4e92d0f95670ef91f6207527c29dc6b81d452c2659e97e3"
"75198297-2FB4-4DEB-AFF1-F63B8B2F5272","c2b8f829e2eff82ed64f877d298d6cee833d0cf89144f04104102e40429754e8","retained","493a1c60edbf5620b4ba755d22bdd44718efead5c18a4f61cbadd83175350006"
"A6BF2F3E-8BCB-48E9-973E-507EB79064FE","93cbc93cea1b8d542a8f0325dd311358c36e1b631addf6054b3ec992aa6fd6ab","retained","729719b2b5111de8f11facbb75b97b6331a5dd12011bf480d7fcd187c893ac3b"
"F4655F04-EFA6-43E4-99F1-67C536573D38","d7d85ab0f53d5ba62309b58aabb96bff4a3202e7f0a3fbd172c4220d4c7e3f11","retained","b1cf83ca2b79b64af024155dd9b1233567a589fb5f5f7c1e688572bca9cc25da"
"905105D4-F735-402F-9D39-57EE16B86B2B","b49043c07207c086f16cf74fa03fe59a1ffd6426f72402b192916bdcbd6d45cc","retained","b49043c07207c086f16cf74fa03fe59a1ffd6426f72402b192916bdcbd6d45cc"
"45B7C681-538E-4461-B87B-3ACA0ABB6EE4","a7a3ca7366c1b5691f061cfbdc18f0afc42d552d0bdde3e358260e3e7ed9e437","retained","2e2d21d49fa089c5a92d63a1100f7f78f492d4dad5ce39bc0516e3ec67fac9eb"
"216D8CDD-5AF0-4B0F-A00D-4B31A09789E1","c2a959cd3e47556bf4d9b1b70698f94802596b51e11325bb2379435650c528dd","retained","13fd51cef42310c3bd343c867c57df6a148025adbf81231ebd71e9614dbf20d6"
"7955E0FB-8856-4E9D-84A4-ACB700EC0C42","123e78e6c70b8c2ab16589c7775782c2d39ebf7fb38ecb08e2b6dea1ac66c19e","retained","44c16e4aeaa0a22c56593e6bcb79d08fa0242f8fc67acdcd866b5556ce767397"
"90BFBAE7-7446-4A78-9EA3-A90CC3AE2A5F","7579f8d19b95c7042979aa2bc8da57c2cb8fa2c1ee47f9e8ca0681d611a07bbe","retained","e6f73cad277b4ea6051892d3e7d7549f29911cee137bafe797cad6d946a5528a"
"4E5E9236-924A-4E25-82E5-19D954C09C12","a7bfe5300ad5105a6aef5211e357859fa18030c9342665f9f538708df13c3555","retained","13ca66595055b21bb76c70c001da130a95fed6d0acabce78d058d197618534b2"
"4E5E9236-924A-4E25-82E5-19D954C09C12","a7bfe5300ad5105a6aef5211e357859fa18030c9342665f9f538708df13c3555","unresolved","a223a4776d037488bb362da672fc8ad762fa7fe678aea0551715e88168924157"
"4E5E9236-924A-4E25-82E5-19D954C09C12","a7bfe5300ad5105a6aef5211e357859fa18030c9342665f9f538708df13c3555","retained","10456c0f0f1a1c0ed3c561db86b26befba256555421caa968cd5e82df7e6f918"
"EE015EC1-EECC-4248-8D9B-8F951ACF3D26","11eb765b8ef9a24e1aa678fb11d6f6820a603ff9d8d2d1504c9e7b946468ec74","retained","3dedecf234936ecd3f867d2f7d4a07145e96c2cf3039cf3a035cdec89ef07107"
"EE015EC1-EECC-4248-8D9B-8F951ACF3D26","16a13c296d771452e52e6fb457bd7b76e6c979710d2ca2a0691e95d9c638a733","retained","0db5e2c4a2be5f4c7178f9608980e819ef0968378c72dcfc55d5788a318bab75"
"EE015EC1-EECC-4248-8D9B-8F951ACF3D26","16a13c296d771452e52e6fb457bd7b76e6c979710d2ca2a0691e95d9c638a733","unresolved","9455a76112f95bea2cfa9f88da4f4a54747ee4c64075468e45123939ea61e786"
"EE015EC1-EECC-4248-8D9B-8F951ACF3D26","16a13c296d771452e52e6fb457bd7b76e6c979710d2ca2a0691e95d9c638a733","retained","497176e6760ab18e2a4d14a86d2ce2ace4d68eb18a8dd4210a2ae12e80bdc6f8"
"EE015EC1-EECC-4248-8D9B-8F951ACF3D26","cd60a946601d68291b1c73d51010c6cdace61f2fa3a8c8c5745909b60db6c335","retained","cca40a4cdf36774438e69b95f1415f6e351ecb79cea5609a6d120b8e03742c03"
"EE015EC1-EECC-4248-8D9B-8F951ACF3D26","cd60a946601d68291b1c73d51010c6cdace61f2fa3a8c8c5745909b60db6c335","unresolved","20a4b2716abf03f4cf52380701092177a1569e5f10bf7848cc26e8a9c860e649"
"EE015EC1-EECC-4248-8D9B-8F951ACF3D26","cd60a946601d68291b1c73d51010c6cdace61f2fa3a8c8c5745909b60db6c335","retained","3c77205fc337413216d9d315448ef0133a7ed9684e5aa2ca8544b2fb2794ff18"
"30B872D9-21A0-4C18-9A7D-2859CB7285EA","da35ed724c60a71a80bfd95d1eb972c0763c28740c1eefa8b6615cf5d57fa076","retained","6d8d516f39acf76af39f86de2f8d56a6c4117452f610dffa4d709757e5cc0621"
"30B872D9-21A0-4C18-9A7D-2859CB7285EA","e448760e2d396c7b68b128a31d625729167b3e21a08f184199d1e4ab97a712c4","retained","05fe991708b0294e938f5b2dc6ab6a4eb5c90e219e6d7674c5e97bfa1129f60e"
"62C494B5-670F-4AF3-BB1F-BCDB73A631F3","8c61205330508daf19b8726e27e188cc6b19d57db6dcf36f9b3e77a329eaed56","retained","069f1cb2dae4815920d60feadd4396057a8e489dea01a6e646a5d1816667c85a"
"A72003E1-37E5-4C39-B1C3-7DB417A9E190","2d50067a45ff388361ac9e7ea5d06ad3ec392d3efc8baf8fd34e87e9747c389d","retained","e0dabdb5b5ee57fa7a2e44cd6aaf63739a48ea1244669c321bcf3ed4e1a5eace"
"A72003E1-37E5-4C39-B1C3-7DB417A9E190","2d50067a45ff388361ac9e7ea5d06ad3ec392d3efc8baf8fd34e87e9747c389d","unresolved","848dc7fad1720133e2ac1915d7b4f7bccbaa3694c778540bf9c3019269720fcc"
"695B3293-B1E2-4850-AEB6-57220B6B8D7E","d1881aa8575480dc4b2c45e09d0eea6a1d5f2f7f88a59df50d1660f7b4b0223d","unresolved","07ce1afc9603c802dce72ad22d9907931181e71ef0100fdbd31f60268f40aa92"
"D53FCC2B-6D33-4108-B412-456DCEB22148","e0ad4330a07de947ed25cac010884036aac34b4ed1e1acb7fb713562a2026252","unresolved","dff81c8b356010498660ba9dc6bdfc9f32e90180ff9fc596df55a642c135714d"
"3EC60878-FEE1-4E9E-853A-75677E8098D5","2ca21640a51e067cf7867e38226d8b0e93cf3b0335590fd13bd63364b1aad43a","retained","d00abaf676acdff14a3b86b5ebc6b674b85dca484d257e8e58c6545b9c349b95"
"3EC60878-FEE1-4E9E-853A-75677E8098D5","2ca21640a51e067cf7867e38226d8b0e93cf3b0335590fd13bd63364b1aad43a","unresolved","a3680c3c581ede4ba23b92dbfc4f4f6d6a717001891e08beb5cb7b577ee42fb2"
"3EC60878-FEE1-4E9E-853A-75677E8098D5","2ca21640a51e067cf7867e38226d8b0e93cf3b0335590fd13bd63364b1aad43a","retained","cd06873316b07a816a066bbe21a963c8f128ab96c2de7cdccd1b893c22b2ca5d"
"3EC60878-FEE1-4E9E-853A-75677E8098D5","5ea9bf3500a7c71b6222332ad8f1385dc3393c1afec14a2638b14a52d9cb7ead","retained","e5d3a08c7d86a7b21cece4550e0ae79db304b1405cd337dffcfaf1fd20c1fb04"
"3EC60878-FEE1-4E9E-853A-75677E8098D5","e0c2a99339260a3c74c69834ec5e30e3707a8e1ed03a9615937e7d2081b49b6b","retained","072c7cba105b18e72db94786c519b682126b3ae5923d502e9d4a40fc8945f1ff"
"3EC60878-FEE1-4E9E-853A-75677E8098D5","25cbd5708de5e29a11915c952dfbdfaa977f84db5ee760aa70276c33f4199970","retained","097192792e8d62ea9c21d0407a36844fea28083703ea204de7608e186c5cd10b"
"3EC60878-FEE1-4E9E-853A-75677E8098D5","25cbd5708de5e29a11915c952dfbdfaa977f84db5ee760aa70276c33f4199970","unresolved","7149b7b8f8d2ddd2f35909060af8762775d3a43d0e492a92f53b29034df34c8a"
"3EC60878-FEE1-4E9E-853A-75677E8098D5","25cbd5708de5e29a11915c952dfbdfaa977f84db5ee760aa70276c33f4199970","retained","5e10fe6ee7163ec51b891905ce5671a69f8bd959b00b3567fc7679f8a941acd2"
"3EC60878-FEE1-4E9E-853A-75677E8098D5","25cbd5708de5e29a11915c952dfbdfaa977f84db5ee760aa70276c33f4199970","unresolved","cbdf3dd8a0c7dd5fac60af3b7fff40095af253b85d92aff7b3cf039a79065f72"
"3EC60878-FEE1-4E9E-853A-75677E8098D5","25cbd5708de5e29a11915c952dfbdfaa977f84db5ee760aa70276c33f4199970","retained","8df55596c67013bbde3342ed1fd98150441e1ca1f5353cf8cbbd6f4f8a1476b9"
"3EC60878-FEE1-4E9E-853A-75677E8098D5","763a33e6eb6c33a3db9efb1b94db3acde8c6dd6f6acccace31f7e3c09309acf5","retained","d36d3259c6f4d5d50a4f02899f93ba22e8560e09b1e4ded6364763bdd1c31560"
"3EC60878-FEE1-4E9E-853A-75677E8098D5","3e9dd76b6e3e0e717ab9adde7d1da57cdf4703d3a21bab4089e08c0454d82da3","retained","63ee36c4cb41249606321d1f61f06cb7c4e85c766082534084086140803def26"
"3EC60878-FEE1-4E9E-853A-75677E8098D5","f2e47d0e0ae765ba9799fab6f9d14f4b43a86bc50b89ee7d9aff8e87b7a84c40","retained","06b0e23b29c00c754a1d92c1824e58a92410ab4dd6107e7dfe86d1ff50c32aea"
"3EC60878-FEE1-4E9E-853A-75677E8098D5","080b5b008220bcd744ea408f2f95ac9c66963e9f4c43041826ec1e7bdb7643d6","retained","9ae25a1ad8a48b2a8dfdfd632b5ddbd26481055aee356c164a51f2a835d59321"
"3EC60878-FEE1-4E9E-853A-75677E8098D5","eae8e4878af3ce822184720498bc5644c7bba4bccbc09a9a3e6b7048dc8bb312","retained","f516fe1a5d3a4b3130b472ade3c4de06a54f1381a2ce7221715e719ef2325f52"
"3EC60878-FEE1-4E9E-853A-75677E8098D5","254506cbd97c918f84cff9b43f73291cf10155d06863aea7afa2039cfcc25a4b","retained","20f05b3df6dffc2f2ff132156b6c0794c2f037f84e71e0126d2ab9c18596d1cb"
"3EC60878-FEE1-4E9E-853A-75677E8098D5","eaddd908afbbe11ceba3b49a0a78fd274f626e835e26cd02e7e08b0af1953113","retained","6dcab84c5cdf378a3f2a543a77433d46cc6f184228d2be09017854404dced5ec"
"3EC60878-FEE1-4E9E-853A-75677E8098D5","a215cbeed80c552bfe063aa3edf4cb22bf862355f597cc5ae4944c1100bcc639","retained","0da2035fcece50f29b873e2777971b3999027b5540e4e9380945535000c7eae6"
"3EC60878-FEE1-4E9E-853A-75677E8098D5","c48d8e2c0b50ca34b3c588a111743fc9396d949771daa3ee7e26c2c49df1f05b","retained","cbaae67696708faa9890968fedbf59cd336447d2df0226f053595d739841a290"
"3EC60878-FEE1-4E9E-853A-75677E8098D5","45d2c898ff715667b4339da3ce4593a5f530a2ec28351aca6143a5dc738312b2","retained","0f6b2ba627253f0715235820382c0f5ea0e810c9de5a58093e643b3eb5155a4e"
"3EC60878-FEE1-4E9E-853A-75677E8098D5","45d2c898ff715667b4339da3ce4593a5f530a2ec28351aca6143a5dc738312b2","unresolved","552346e5595544cf8e8e14be745c807795928d260ada9e8dff3391b67fd6099f"
"9B3AAEAA-6689-4483-8CB7-D33ECDCD46A6","63a04f6db3670a0c07ea66572c15a9d1df0cb9c3c6941969cedf71942474d1c3","unresolved","8ae749ee13c9cec75f9257e9f5a93b46c2afba7ffc1454dc71cbc0e5c19b3bc4"
"B7AB2320-3C58-4BF6-B8B9-C404E97581D7","3b5317ed4c6e327f521ffff8bc87150d14492286408ad98969548795eff3ad8f","retained","93c16819c9fc5aa64f89c69601354dd34c7472a90f08e97b71717db5e78fc8b7"
"B7AB2320-3C58-4BF6-B8B9-C404E97581D7","c2d103850cf962d9e14ebeb414f358c3d3bb0ea0a97b40f9baae728b4aeeecba","retained","542244861b3cf61d6af4a3dcd9213a3f7df7faca9a9fad04cc772a328513d798"
"B7AB2320-3C58-4BF6-B8B9-C404E97581D7","d98b66dea53a86dc4cbf54da2a9ecdf987eb427574c2a5418320bc4484c4b7d3","retained","d2eaaad0c28b9b050ebcb222cd9760565e0d746926e033ff0026988036b12337"
"B7AB2320-3C58-4BF6-B8B9-C404E97581D7","de9299ffa88dbc984cf2cc5912d98db61842eea6cb4a16bfa814dd95605d41a4","retained","6f3dfae04348873792cbe30eaa4049caf64247b5fe9808b1253bbcfb4634defc"
"B7AB2320-3C58-4BF6-B8B9-C404E97581D7","de9299ffa88dbc984cf2cc5912d98db61842eea6cb4a16bfa814dd95605d41a4","unresolved","ac3fafc6f831add48e20533645dde8bc8d57d8e4b2ef721e015487bea1a7faeb"
"B7AB2320-3C58-4BF6-B8B9-C404E97581D7","de9299ffa88dbc984cf2cc5912d98db61842eea6cb4a16bfa814dd95605d41a4","retained","88bf7522bfeac5dd8d660f977a2cd9c11fd99600a50f48b5d4c3aa986afe7180"
"B7AB2320-3C58-4BF6-B8B9-C404E97581D7","b1c503ba5f7d8c46cd7b141ae869b013139093a726bfba1b173541cedf73bb15","retained","6a6297944de8306bcac610e13cf321b663fa64df9568b4ae085ec7e2bfa7bced"
"B7AB2320-3C58-4BF6-B8B9-C404E97581D7","8c40ab3c5d7e258061f0debe6ca263f3d2cff6d7beb1a1f27a4b538350391282","retained","b42800d6cd55fbb922943ed90d10a4dbe1b56ae508dadfc810ab58504ef73fd2"
"0CAC01B0-7F3E-4249-B6A2-CB25B2FE4B3B","c026f734000f2b9e7d3dedfce648e2d330b17aa39e04a35d6212aaf83486769a","retained","d673945b2dba22f67c4ed403542bb21459f1b9f05abeb78c365f71c96ff8b25b"
"75F584AB-9D10-4B36-A42E-26A0A127A1DB","3ede242f04b140d072208db17a2172973167ee16aa0ce2c5d1175df8dc99c22c","retained","48f855a2f0e5b2659e8a135d66e90a3ab345ea5ba0195b0e08db31262f76fc95"
"C6B47F47-486D-4AE1-A560-6E3B3DC2082D","eca3ecc573d7b323411d1e704dbb6fa679a9023853f9a8fd9c9f3e53076e0215","retained","d6eb189848720d82f649588ad93a9b04fec7e69e3d6ff05f456369af188ee0f1"
"78FA90B4-1361-481E-877C-EE099F61AA36","85f956c8e2d881aceb1bc1be957b19b83a9b1bb738fa0d34de9ec1c777a8f26b","retained","5ee061839b838d4e93f3d11bb9636025fd3946e69469b22c649e93a85ba3b262"
"6DD51C65-1F98-481D-8D80-F36B1BD94759","7f3b3f54fd46aff2c25989d73f2da8db782742831ba03e3806761c53a5b54ead","retained","0b954d4b0589b81d4309987105afc77d8baab9dabc539bdf4b8968bb402c1611"
"9086F2FC-AE40-4B3E-BBC1-A59A1BD17DEF","6d704ac9b75e8d4832088acb6154b89fb92ad60a7f35528d3711340aa8da4cbb","unresolved","64bc5aa1d8a543efd29e1dd64da3f99163a62270a94996d5452f1edc88574ea0"
"B458F49B-3FE0-4F1D-8E10-A150F41663F3","93fd8dedaaeb4435bde5bd3f69e49d89b248b5d57715f5e34f4d0fffcb79d8d9","unresolved","8c007a6039ca819514d746a3650c7d0f13c736bd57e6ccb3d3fe7545bfca9f6f"
"0C5F0B95-5275-4A4D-AECB-0D735664100C","4775d822f6fec0444519dd4c67ec5bcc3d4f8a1b0df073dc19386e424933e310","retained","d86d0d3329340b7058fab3b12c907b565cd0ba353486316f61c6b587a98736e8"
"83F27A99-5939-440C-A291-EB2F083CDAD9","acb0295716f50fb10746280189a232ab9a75224b217721442764111cb02056c8","retained","d3f5a1791e999c3791ca77a8b4fdd20d45d3dba16e9e08e36e2ac6e445c4fd24"
"07C2116E-13DF-41F2-8627-3C13B6D1E198","39ac384b94a9025ca41d62158bbbdbf64f9eb4eea4576430c02704582d91612c","unresolved","abbbd68c7a90e3d67cbf04076ce251074f752c12f46be1013701dada474b7563"
"1547E9AB-33D5-48E1-BB86-E70FD7EB9976","bb01f00c5272d378e0b1c32b5f84490beb3bf8fb206686d4b1384f2e56e74f87","retained","e15d5343680bef35ed7374615adcc86e4e133ae6c4f6c1c1dcc22e7947d051ab"
"C703AED6-2516-4317-B48B-C6D83E8BFA42","5fb8ffcd9ec30fca80d707094b77360c7f49b11b811c0c602d6e37cf0a7c8d40","unresolved","6861d8b0d555e06c7c21e16ce41b36ac45b6bd95b9001e37a1a08e54fa861f0c"
"C703AED6-2516-4317-B48B-C6D83E8BFA42","5fb8ffcd9ec30fca80d707094b77360c7f49b11b811c0c602d6e37cf0a7c8d40","retained","4d980f819ae72c94bc6ef735048e7cc88bd3e3e16f555dc21a1fe6936ee63522"
"4BE81F40-B2A5-4471-92AB-4ABB6BC044C4","8c8ae064aaedf914d3398a8c23117e86eb47456b66ff39bcf405718bf605246e","retained","0dd799f4a6de793b6bd77278b1deaa9f0c2c739dc57c692dc8fdc967b5c0dfec"
"464D099A-03A0-45FB-91AC-0A84A865523A","977632842ea95299d247f5d02a9006be31fd20737a7f18c6b361dc991847d445","retained","7de6f2d8764f2e91992240961b99aca2bd93f130422196ac234c077747847d54"
"F3C5CFFE-36DF-4506-9016-B1F9A3D3AA88","164bbf7754a3a2525b6598274fa13f5f6e550a48d3807ceca87f69fe466a4be2","retained","11d0afa3ee203c265bb48e04298fc8bf99aede837887682b72d09bb0fafade6c"
"F3C5CFFE-36DF-4506-9016-B1F9A3D3AA88","6960fe7365815e908d6d123de1b90c7ceaa3a7ab8f6ff14bbdfc9277fabda034","retained","b6b8beb9fd5c320c5256c062566b383852d75c7b4b1bdf3fafd9df1afc94664b"
"B59C41D6-71E0-4005-853A-260A309E136F","5934745d837792de09b0f1b5254013774257bde4815bc00ebc841283216c25b1","retained","7c1dcd0b363a9e4b97a5e9bb90bbe3032e9876d31d7ae04232745bd6fbd58c5c"
"4C2F3FCC-7D35-4429-9E55-2D418B421CC0","247b566935afbfebc5b659ba9b418a00e9858db078de903bdac2a59b4254a29e","retained","4b778c7ecf86945c35eb31869d474d07de023866934cfb969a7174a3128bff41"
"7BE32F5B-B9D8-4A37-B983-7013A65F4F4B","5da568ac0f476409f63a36699fed3769a28c57fe476ece90f293aa14d0bc1565","retained","ef102effcd7c5d195602a6f60b1f1d6659bf221e3878ab416512b1d15be4c11f"
"425CC1A5-C698-4F35-B686-10398F4DCED4","2aa8193da5fb6d7301ab14d9a81908ad661246161401f98ca157462a7a327678","unresolved","aae149b9a0bffe9517510ecc802482094d5b34fd67e4f48f89d48b0c87fc0939"
"425CC1A5-C698-4F35-B686-10398F4DCED4","2aa8193da5fb6d7301ab14d9a81908ad661246161401f98ca157462a7a327678","retained","04592c548322fe45dc8a02fca93bc8d39607eb9af3e3cff1bb526cc1002cbb86"
"425CC1A5-C698-4F35-B686-10398F4DCED4","a7c9a8738998b62a35442f3ef1ba10831f3b88b664286a96eae87a83f7e8f8a1","retained","3e8789129ff1e1495e9f23a4fc5d33cd3c3ad63a9591c5ecede920a0a47352cb"
"425CC1A5-C698-4F35-B686-10398F4DCED4","a7c9a8738998b62a35442f3ef1ba10831f3b88b664286a96eae87a83f7e8f8a1","unresolved","55893ff566d503d3d7069f47da70647f197c3665c8c8e60beda4930175f61f8f"
"425CC1A5-C698-4F35-B686-10398F4DCED4","a7c9a8738998b62a35442f3ef1ba10831f3b88b664286a96eae87a83f7e8f8a1","retained","5b135f1776fbc06ed530ad95478f164d778e1fe83c30fd0ade4045e6cf5a346e"
"425CC1A5-C698-4F35-B686-10398F4DCED4","a4afcc8cdf9d2f63b02f56f0c78fe09862ed75e387e5561f7b7ccad9f9161ce6","retained","5ac5a80c37e499b3a63be6b9095a072a6bd6e8e7fbc9318ad84e89602d319591"
"425CC1A5-C698-4F35-B686-10398F4DCED4","a4afcc8cdf9d2f63b02f56f0c78fe09862ed75e387e5561f7b7ccad9f9161ce6","unresolved","c5ea5982fe6bf6a0eaa7ff9b171c8ca0c22803381dd1d5719a3e72693499c963"
"425CC1A5-C698-4F35-B686-10398F4DCED4","a4afcc8cdf9d2f63b02f56f0c78fe09862ed75e387e5561f7b7ccad9f9161ce6","retained","a5756b3e2db96b1ffa0fe06f26d09f61ca5a4588b42ce7019855695d8f336643"
"AA0B7F40-3266-4100-8A97-4E1CEF8D6A23","faea399138b71f78690931c4dc67325b4af88240eacde05331232543106fdd72","retained","41bca867892705285685d5d72ba456bcf5891a5b4378a488dcb627120dce864e"
"53D1AB28-0DAE-4ADC-B431-54A2FCCD8608","390814286227b8568ea5ee73c439635976336b54686816dd1e152ec7b40723db","retained","cd08fc548302bf448f91307108a80f4da4874bf8fdf77010246ba75064706f24"
"9079E2E0-3C81-4AD2-803E-3E6220C6F8BD","d69a7382f092314c98f0e00fb43e1f07620b7bafb05ef7a0802c581066862922","retained","608fc7599993a04974cac60c02ba140cd1d77fb60f727e8536044d2b7cb7ce73"
"9079E2E0-3C81-4AD2-803E-3E6220C6F8BD","d69a7382f092314c98f0e00fb43e1f07620b7bafb05ef7a0802c581066862922","unresolved","51a71ce81b4c2a11d0caa34bdfac8945b0b0a0e42f9190a81138ce93833ff22d"
"9079E2E0-3C81-4AD2-803E-3E6220C6F8BD","d69a7382f092314c98f0e00fb43e1f07620b7bafb05ef7a0802c581066862922","retained","56bb5f83a750c6763160503115fbb5bac06392bf22c70a84fef8454c7223af95"
"9079E2E0-3C81-4AD2-803E-3E6220C6F8BD","5af17e053dff2251f1567dae5ea25d190dd8dccaf646c8c6d7a5671e2d4a1aa8","retained","5af17e053dff2251f1567dae5ea25d190dd8dccaf646c8c6d7a5671e2d4a1aa8"
"9079E2E0-3C81-4AD2-803E-3E6220C6F8BD","33e5d2770f06be560b489eb90e5c831c7a4be16ec6dfca0f504c74b3db446c9c","retained","db3600ac0e20c85ec9cd14dcfb5f0a7de66160a64314578c5b6bea86da1ca052"
"9079E2E0-3C81-4AD2-803E-3E6220C6F8BD","33e5d2770f06be560b489eb90e5c831c7a4be16ec6dfca0f504c74b3db446c9c","unresolved","df81cf0b1ea9e231f00b14b4a06daa5b34c977f1ef1b7e7587390bdbf841cf36"
"FBC86C19-22F4-40EB-B6A7-6EAE425046AE","373c6a6e0801575ac842b442e48ca8a3e8a6b31f198f585c7a89893d95bfd65c","unresolved","fc90e17c6f3702a9205c6bea35f73b5191743a5a8b87b9ad55a30768b6c78669"
"FBC86C19-22F4-40EB-B6A7-6EAE425046AE","373c6a6e0801575ac842b442e48ca8a3e8a6b31f198f585c7a89893d95bfd65c","retained","1f261060e5a57ba4dd5b937aa0cc58d6736abef3b9c7bf25ec6eeb04156f4b6e"
"41A9F6B5-5344-482C-9D88-881BD969A185","f01bad60a6fcbc57298df0dd6e927a84c8f634033c8dc164aacc8c5a3d5b69ef","unresolved","1cab70ae4ddc932fa6b297197bc85e6b20ed86b278d0547daf47b02d5fa659db"
"29638AC9-F454-4F62-9FB8-92054EAF4960","ee2b6beb8e3c9e7a6a2fe94856785a16355a9cc197e06cc1b00a3a44e0d3cbec","retained","02ab8c9ae3eef97ed0502d7e9ab2c51c2e19d87f2bc751225f059abfedb1c1a8"
"29638AC9-F454-4F62-9FB8-92054EAF4960","5d16c9efe9210f303279c618808efd20c1dff1047bfab65da6592e16ce659af3","retained","812851883369dec2b185bf54161e4292481daf8dafde07f3625f81f6cb56c038"
"B529A0F5-59E3-44A9-8BB0-1ECF4BA5B8F5","ee5090a07b3598201e62cb9aae5cb3a4529be45ca8e24abceab04aa1e798dbb0","retained","a459afcfce1481f7688b0c0a222488156425a18c8a37956b9977c44d7b6c9ffc"
"85F4DCC7-8D8E-4172-9137-09B2C4368E71","6c7480463a4600c5149265cce705f00cc7d1ccf914282a57ea65bad73267d936","retained","6bfb4556c6e8b1a6ada99711a4f81192831df43e25e5985710039009b0232234"
"85F4DCC7-8D8E-4172-9137-09B2C4368E71","6c7480463a4600c5149265cce705f00cc7d1ccf914282a57ea65bad73267d936","unresolved","c2133ebacad86d255b318e9ff210998675896f6c68a95edccb036cbdca301870"
"85F4DCC7-8D8E-4172-9137-09B2C4368E71","6c7480463a4600c5149265cce705f00cc7d1ccf914282a57ea65bad73267d936","retained","81b99364a7b3002c68247a4fc5a490d561e7be5053e8ae27473f801e967b5733"
"D7E4CB2F-91DB-45E8-B4FE-B83864908078","9b1ffc09292337d37acde2ece3f7fc49888e0b202e85b478f7d62595b720bd5b","retained","075baa394dacb2e73ec1e11c81a0ad43215819279bb213e502301e0c24b143e8"
"C0475E60-B608-4B2C-B1A8-F29A0DACBDBA","2e469ee22c9f18916ef9b2c3aab35cac08f2785df7d5ea16ea600869ed95ad39","excluded","0a9842d9a8469f9e3388014ed9551d3ffa913e7ae7ab4e4d9e62a945f411b842"
"C0475E60-B608-4B2C-B1A8-F29A0DACBDBA","2e469ee22c9f18916ef9b2c3aab35cac08f2785df7d5ea16ea600869ed95ad39","retained","7cbc8c76360e1a3eeddf9602a0a60d3d2e8d7f4a0af75533ad8f380836ef801b"
"98711493-ADE1-4470-827B-B57446101024","487977f8b47ee6ed86f4f5ff709f0e3b49bde89bb24b0ff23775839d8ba8fb4f","excluded","eae80f39fe2b073a3b075e8f0c5bacf485895b57768910c450b2e6301429bf90"
"98711493-ADE1-4470-827B-B57446101024","487977f8b47ee6ed86f4f5ff709f0e3b49bde89bb24b0ff23775839d8ba8fb4f","unresolved","0b0412d4e098984c9ed9045cf910fe8a8f5bc8528f54811d1ef41344813dd564"
"98711493-ADE1-4470-827B-B57446101024","487977f8b47ee6ed86f4f5ff709f0e3b49bde89bb24b0ff23775839d8ba8fb4f","retained","e5838425210dfde47c2f2fe795e26d0ab9f24de07a6298be242056851f45e6c2"
"2C6925C8-D41E-4192-AE35-A19A2D333AF3","432c62b9c3d6a34ea0d879c42b889778adddaee5774b914d51a5aabb339c5c5b","excluded","71985d9f720ac75ae3904a2ab7e5cb2b666ed97b236f38ac177eebff8070651c"
"2C6925C8-D41E-4192-AE35-A19A2D333AF3","432c62b9c3d6a34ea0d879c42b889778adddaee5774b914d51a5aabb339c5c5b","retained","4b339e302fdc43b7347d534e579b090685c55624b0c37519601f9f79d5e1470b"
"2D0E5D2F-1D03-47D1-9142-DE8281A926A1","a3c2281cadfba5b63ed7dbeec501fc83d0a6f8aa48df9e86deda3d927919c72b","retained","5f167b43a66ee0b1e6a1b40335dd6d0e64c470408d060c0f91c4dc55eb67e922"
"2D0E5D2F-1D03-47D1-9142-DE8281A926A1","a3c2281cadfba5b63ed7dbeec501fc83d0a6f8aa48df9e86deda3d927919c72b","excluded","f449fb05bb1fa6253cc7bdc0a00e96aaf95d72b6119a6f2f41d6d29037489e10"
"E0A49EE7-133C-4FE5-A98C-E40250CDDBAA","38170e11cd279fdf4a77913edf9a4fcffb1c0bef698661b40198423e73ba3844","retained","9e6444b60963ec9c2c54093578f4e6fa45eb94f650430d2f18a0416637345ca9"
"E0A49EE7-133C-4FE5-A98C-E40250CDDBAA","38170e11cd279fdf4a77913edf9a4fcffb1c0bef698661b40198423e73ba3844","excluded","6ac890cc13bea36a871dd7fdec840613bbb45af36f9a21495aa68afa1038f887"
"E0A49EE7-133C-4FE5-A98C-E40250CDDBAA","12417681e608bfd2e9268c8c8ec48b282132d1bc7b94fd5e13e80b359d4b2bfb","excluded","06c0b76f10c237156b3210aade7f816c6a727c7153e2e4a5493ed98f1e00d483"
"E0A49EE7-133C-4FE5-A98C-E40250CDDBAA","e028e1e253c9d5146832a45aa22e7aa84eec8d33605665f43bbe547fd8533b15","excluded","9bb6b9e3eadf9b6647fdaf6d2d82afeba7845646cb812ee910e7895373c119f2"
"E0A49EE7-133C-4FE5-A98C-E40250CDDBAA","e028e1e253c9d5146832a45aa22e7aa84eec8d33605665f43bbe547fd8533b15","unresolved","affc0604cb80e65394b09474b7ee4415b818fa804b0814eb6e5ab1e89904ad4d"
"E0A49EE7-133C-4FE5-A98C-E40250CDDBAA","e028e1e253c9d5146832a45aa22e7aa84eec8d33605665f43bbe547fd8533b15","retained","8e71c34af64747c1d8aaf10720ff91c58f7c101a3ff90413db27a1a2b08555ce"
"E0A49EE7-133C-4FE5-A98C-E40250CDDBAA","e028e1e253c9d5146832a45aa22e7aa84eec8d33605665f43bbe547fd8533b15","unresolved","bbe4307a2c30001c505dfeff90c35417c03f8121302ee8415df8b103fd4066af"
"E0A49EE7-133C-4FE5-A98C-E40250CDDBAA","e028e1e253c9d5146832a45aa22e7aa84eec8d33605665f43bbe547fd8533b15","excluded","190d389f71282d5bcee85a0e02a92b6e3d3c78435929f3ade02636b7700e8684"
"69D50465-191C-4F31-870A-FD61D59ACEF3","372b9c5eb5410da04e666b03caab005081b106fdc6a864e1505ed82f77ced755","excluded","5405cfc34a08363c35b8491fadaa864c32d52942f8ce7f59e090fe3f9d905ae0"
"69D50465-191C-4F31-870A-FD61D59ACEF3","1dff127b770a2f584a2a05a50887376b707c3def0f381171b6f1111a3dafd2ff","excluded","11766e6bf43d0ec425df0d807ba16f2bc879938325dfeb8ed01509173b67ac70"
"69D50465-191C-4F31-870A-FD61D59ACEF3","69aa4fd11e2309f8be6ec105c5d544f28acf341fdd4932cb4091d2a84225c58a","excluded","d6a0751b8dbd219d6a065c922749495fe3e6e683fb1c383085090b1ff8f5183e"
"69D50465-191C-4F31-870A-FD61D59ACEF3","e41e650489b757170ab53f4f75d77d071ff17b073b5ab3a3bbac1eb3a4697ed1","excluded","187f9ac1163ba683689401609fa0dba12991744328baf726218fb011b3f0ed07"
"69D50465-191C-4F31-870A-FD61D59ACEF3","e41e650489b757170ab53f4f75d77d071ff17b073b5ab3a3bbac1eb3a4697ed1","unresolved","23e47e0b81c45acd0ac644b73602795b20749a29aafee097fdfe1aa1af82786e"
"69D50465-191C-4F31-870A-FD61D59ACEF3","e41e650489b757170ab53f4f75d77d071ff17b073b5ab3a3bbac1eb3a4697ed1","excluded","d01d6cb782755a950ca739f3c2805b4e0c974318d8e349b7f263294e606e5c89"
"69D50465-191C-4F31-870A-FD61D59ACEF3","e41e650489b757170ab53f4f75d77d071ff17b073b5ab3a3bbac1eb3a4697ed1","unresolved","bc852afde256158a05a6e71ac3a08acf8f0ecac9218ec72f3b8d0abb49976f93"
"69D50465-191C-4F31-870A-FD61D59ACEF3","e41e650489b757170ab53f4f75d77d071ff17b073b5ab3a3bbac1eb3a4697ed1","excluded","62773fa10086a190535359a324691c220aeb13f0a9414aac90a0fd86fee3c146"
"A898C7CE-A503-45A2-9848-44F8F166FB55","ba265bb7161a1b3b5b99994f7ffd03445e928b4031edf61c97d45fe7cc3b145d","excluded","3d7944b4f8b7b914fd94074144bdbac115c37277efe4b1619d5d208f965d96ff"
"A898C7CE-A503-45A2-9848-44F8F166FB55","cd7cfaef60ef9c458256ef2304ec968ea10a831aff0cef816c42fb94966b4446","excluded","d7869a4cfbe747de8e62290f2f8fe45f54cfeb4dc0fcc091a1f9303a69847569"
"A898C7CE-A503-45A2-9848-44F8F166FB55","cd7cfaef60ef9c458256ef2304ec968ea10a831aff0cef816c42fb94966b4446","retained","b877be4c161238e29b380ff35bc2e8652209eef7363e978641e97bdab334199d"
"12358D7B-93D6-491B-86C2-12DF3BEC0231","2e847c95314b596c601cb7cf7e44c251c2a3cdc701b7ff21554e5a4027d8f623","retained","b21189ab3c6d66b307eb358b46b1d42c7eb0adf9e73ad1a231e026820106af87"
"C6349DF6-0896-41F9-AF4E-92ADBD0F5B02","3487926ca93e499269c9310312de416e83b4cf707d4b24da4f37b918d75b3631","excluded","b63472dda370b91eda9f4738ef47f39531cd9f194773108b2e6120eca1de4a44"
"C6349DF6-0896-41F9-AF4E-92ADBD0F5B02","572679cb40b504c785c7e6a1e3fad3bfa25014e161b4732f226f4fc039371007","excluded","db0fa25a5c6b8defe90281f3925e77a3dd4e22fec9d70cd730c55319498e3a22"
"C6349DF6-0896-41F9-AF4E-92ADBD0F5B02","572679cb40b504c785c7e6a1e3fad3bfa25014e161b4732f226f4fc039371007","retained","bc5da31e689d352443a5412b69b07ae823a4e003d04a9a1b5543c495d499fb2c"
"C6349DF6-0896-41F9-AF4E-92ADBD0F5B02","572679cb40b504c785c7e6a1e3fad3bfa25014e161b4732f226f4fc039371007","excluded","696681afafb125bf51608ad2a4b5e7aef3037976747493c43aa8570d29280040"
"C6349DF6-0896-41F9-AF4E-92ADBD0F5B02","dc73918d04676ae4081be9951152c0392dec106ae836d270d7f6c00fe7bf537d","excluded","553e4e9205abe8ebfa2c08c1a204c656d50f29d3c80816a83a9e719537857dba"
"C6349DF6-0896-41F9-AF4E-92ADBD0F5B02","119f71f1af12c3667eeddeaf5c7b1d1521cf1f08a8e06b1f6b476c3c2aca6f74","excluded","fd8910cfa94dadd389dd795bb0919525817944df15bce48445adcb0404763f31"
"C6349DF6-0896-41F9-AF4E-92ADBD0F5B02","119f71f1af12c3667eeddeaf5c7b1d1521cf1f08a8e06b1f6b476c3c2aca6f74","retained","4b19f0b972d21ec1c86739eb4b4cf6d177a957c9a2e2533bf6b7f386642a340e"
"C6349DF6-0896-41F9-AF4E-92ADBD0F5B02","119f71f1af12c3667eeddeaf5c7b1d1521cf1f08a8e06b1f6b476c3c2aca6f74","excluded","10fd6e398622eccbc486f2e447632c7c073062ca96576967e10f9aa0dd38f56f"
"6D74913E-D24E-4D5C-A8E6-1B5FB7F58118","bac1235abc367c9aae79b21a1436553ee94852d9e03edcc8bcba87603f5d5525","retained","e34ad4557f110855eef12380de836825e9e7135830a8e0043e736a8d2190a04d"
"70BC6300-35B0-4679-96D6-55D4D743D159","6b7882d49f32d2e116e6ee6981b21ad6c45f54909b8d6e0fcd19ba05836cda5a","retained","e05f724b58ef9e76074e693deec2a53a147d66cb4e043af5247d54cd8be4bb3b"
"1D2C70F3-AD52-469A-BCFB-4C58B91A52CC","24e1698000a06f80d3a8f42e015880e437bc4065df513089a8df293932ed20a0","retained","607895d7b2039cc9020d4d0aa4e45efdbce8de4e3606328d815259216a7d113f"
"1D2C70F3-AD52-469A-BCFB-4C58B91A52CC","74001df1fc8e6d8ee246521c630182977478a738421bfd5dced63de5705cfa8c","retained","618d209a9a8489192d66f8f4ab56c824299e22aac320aa40168007fde6759f97"
"1D2C70F3-AD52-469A-BCFB-4C58B91A52CC","dd534c84e05688c2ff6796449f9491e96dc2db277e3781729e2b1412017847ed","retained","72e9ee0237d4e9617fb460b4acdda1c1697959e0ab9763adbb2a128f055190b6"
"1D2C70F3-AD52-469A-BCFB-4C58B91A52CC","afb2c2cb9b97502968c2e794320a2520b4726e2ae4b13b8c9a157c3b422d979f","retained","d1863fd35b644603cb5bf059711aa6ab1a09008f2cb966e5c3d4cac4431a2472"
"1D2C70F3-AD52-469A-BCFB-4C58B91A52CC","afb2c2cb9b97502968c2e794320a2520b4726e2ae4b13b8c9a157c3b422d979f","unresolved","93730c166e09d01aa898797790d9844a8b191c50d714fafe97caf7c0cc6670cc"
"1D2C70F3-AD52-469A-BCFB-4C58B91A52CC","afb2c2cb9b97502968c2e794320a2520b4726e2ae4b13b8c9a157c3b422d979f","retained","dffcde4d848f3fbc05ad84bfc41ee7b8730c75c130ad8a5a5b01d503b97f3865"
"7CD49889-0702-4B11-8662-6BA01B4C8829","91e24442cc3375acc61749c5257c6a15e8e6e4313f1884e3f0b7131e44be9e79","retained","a4ef9ddd051f2718cacc5edbf1ff58f05babc78d26205ce0d573cc3947246a78"
"6E13903E-2830-4E27-AFAE-1E0E8748AEFF","a7082aa90227717d7bea65519e03b2cc0cbc365fdb52b7251bb4e19cc1162ae5","retained","a4894ed5e8034623c4053cec39903c6cf5933a2ac7fd5c4e80571fe723b65251"
"6E13903E-2830-4E27-AFAE-1E0E8748AEFF","a7082aa90227717d7bea65519e03b2cc0cbc365fdb52b7251bb4e19cc1162ae5","unresolved","f8fef781cab02338ffe7100c56d70abbf64da843fc637583bbd82b636ded05c0"
"6E13903E-2830-4E27-AFAE-1E0E8748AEFF","a7082aa90227717d7bea65519e03b2cc0cbc365fdb52b7251bb4e19cc1162ae5","retained","ec312035f8099f9940148f5101acc36fe554c741770f4a6d56f59141f5272f01"
"9B2583AC-7DB2-4314-9254-AA795E96FDB7","438efefeadf9f3ec3b5a7a54488875994141e272b6b1dca6474712866f7405da","retained","c0891c89a356ae150c3955e0913c3d31d270cc55d05cf45ed1fcb604816c5876"
"42EB6641-DC6D-4002-B57A-7DA4CADD28EC","f89df29212d15fcdc0ff33b488c5dc8760243418b86edf17c454d60251129707","unresolved","d23e51537216607b0c0959ae8fa1f66dc4742486d5e708f277fb211bacca8bfc"
"42EB6641-DC6D-4002-B57A-7DA4CADD28EC","f89df29212d15fcdc0ff33b488c5dc8760243418b86edf17c454d60251129707","retained","bc6f400ab99ad604a31b6787e6d7c306d9967dd67210ccbddc4ac51d044eebea"
"A0603A93-734F-4DDB-93CC-5F3CE663AD38","e9da462b1c01324370c66ce2acc75b176de1db1cd93d91285101102c2b8dbfa1","unresolved","6814d13db0a7c01174b79ec4880660b32c1641fb1c12106a60bcb9f9c4741a53"
"90D8AC15-BF92-4A53-B9B0-A79C17B88C4A","8a551d87cefdfd47e4db22d9576693d1fa7a9ba19a34d9e06d9abc84ed2064c0","unresolved","a8d2fe6c2db6a80108a6000694bec7f09356b483291ba3a9a7805fcd9284b823"
"17A79D99-8C48-434B-B6A8-1790AE5ADBDF","46f56ce51dd0c5f178cf93d024577fed0a8b316aa82005ccb24387ff60955a79","unresolved","861e029d5f005a87dcb4a93f8f63fe578de1b09a4a92cd1baa10b8888a8afaa9"
"100EF583-8729-4515-BE00-42C7DAFBFD55","0843710f0c09d0e3cf1faf8d9f7d988d7d806b6989b5110d860dada628dc051f","retained","6c8cc5eac2f57c18552d99ed28fe409ba0aaff7a7514d4af74b610b9c4a6a45f"
"100EF583-8729-4515-BE00-42C7DAFBFD55","0843710f0c09d0e3cf1faf8d9f7d988d7d806b6989b5110d860dada628dc051f","unresolved","52a572fc2b2ba3db07f8feec168ccc0d5f66457b81566439a11cd5be0dffb0ca"
"99DB6AF5-3662-436F-A94C-215D35106CC2","d3e45467dd05af5c5961011853e80333c9413b5e4e7199d98b5289dabf5f15d7","retained","d3e45467dd05af5c5961011853e80333c9413b5e4e7199d98b5289dabf5f15d7"
"B1807355-06C3-4EC6-B7ED-0E02D5C5D16F","3eb60c308cf9cf828d837545e19a3786e24d4f6315917de74492eb4448b0533b","retained","cbad5ac8b445a08eb1b420a43726d2b96e5f7a3eb145dd3c3fdaf7d0895bb41c"
"B1807355-06C3-4EC6-B7ED-0E02D5C5D16F","8748e7511427ac9dad1fe899160ba27aa613ea5f53f61f173e3b49a6fdc52700","retained","c6146343b173f491820c87dd6488a0189b36fbe629a8b7909c57b8e3049b2dee"
"B1807355-06C3-4EC6-B7ED-0E02D5C5D16F","8c3faf6fc597fa119ec44d9c96b41fdcb4465eae41ea2dbd2b4975bced7e5f69","retained","5c74643af8aeff8a187b47199b94e3b6e6725e028492da875cfa59d0bb39b1b8"
"B1807355-06C3-4EC6-B7ED-0E02D5C5D16F","8c3faf6fc597fa119ec44d9c96b41fdcb4465eae41ea2dbd2b4975bced7e5f69","unresolved","30e84d0909046d6d0cb6a848547ab725f983e6d8eef1609a14d7d82c28a6f76f"
"B1807355-06C3-4EC6-B7ED-0E02D5C5D16F","8c3faf6fc597fa119ec44d9c96b41fdcb4465eae41ea2dbd2b4975bced7e5f69","retained","eacfcbbbddb55f4c80eb07028476cff95f0c93701ee6dbdd5e8ea95662061a24"
"AD0F8781-057C-425E-8A25-ADDB9A5E3F0E","ee9e4e044bd00e06c4b50bac176bab283aaf81ced8b63556135de4d913995c6f","retained","b6000559f39cf8a31bc721c85278c8e29c2be53cb5019a39419003eb6c9f7aec"
"9AD83BDF-DA9C-4A26-84F8-B5971FDD0EE4","849b00b153b66986947c7a263ccb14ff8c0cc2b63fc8456d7e89ca79a8b3e709","retained","abf2c30c71146402ebb237f1e6d5ee518cbd3c30c4edfdd747a536a884109cfd"
"FD56F986-E14C-4BAD-A925-784D49E92214","4f99d06adf1f23faa5dcca9334d70c2b2e3b553b1bc6de74041e8206edfc5abb","retained","3ac2295fb2de5753853ce706fbf74a83ddb1428f2dcbf5448620b1c1edcfd463"
"6E2C74D2-7E70-4C84-BCB9-C0E6B3BEC596","fca341b7fbd16bcfc42426be2e48d0e55838cc4d4eb5599f15f65f5685d5237a","retained","107e3df002007593360c4aec8f4f9c7e7811100575a64b60374b3786baeabc93"
"A137856F-2D93-47FD-9501-DF92A8BA939B","e82bc300a7f7a21f46344dfc9c87dce196b148ae192f321721ecee13d704458a","retained","447b33e64118987364f9882980718f8b881040c2f4784b843cf18512c1ef65ac"
"A8FF4ACA-2B58-4EFC-8781-889864D3E43A","8339fc98c02b15ed21cbffe15df36b9855b23e7ea60e3a5627bc9a06122ecede","retained","8dc989c45fda47cb104d513f2f865cbb3af2ede5fb17ad177d61f4b92e76703c"
"A8FF4ACA-2B58-4EFC-8781-889864D3E43A","8339fc98c02b15ed21cbffe15df36b9855b23e7ea60e3a5627bc9a06122ecede","unresolved","46702ede457d978d6c30aea05c910a43576a72a3eee3078fb2be39c32a22f17c"
"A8FF4ACA-2B58-4EFC-8781-889864D3E43A","8339fc98c02b15ed21cbffe15df36b9855b23e7ea60e3a5627bc9a06122ecede","retained","384f54e2ebf4ddf4fee54487f779627a2f725bf0241b7a48b5e3f8cbb8186e3c"
"E62F48DE-0CFE-4C24-A922-E919EA2D50EB","68994561065bdc240841e19b73bbd3404d0967d2ef259b2a429616efe870e20c","retained","9a66d3bc99d9a7ff52d1a9645498abf3167895b8a6a3210067cdb199b76e3461"
"A111C0E1-9139-4DF9-84DC-F96C0078D902","495d27f636f15e8f64cfed52b553f56252de5c113b85e5ef1ca9b08353611cd2","retained","783dc8e051386e8f2c335c6297a62981ad7ccbce6fa0ee20146b5110c0acf07c"
"00F2A316-D3AF-406C-9C30-9CE3B27162D6","49689bed42a5f1f5b4f9db540f9d2c27f8252ba31c260d8c9e952fcfd6610c91","retained","e79e23b31f2bdfeb44149044929229c10ad131b34b97b858f33d8709b52b1bd2"
"8957DE30-9AA8-48CE-A764-4D8DD4BAB766","fc17f728be04ca5a5507fe3828ddfbab3eafcca9b2a247a87c1139b67becc37e","retained","6964f50511f91a7de288d810a83c815d577ef7928a6e19311b51222bbed50fd5"
"8957DE30-9AA8-48CE-A764-4D8DD4BAB766","fc17f728be04ca5a5507fe3828ddfbab3eafcca9b2a247a87c1139b67becc37e","unresolved","d5329d990dedc5476dd2b7c4c35c88a1d52afb54ffe9fc9401311bd69e90f97b"
"8957DE30-9AA8-48CE-A764-4D8DD4BAB766","fc17f728be04ca5a5507fe3828ddfbab3eafcca9b2a247a87c1139b67becc37e","retained","e2ef2b0ceca909e27e863eb969ebbcf03bce5f08e7dd8a66d52bf8a58eb2d3b6"
"21B85A7A-33D9-460F-B3D9-8EFC57984270","988e2854473e4726a5dcc7f4d377d40cb96e1842b3c6973b179950bbf61fdff4","retained","b0de00b50698887575e3972335767bca34951d2abf250a8261025ea8514de585"
"0B753249-82F4-417D-A41A-DA6BBAE992A8","da393de7f0f1349b236cda0cfc3a7b880c1e03afe48c8d1d3b927d0bcbf14d05","retained","c3e3aeca04b6cb4aa1f2868c2cd529abafbb0926aab9242495a57a2e23cd3780"
"37BB990D-5376-4679-9F35-B2D33EA217CD","2d4bd1f01cbd3deae58398a983b9bd4ae339f2703bd677c7a4df6f7bdcdbccd7","retained","8b6ed8e47ed511a6c3aec8f357fc4de66ab81fd1c87a3e6a53626f0e7a106d33"
"AD8D9F81-F20C-4477-A9DF-7FA67B4E0B9C","5564268225d0128ba220f6cc7098137d7dcd17f6f9aea5bee53ff462f44fe7ab","retained","9817c545fa3db77ed6a8985838d7761e551024c8c5552ab23b51beacb2d1613c"
"9A29A8BA-61F1-4735-8F28-AE2126D20A91","e7d17f5a9f3b99cf1d563fa555e3bb652f7188fa4b05e188543e553fa4231030","retained","7fac5175f96dc09ff2136775aef88ef0c11902085ff962fc2843161a14543fd8"
"9A29A8BA-61F1-4735-8F28-AE2126D20A91","4df268eb930ddf906b0dbdbee35f48e7fc4461e840d423eef70df2d2b52202cf","retained","cf1e14ceb3c1419c8cf48028eb4946d70efd3f902de627a05501371a1de1e8ab"
"048CA86A-6107-4EE2-925A-57B22CD1FA7E","fc075e0eea772c3546f2c1503d81effd4b762768fbe2f5f6c8be9759d8ff0147","retained","d9603a508f292569633a1e4e2d8a9da44a25c75c434a2e499d841620f5d5b75c"
"6D93A3C9-2B5B-4A8A-B153-BA10FA7902E6","c1555179a4998d959194adaea2d690ad4fc4b2784d87d742a8ccbd5b535876c5","retained","80552b097975b1ad764b8193c311b3e3269a74fe3cfcff92b18f4eda87bf3c15"
"8BA49813-FED3-4E54-BA3D-605F00BD130C","34c3f026489cdaa5b5e412e5636398de28d53c3b02f77cce04d267166a464614","unresolved","f32dbd867d1f097ca21a1cb45dc04be2666d3a059b894c682617d91e60ff5e72"
"8BA49813-FED3-4E54-BA3D-605F00BD130C","34c3f026489cdaa5b5e412e5636398de28d53c3b02f77cce04d267166a464614","retained","eb146110b47e66c9634e18d3e80b5be99bf0fd42d128cb237a1b193f5f4f5101"
"66A79800-3A66-4D31-B9BB-7D63C01DBCBE","522468b26dcd7ecc24f11936bc14e6a1266b0ae0d6bba8dbebe58ab89fabe98b","retained","be4b16e0b56f2e689ca7306eaa63edcd3a2e819ca63bbfc50a1adfdb4e430c14"
"66A79800-3A66-4D31-B9BB-7D63C01DBCBE","522468b26dcd7ecc24f11936bc14e6a1266b0ae0d6bba8dbebe58ab89fabe98b","unresolved","dd4eb7f4fb918482e12f1abe634bb6ac478633f3d9796d254e4f1c692927cdba"
"A42B3698-6D8A-4249-A250-F23D490FC3CF","c16d96b64d1f282acd3929807623c2d2b3be67b5e01e9e0dd1c1ec44d322dfa1","retained","c16d96b64d1f282acd3929807623c2d2b3be67b5e01e9e0dd1c1ec44d322dfa1"
"6C304880-6387-476A-BCD1-366C444C201C","3957ecb0f554cb8b6e975413f6fbb5ea32f0a1adfeafdfed9aa8575d327e22dc","retained","1fc80846702e73a7a5ba5fc3771fbaabf24e7b4bb6a11782cede71eb2b4a9516"
"BECAF540-3E90-4FA4-A164-F5B2A62634B7","2e12088aa7f90a82706f1e58c9adcc86072391cbb8cdaaf24bbe5de60b0aa926","retained","ded91c62b7baafe1d659b142795098535f74c462a3a2b6f5ed1ee51d9b22ab20"
"FD538895-6B44-499F-AA30-E9CA8F5CCD86","d44cf7e569c2711770bb2ed3da7dcc0be95b50ce96909e6d05283a02136b907f","excluded","ff0ba4359c6ccaadfa41a7a5703d9f484e296c0443aec119ff76b456b629c00f"
"FD538895-6B44-499F-AA30-E9CA8F5CCD86","d44cf7e569c2711770bb2ed3da7dcc0be95b50ce96909e6d05283a02136b907f","retained","022619a2632a5a060987afca0f1b1f73190ea998e36c297184a6a9782a42be1d"
"71006879-95A6-4F21-A367-4552B104874F","1175fedf885a99a1e43d55e8eaba944c361269d1f1074b2470c99bc6c5943dd4","retained","355d06992e853d916844a423be3d12cd457b3b0a83f36885a4598b62e9121b7d"
"71006879-95A6-4F21-A367-4552B104874F","1175fedf885a99a1e43d55e8eaba944c361269d1f1074b2470c99bc6c5943dd4","excluded","9529e06472326a9beb18a500e129856c57ec1af0d692c6878911da92195fbf08"
"5ECC391D-83B4-4262-B83E-FA9DEF17C64A","265d14842e39e599199654a7bcf6840b09901599e22609141f67f8cdaf0e7a22","retained","71f4f71efd5ee0dfeeff7a5e847abda134bc5d26cadb83c330db1eeb748bd8e1"
"F260CBE3-A605-4DEB-A1B5-39ECA825FEA9","bb06aee16dd5f6459994fd6a81a3d18e85c90b1fe7e65146f250e46397634785","retained","bb06aee16dd5f6459994fd6a81a3d18e85c90b1fe7e65146f250e46397634785"
"E71FCC72-9C62-4E10-8D6A-17BE67583096","0fadecac8da092764394c943e4e4ccada3c73a97ed84ca351ab9b78ad31c14c8","excluded","7d79049ab4a79f69751cf7d479b564ea9f3464c67ef1232aa77f808acf02e224"
"E71FCC72-9C62-4E10-8D6A-17BE67583096","0fadecac8da092764394c943e4e4ccada3c73a97ed84ca351ab9b78ad31c14c8","unresolved","385db4d907b862e9da98bdfc50acc1bee16de6e351c23057abb0f15471d2b6c1"
"E71FCC72-9C62-4E10-8D6A-17BE67583096","0fadecac8da092764394c943e4e4ccada3c73a97ed84ca351ab9b78ad31c14c8","excluded","6b135788c97c8402177453d1d6f12aa76fc940893197a02cecb0f31714e0106f"
"41FD262B-8106-4466-85B1-D5DAAA711133","d3f0ba88e63dfb69f41e0cfb92b68ceea81612168dad53ccb2db7d199d06311a","excluded","b725a1fd4af9e1c9e5c7c043b4073ee72a844cfade3b7f2f8f395622616e8619"
"CFA1F140-19C6-4C2A-9756-63B7799F0377","0052e921093fc2bb36c883eb090063db2e51c8ab01913d881b5d787b07e27715","excluded","78f790df4a2553480046845c25289b6ea93d2bedbcfb9403568fc146d6b529e9"
"E848F7C7-7405-4879-9405-57359D8A16A7","39d6858cb06d07f0b0e8f7594fce00bdcee1f030e26f220ac1141250b30dccc4","retained","f189e5480563ca8922dea1b065bf9dd7470695c44a0dee38aab8c2d1e1602461"
"E848F7C7-7405-4879-9405-57359D8A16A7","39d6858cb06d07f0b0e8f7594fce00bdcee1f030e26f220ac1141250b30dccc4","unresolved","eeec89ad629baf94e839cd050eca0e42fa9da866e23ffc3e41547105667583b2"
"E848F7C7-7405-4879-9405-57359D8A16A7","39d6858cb06d07f0b0e8f7594fce00bdcee1f030e26f220ac1141250b30dccc4","retained","6a2e49df66b90c05fa51060648d78cd77e99e4bbc76f543081c35b3b60879e74"
"236A0B15-0CD1-493D-AEAB-6FD77C28B266","e88ebc3fa858bdc11b817a92905c54c185abb3b2ec47b1d0709b4e7644ca6a2d","retained","5044a026fcaacbb122c96522b00ffc690c69b3de86c3d392ad9c644d975e18ee"
"236A0B15-0CD1-493D-AEAB-6FD77C28B266","79d2a8710971e06549ce3270e297024d7479d5edcc60b7f8cc2d85054709c792","retained","6f152dbf98095901fe1940bb20831754e1101cb04d166003cd1c4a386e868860"
"9896B744-B478-4109-996D-D76641C73B0C","5207a68c65dc4e693afd33d01386504ac7bf69e73f4576ab5c6753a1c2ebc4f3","retained","6ce9fbd09cfc91b5fbca430c2485dfe5fe5be25b11c5b320e607e918bfc98bb8"
"073F285D-C901-4F24-91A4-FF1CCDDFDA27","ffcf2a871faa964b2e808eef772c6dba5ea3ae22d4047f9c46eb839cf9cb3a7a","retained","511a9c8668e7b3a60d150ef57000d8773221bbc4e05b76c72c63633055dfcf68"
"6AC32DB0-C25A-41DD-909B-315225B0F37C","3a344bf2ae2c96860b31b1cadfa03b9d8991c9d84e869c0af8dcca96e3d832c8","retained","26eed16451560491a074c3400b3220eb350e10ff842230c173719dd6cf7ffa12"
"6AC32DB0-C25A-41DD-909B-315225B0F37C","3a344bf2ae2c96860b31b1cadfa03b9d8991c9d84e869c0af8dcca96e3d832c8","unresolved","97efb9c96e8b11b6db794e5d354749611d08833f748175a1de0bf47733847504"
"6AC32DB0-C25A-41DD-909B-315225B0F37C","3a344bf2ae2c96860b31b1cadfa03b9d8991c9d84e869c0af8dcca96e3d832c8","retained","087cb7ad6a4f974b37ef776e63cb7cf386fda8d60976291ef9dc688892d6e7dc"
"C15420F5-7C38-49F1-9B34-DCF5643E5CB1","7c116a88133f5d73fba96c6cdb4f1a4901b88c665c428b5583185fe18f279135","retained","c96a557779ac98156d7837778ffa9fb8e1d4906d4eba15ae5cee44dce84d8577"
"C15420F5-7C38-49F1-9B34-DCF5643E5CB1","e022fa92fe27a84bd0b1156820dd11b1132e16c01687bba87e9dd86a438a6d46","retained","495de4d1bdc4988ae0528e853c050e30c58cc51a46a1b8fb54834e8362b3ec9e"
"EC5B42A4-69A6-478C-A8EF-BC7BB7261E86","dccc880f8e067e08e9e183e2b75cc1dd6411822257abaaa5acc8ac7cc736c706","retained","cc5c378cd90c356f5cd2db7a93bddf81c82470c37ad89003776beca3d0ec6a1a"
"85BB1400-48A4-4F2E-A194-D218297349B8","5e4d9bca9220e22c8ca2097f75b3847ad8ef8662a85ee04eeb496805ab6c84a0","retained","7d759e21a61ca59636ffa0de7284f0d15f1617ac99e22711f142474e79080809"
"80B353A8-DA17-485F-BA01-C61377A89484","4c209874f2717e18dccf3563de09dd0fdbf92f6aee7f16dceef35fb668c0caa0","retained","0aaef0be645d4bb416bbe52b049e23a65a26e864fa15d8f58ede8d146c50f9a9"
"6145FBD8-1283-46C3-88CF-228041263DBD","0803ca950687bbf12b0d8001467ce3938c5804b39d4040a0a9ae055e106651e6","retained","9e091ae536d985a226015d9851247215ee3e59936bf9f13fda38ecdf3adbd725"
"6145FBD8-1283-46C3-88CF-228041263DBD","e77678bc339f6aa9042d17240b57a25f3ee09fb9c3f78c28055002127704cb59","retained","8b08f53d3860cabab76b822af05188497ae3cf45d73eaabf5e4efd840bd8e68a"
"0E6B35FD-2909-4C18-B29F-94EA44CF9175","816dc9dbbe5fb4772f4703081dc2c64098d7d005410c5819872fc859ab607de6","retained","c42b9edc48e8f6857da434a51da99113f639ccf0a20448eaa185aabe561fbc57"
"0E6B35FD-2909-4C18-B29F-94EA44CF9175","0ddcee716c8ebc5bfe379e2392c0dda4e1e1dcfc2eede6246f1c1930c9f3b18c","retained","0ddcee716c8ebc5bfe379e2392c0dda4e1e1dcfc2eede6246f1c1930c9f3b18c"
"33DF8256-2FEE-4F4C-A0E6-C02A4B025775","e2efbef864aad2caa36006d691b8a3f8e59884320d53ce6b5fdabc2c72d7b6e1","retained","d5490620ce18933907b0b27f6e02a7a013e7d9cf8fc2902245567beeeb81ba6e"
"5F1F7042-B59C-43C1-A6CA-B21114AEC8DE","8a11ab6053e257407bd553537b2a6ef853b621cda1683ba4a1f40f1ba184ee21","retained","ee9b1b97a9d954bfae8826e08130121821c43d71e7bccd1b1435521329b85bcd"
"D6D4B5B8-DB98-47C0-AD17-5B0764B93AF7","e429aa79ec47d0f02f76ec935940cc78d9d49cd7e7784381fe6d5c1a0b5b270e","retained","085f00e42dfe838f9d809c7859d131422c942446bbbb92784cc5d116e5a1f304"
"6C23AEB9-CFF5-4A99-8116-B1B299DC08FD","aa5b8e3453419e8e957947f8dabf5c66383f90e1a007f84a28c9d8e05879d7b8","retained","443b639b97c4208559501cf7d42d9a82c95b772005ebe49757b334879d01c8fe"
"931DFEA8-26DC-4B8B-BDDB-A1D00EDE3684","651f41e430b3af1cded68c820f89bd6f8e73a4d2862c8664003fb3de56a4290b","retained","4c0e19ee6939e4c53978cbdb64192922b160eff08a918e6396f8f6dfdde3af0a"
"1CBEC5BD-777A-4CA2-8865-765C92263553","5246819f96578dfc6600424533e8b56e082fc917cf964b23c8764aa4aaaa46e9","retained","5246819f96578dfc6600424533e8b56e082fc917cf964b23c8764aa4aaaa46e9"
"97293276-A1CF-436B-A1DD-65D94D910445","0a46141f22945b9ac19a8a4db5d83c71235767d1174aba2f8a71735c399bf7f4","retained","0fa00a40c49c317350e9b4356115d11778963a33cbe22e3f66b99451cce4008d"
"14CD069B-FDBD-46CB-8D4E-8383B889DB21","505cd562b8a968ae76a4806b3f62d1f4a42e64b5ecf1e8224fd331bc0777e2c2","retained","505cd562b8a968ae76a4806b3f62d1f4a42e64b5ecf1e8224fd331bc0777e2c2"
"89AD7EAD-3857-4BEF-BC8F-ECE2C108F135","19b1ac00ac697b8a081b71e65130d1ce24bc8405c2e5de416d2da4431f16c537","unresolved","e90dc2f8b09112f55d7e9585474af81ddb3250de6b1b2c65c6a9fd1dd8dca8fc"
"89AD7EAD-3857-4BEF-BC8F-ECE2C108F135","19b1ac00ac697b8a081b71e65130d1ce24bc8405c2e5de416d2da4431f16c537","retained","0cae9a34a0ae0df78ddfc9b82f13cd47de95c7da678e482fd287eddb4120a535"
"89AD7EAD-3857-4BEF-BC8F-ECE2C108F135","19b1ac00ac697b8a081b71e65130d1ce24bc8405c2e5de416d2da4431f16c537","unresolved","a523e7e0a72716938eae4d3ccce93828c80b1bd2e6c079deacf645e04733838e"
"89AD7EAD-3857-4BEF-BC8F-ECE2C108F135","19b1ac00ac697b8a081b71e65130d1ce24bc8405c2e5de416d2da4431f16c537","retained","021ed2557d882156c793239c9adf718acd21cffb27bb6f594fa137cb56fa6371"
"89AD7EAD-3857-4BEF-BC8F-ECE2C108F135","09751c4d418c7b87537da9b475438b4e3da739e7df92614f1bb15f90083a2be8","retained","6c9472fe3b566effb340be4f8067c5d81582391bf15a58fab5549fe96128e1dc"
"89AD7EAD-3857-4BEF-BC8F-ECE2C108F135","09751c4d418c7b87537da9b475438b4e3da739e7df92614f1bb15f90083a2be8","unresolved","6249a3097f7947522c6fb24f7d8393d9508f94a550f1482e133477bc8e7e17a6"
"89AD7EAD-3857-4BEF-BC8F-ECE2C108F135","09751c4d418c7b87537da9b475438b4e3da739e7df92614f1bb15f90083a2be8","retained","d1800294012a4329005fe51ff87869bb3b255707a011a1cd007402e2863d975b"
"99BBF4AC-D088-4FA3-B821-C6E87539CFFA","222b6b494d4ef6b5866bfe0aeea419a12768c9e680b79e382683ec354c5d3427","retained","daa2eb2b17d5dc622ab9548a50d5bcd3ba30398e0eb14b2475fb51ab99b409e8"
"99BBF4AC-D088-4FA3-B821-C6E87539CFFA","ddc598971ea5470c5f01f77d7c9221635c4436ef9c63b2b2f1ad99f6a2f2723f","retained","41ee62167ffbe3884593c8a26bd0fedc31c12c94785e91a80eebf54268f42418"
"99BBF4AC-D088-4FA3-B821-C6E87539CFFA","ddc598971ea5470c5f01f77d7c9221635c4436ef9c63b2b2f1ad99f6a2f2723f","unresolved","c3acd01f5ea67d69096ce629378024f69d574630bfe41ed86590280a6114254c"
"27175BF8-F610-42A4-80C2-176D6874F051","6578651bb10bae9074439d9455e3a66a29a04ebfe67c766a5fde18008dc94347","unresolved","445d33b2b60b30b72537b3df68bf0b5a613db53c55a68e2b7e89b2dafabb8cc9"
"3D7775E3-1EDA-4464-A60D-BCB35CC94DEB","98415e80d052ff4ee0817cced67ace6e0727b8b41e80df2ed999635fc9985b0b","excluded","b3c0a796a2882185c75451dfbbbbd5ba547c430f1c356bfc17af58166473b261"
"3D7775E3-1EDA-4464-A60D-BCB35CC94DEB","98415e80d052ff4ee0817cced67ace6e0727b8b41e80df2ed999635fc9985b0b","retained","9701b1a0c175a1fb08a4fe7a6411f4650947fec7c9085870b9797fad32b540ee"
"879D3460-F1FA-44E6-8B69-A81A4C8F75CF","84000de7097a9f6ce3c6f5d4c627281c26150c9bb1bf5539609aefba138bb619","retained","5e6b8a1e76f6ab1d9b48c77493f1be3f4e1959b7fb4556312c9d6c3e65acc206"
"879D3460-F1FA-44E6-8B69-A81A4C8F75CF","84000de7097a9f6ce3c6f5d4c627281c26150c9bb1bf5539609aefba138bb619","excluded","a74dbf46226794af46840f93207caaf1bac3500b26bd1d0051c7d34b917748d6"
"B1E182A6-3C36-43A6-88BF-CC71C74864B6","eafc54e68f6caafe800fda85a8bda3e9ba20dd2605672d8a6041e4767961d525","retained","ef90c8db1b01f9fe3269a65e829da20f40c5ff4556bee0cf500ba5a1ba97fae2"
"B1E182A6-3C36-43A6-88BF-CC71C74864B6","5b3c08f6877f8da3572301541f6c060f321f29e00eae74cd76e01f9771cf71d6","retained","fe09646a67063dc2b0a812acb0687a208e3025afaceccbd9148aebe79c111b3c"
"B1E182A6-3C36-43A6-88BF-CC71C74864B6","5b3c08f6877f8da3572301541f6c060f321f29e00eae74cd76e01f9771cf71d6","excluded","99395e24902634f64d74ad0a4028c32f4d9d90b981a52b5d7349884eb4d1cf95"
"B1E182A6-3C36-43A6-88BF-CC71C74864B6","5b3c08f6877f8da3572301541f6c060f321f29e00eae74cd76e01f9771cf71d6","retained","dcaba1740994e20e37f536a04c2824ad3665d6f40739a35654feb844c0cf266c"
"B1E182A6-3C36-43A6-88BF-CC71C74864B6","5b3c08f6877f8da3572301541f6c060f321f29e00eae74cd76e01f9771cf71d6","excluded","e63f1e588a24d5820950df785e4a058e289bfab0173a01e24e024ae0d7dfb5d4"
"B1E182A6-3C36-43A6-88BF-CC71C74864B6","68bb8f29d9d4a98dcedf49f6b4c55c5ba649f3af0736e17d25b73ba60623ec5d","excluded","83320132f8994e42936484fa0ceb0a4f76634718d88994b77bc28ae8f6643c2a"
"F25BDD84-FEA5-4EE3-A9E4-81965E0019FA","31dc76b0d3120d1d0a217e7b9d863e066ef8c34f238990353c315f1c7a26bcfb","excluded","545a780001bfb924979c3eb8c550a74142d329207a84d9c5bab41b3840bfdec4"
"F25BDD84-FEA5-4EE3-A9E4-81965E0019FA","31dc76b0d3120d1d0a217e7b9d863e066ef8c34f238990353c315f1c7a26bcfb","retained","0429f74cd8f4d94b85c0c449edc3f77d32e977993c938fc9d413df75777c8a99"
"FE4EFF23-5BA5-4485-B900-FAF3A02B04DB","afcbb394d5b0c9300f62c44e3170a93d97d86ba94d6a6c7fbc9ed332d6c21bfa","retained","a308d587bf4bcfd714ca29fd1712bfbd089f80ba509f01051ecc27df2b0f4804"
"FE4EFF23-5BA5-4485-B900-FAF3A02B04DB","afcbb394d5b0c9300f62c44e3170a93d97d86ba94d6a6c7fbc9ed332d6c21bfa","excluded","4b9a16f5889f7f9c656ebd1c1e9d97c7df525c81619f2f4fe80c07b9b42e0d57"
"88C649AF-2AC0-496A-8B56-E21143BDD767","38d367cd8cf3b7f3eb9e1731fa3b348e0775e90d218b00d925fa32868d6671a9","excluded","18429b6d7f782c8d8722db333843a8d9495c9d67fd18b8d4f827736651bfbba8"
"88C649AF-2AC0-496A-8B56-E21143BDD767","38d367cd8cf3b7f3eb9e1731fa3b348e0775e90d218b00d925fa32868d6671a9","retained","9ed3fc0269a28a9606b0e5ee8e211a1b708e9db9d4ae12cb3777ebfa7501ea37"
"3D7775E3-1EDA-4464-A60D-BCB35CC94DEB","957f77eaf825ac1fc0a2d6920bbdcd04ba09b06eb95f41baa8bd8056d14f4ec4","retained","6b205169e10e3cda57f468fbbde364e7bc8a6cad2d1769038ab3f0e737e2d103"
"96DE6FFF-E7A0-4F16-BC5E-FE41378DE410","f32f27929f046caaff6a2e294ca522efa5239190dbc6748fedd8604fbad51060","retained","3c51b1d3b07ed4c75b9ea96a42ce6b8fb436811701d7538b7ee9dbcb5a1b8707"
"96DE6FFF-E7A0-4F16-BC5E-FE41378DE410","f32f27929f046caaff6a2e294ca522efa5239190dbc6748fedd8604fbad51060","unresolved","9725708f0ee35124aab7a8a0d42bbd6208d1d3729667b7adab890379e0650bea"
"96DE6FFF-E7A0-4F16-BC5E-FE41378DE410","f32f27929f046caaff6a2e294ca522efa5239190dbc6748fedd8604fbad51060","retained","56d8526cfb5fd649dd04491f2707a6c5a0a32f00d687c8d6a6d65694c3f5a2a2"
"D09477F4-325A-4C5D-BFD6-B6F9EE15215F","bbecbdabfc2fe2464e65dcbcfc48239cefa8a4e700ebeb4a57f4d2badd3075a7","retained","3423a6d0252f0b1cc9fe98f7e114994a4e88e7edd2e2b30f96871f95dc9fc6f9"
"765FE6E9-D6B7-415A-8326-0DCF5AC96ECF","6be5ff043895d8b0eb7cfedef1841758df7fbfb5db1193f66c65e025bcb29fe8","retained","a2030d59c6764d1350624345e2f44a6eea3f30417eb6c1b80d601604a551935a"
"9538C1FE-77CE-4C07-B11C-A7EE7D1E73C9","54b679ac8acff80b6d3c02653bc12190eaad025d719428f187b0a82e266dd9b7","retained","4ded18ddd767ebef2f4ecb0bc2a15a022eff88bb647ca317c4de5e229667f1ce"
"0985F298-0D72-4F56-8B47-9B01412397F7","1e773e1e3510b1700056ff55e5c2d9b662c0d2ba2870ba0825b797e32f4a0e31","retained","f58cfb99b32812e17a2a6000197bec6deadabc42711d0efe51396d554d58c6ba"
"280015BA-3962-41F7-BC28-EAE1F6AEAC56","0ed4f5a2346110a8c49bedf04a41b6e1ee2e04074844815e6f59ffcb046bda75","retained","57c785d3fac3ae9876604bbdd0e34bb68d1c335919cc478172546c8e7fb05270"
"783CDD0C-3247-4B49-A9AF-FA4F9CA49178","574da1cc9ce09f414d1a7ed5a2da245bfb1e4ebbd7b3ef35126cb592082029ab","retained","274cf90a1270b10f73dc2314727ea71d6d576284aa9d207b7b5ad2dc97f29779"
"C626698E-B233-4983-9234-C2EB6EC4B42E","b6f793eadb0a9fe5589d7ed86dedde18247af90af2392e481819911999fc259f","retained","32434fbfec99c0bdeceaabfb6c2bb91b060cb5b1bd8b6d1df6e6652d75636cb7"
"0DEE1D74-6305-4E25-B072-D0F9BDBA217B","68e4bf3287cfd0cdf8e7ed4318d52029c4929ffecbf5cca3c990b4f4ae91c3ef","retained","75e8d49517dc2a577b91230b71cef3bf9498d11ca3e2918b9db82f4f20de47db"
"AF980A40-DC6E-494D-AD67-97A333489073","1de580a144da8603d8e0c966a45123d5cbd49affa80caa500b8cbd4f06fddf93","excluded","d1761015cbcda6310942d0f388519bc8df6f444968ec50bfb1587ef7b2ea9b9c"
"AF980A40-DC6E-494D-AD67-97A333489073","1de580a144da8603d8e0c966a45123d5cbd49affa80caa500b8cbd4f06fddf93","retained","bb29e92b258eab2f2ecb74330b4ba84850d4be7f9f48a344acd94e9d0f391851"
"48E05086-8A17-4CBF-BCA9-1F0323455E88","8f1e961e0016a68cf917b4c8f253bd6b482e97e51cb779aff71142e49a11fe5a","excluded","fa36e052135f9d4aef7fd04cf65b18dabd0bbb05f16e9bdad293bf1eae603a00"
"48E05086-8A17-4CBF-BCA9-1F0323455E88","8f1e961e0016a68cf917b4c8f253bd6b482e97e51cb779aff71142e49a11fe5a","retained","505384b8eb609459497d2ee49329f2af70adadc22f5c86b59afe1f8fc4bf1662"
"366BFAB5-7E64-4BBC-B190-109F3B8C41D6","6bf79c522168fca896f6148b0cc3c22d0abec3b9a13e6fa78efcbac9043773ec","excluded","e57252f8653adc6cca35e1a87139a1ff05a6e779ebdc407ea4a2b3567e17f24d"
"866E2680-DD3E-4F60-BEA0-84325F36E602","61a6dfd0bc5bdb88234b506921853b83fc604e80b9d4730d2ccc6bb35f5acd6d","retained","9e9b6191b609e27d160a3cd7bf50cc8f4a01717cb64d5a494d8e634c63be0ba3"
"F7E8AB05-8C30-4CEB-B264-DCC63D2365F4","7f9200306443039c89f43ed43674a14d5fbd8b7a48dea7a0e3871b9eacfd7723","retained","479febdf976f7ad461d739255ed31f815a177c087cf71926516054d990438c0d"
"2FFA6F41-29B0-47AF-B4C1-93C5F4DB9EB8","02c164c1c402a2d419ad69c42fba6fe8849c4dfd7ff8ffbfd093dedeb415d5c9","retained","6aa1c57cb7108d8a5cd509d19479042b86733a4153bec382c8c48222ea7c639f"
"68891B9A-1155-429E-8110-2B45E93A5645","336ac0f5dd4149747bac21131b2958e55609e655e865fbe9b8a2c322a12eb71f","retained","45ae4a8dd1004c7cb6f747c670efcac2597625668847d54ade407bdd70921e2f"
"68891B9A-1155-429E-8110-2B45E93A5645","eacecd722ab0f8069348dc3cd177bb75f67156993d64d43336672a6cc702430f","retained","7bbd89a5557be4d5260f8e4ed6b7cd0637c6aa12e5e4fd9595263827de28fc4f"
"68891B9A-1155-429E-8110-2B45E93A5645","99c916ae2c3dbb9d0963d386b9622429fd3431bc871e294de98614a027c07dfd","retained","05cfd51749504564c080b65d287eb97e6d2c9a82545a7087db7e0ba747e3815e"
"68891B9A-1155-429E-8110-2B45E93A5645","99c916ae2c3dbb9d0963d386b9622429fd3431bc871e294de98614a027c07dfd","unresolved","761d9afd7aa7868106039f98eef0622a1d2edc2e975d2819acace5a5eaf04523"
"E8205959-5EF3-47A4-AAAC-0B172B66BB30","1a19d81ac031aac26cfd4ec322aaecdeb97c83a19b3309af5bbba334c1c678a5","excluded","504437a6ce27ac6aa87d3972179d12e2a84a1eb41e50e52d99421b3444c04ee6"
"E8205959-5EF3-47A4-AAAC-0B172B66BB30","1a19d81ac031aac26cfd4ec322aaecdeb97c83a19b3309af5bbba334c1c678a5","retained","8cac7cabc77f2d5334fa117ad1fb5dfb6905fd290cbc8dcf6e66c14d8f89a44d"
"A18C20FC-D58C-43B2-A40E-9B7F7B2DF92C","71da5a8c6767c5bc7cce354eff0f95da123b3a58d4ac34433bbc8bf9b82b6f16","retained","a3a721c8b144dcba28fffac1a98316197df52ebb1e939f330c216cf2b054b507"
"A18C20FC-D58C-43B2-A40E-9B7F7B2DF92C","71da5a8c6767c5bc7cce354eff0f95da123b3a58d4ac34433bbc8bf9b82b6f16","excluded","7cb2128d5425991a345d66e58368ea4b57b8856e9927d167f8a969eefdb0cc62"
"69FE10D9-6383-4D37-9469-A5228E94F6A4","21ddaf5775d9d9d0aa434a2e3e194cf93d32a75cbdabd2f921ee31e8db48322a","unresolved","8ddfa0037347c2f601b0a3c2a3fafe283c730d58bfd98e68438ca64bbafdc547"
"69FE10D9-6383-4D37-9469-A5228E94F6A4","21ddaf5775d9d9d0aa434a2e3e194cf93d32a75cbdabd2f921ee31e8db48322a","retained","24e956278fed2d8e0a2ebba87d98685cf7a08c44f68f2e72caf42fcad4a19220"
"F1621C9F-2C1E-4856-B793-BB49D7FBF664","fb4709fccf384992096e5a981139ab8140d219b5a60352e0f9c56952eebf7054","retained","4e86a0ac79a8e78eb2d7c7ee068db2d81f343627a0e69eac4727a0448bc5da79"
"F1621C9F-2C1E-4856-B793-BB49D7FBF664","fb4709fccf384992096e5a981139ab8140d219b5a60352e0f9c56952eebf7054","unresolved","1da99cf35403e936988d79905041ae1dfd6c133dd668e3d15925c002892749e8"
"F1621C9F-2C1E-4856-B793-BB49D7FBF664","fb4709fccf384992096e5a981139ab8140d219b5a60352e0f9c56952eebf7054","retained","632e2b22d66b45b8d05f73bcfce3bbb539fcb850369e9b3bc56c214d30e822ec"
"F1621C9F-2C1E-4856-B793-BB49D7FBF664","81b0642cc2768a371fafc73a706141aae9f5fa81f56d9c355f8ca710189e252e","retained","384be056e2346756f844eb78d8862bced1750ebf52debc023b4f06fffc14f8ea"
"F1621C9F-2C1E-4856-B793-BB49D7FBF664","81b0642cc2768a371fafc73a706141aae9f5fa81f56d9c355f8ca710189e252e","unresolved","38fb698ea78372d03ab15944cfcab5e67c8acc53ad4dea5aaa3aecdd51b7c48d"
"D212ABA0-2B2E-49B1-9F44-6A2A22F5DF04","3905b69a40345c88d726e39fe314e5c302d8e37e592afe24332380624366cdfd","unresolved","54caf48eba90b12daf318204e5b1c3a021a4c1b005b77c5caa8bafaea9373ea8"
